accommodation_id,landlord_id,agency_id,address_id,subsidy_possible,square_meters,rent_price,accommodation_type,furnished,deposit,source_id
1001,,,1001,no,14,500,room,Unfurnished,500,room-1686123
1002,,,1002,no,30,950,studio,Furnished,895,studio-1691193
1003,,,1003,no,11,1000,room,Furnished,1000,room-1690545
1004,,,1004,no,22,475,room,Unfurnished,500,room-1691356
1005,,,1005,no,14,340,room,Unfurnished,340,room-1690812
1006,,,1006,no,17,857,room,Furnished,857,room-1691133
1007,,,1007,no,16,425,room,Unfurnished,425,room-1691166
1008,,,1008,no,25,600,room,Furnished,1200,room-1690109
1009,,,1009,no,60,1590,apartment,Furnished,1590,apartment-1688819
1010,,,1010,no,14,275,room,Uncarpeted,275,room-1685968
1011,,,1011,no,22,500,room,Unfurnished,1000,room-1686989
1012,,,1011,no,20,485,room,Unfurnished,970,room-1686990
1013,,,1012,no,25,550,room,Unfurnished,1100,room-1690001
1014,,,1013,no,19,750,room,Unfurnished,1500,room-1684933
1015,,,1014,no,16,500,room,Unfurnished,,room-1676019
1016,,,1015,yes,17,660,studio,Furnished,1000,studio-1682992
1017,,,1016,no,16,265,room,Unfurnished,,room-1673761
1018,,,1017,no,12,800,room,Furnished,800,room-1677991
1019,,,1018,yes,24,580,studio,Furnished,1000,studio-1672878
1020,,,1019,no,20,290,room,Unfurnished,0,room-1672741
1021,,,1020,no,16,285,room,Uncarpeted,,room-1671989
1022,,,1021,no,30,610,room,Furnished,1220,room-1691869
1023,,,1022,no,16,650,room,Unfurnished,650,room-1691857
1024,,,1023,no,35,475,room,Furnished,,room-1691861
1025,,,1024,no,20,900,room,Furnished,,room-1691850
1026,,,1025,no,115,3200,apartment,Unfurnished,3500,apartment-1691846
1027,,,1026,no,24,670,room,Furnished,670,room-1691834
1028,,,1027,no,18,700,room,Furnished,300,room-1691824
1029,,,1028,no,14,275,room,Uncarpeted,275,room-1691801
1030,,,1029,no,15,275,room,Furnished,125,room-1691798
1031,,,1030,no,15,550,room,Furnished,550,room-1691794
1032,,,1031,no,14,490,room,Uncarpeted,490,room-1691783
1033,,,1032,no,70,1000,apartment,Furnished,,apartment-1686481
1034,,,1033,no,15,750,room,Furnished,750,room-1691772
1035,,,1034,no,15,330,room,Unfurnished,,room-1691763
1036,,,1035,yes,10,500,room,Furnished,350,room-1691762
1037,,,1036,no,29,530,room,Furnished,530,room-1691760
1038,,,1037,no,29,500,studio,Furnished,,studio-1691750
1039,,,1037,no,23,600,studio,Furnished,600,studio-1691747
1040,,,1038,no,15,425,room,Furnished,425,room-1691743
1041,,,1039,no,22,443,room,Furnished,,room-1691729
1042,,,1040,no,51,975,apartment,Unfurnished,1950,apartment-1691727
1043,,,1041,no,10,479,room,Unfurnished,479,room-1691720
1044,,,1042,no,45,995,apartment,Furnished,600,apartment-1691712
1045,,,1043,no,14,800,room,Furnished,,room-1691716
1046,,,1044,no,16,850,room,Furnished,,room-1691710
1047,,,1045,no,13,500,room,Furnished,,room-1691706
1048,,,1046,no,65,895,apartment,Furnished,1000,apartment-1691700
1049,,,1045,no,14,500,room,Furnished,,room-1691699
1050,,,1047,no,15,350,room,Unfurnished,350,room-1691696
1051,,,1048,no,60,1550,apartment,Furnished,2500,apartment-1691691
1052,,,1049,no,10,500,room,Furnished,500,room-1691693
1053,,,1050,no,32,330,room,Furnished,50,room-1691648
1054,,,1051,no,75,1375,apartment,Furnished,,apartment-1686634
1055,,,1052,no,40,1400,apartment,Furnished,1500,apartment-1691678
1056,,,1053,no,25,550,room,Unfurnished,500,room-1691668
1057,,,1054,no,30,650,room,Unfurnished,650,room-1691672
1058,,,1055,no,28,1085,studio,Furnished,1000,studio-1691666
1059,,,1056,no,50,1170,apartment,Furnished,,apartment-1691637
1060,,,1057,no,11,480,room,Furnished,0,room-1687786
1061,,,1058,no,12,325,room,Unfurnished,325,room-1691623
1062,,,1059,no,14,445,room,Furnished,435,room-1684931
1063,,,1060,no,16,230,room,Uncarpeted,300,room-1691617
1064,,,1061,no,66,1675,apartment,Furnished,,apartment-1691603
1065,,,1062,no,16,365,room,Uncarpeted,,room-1691602
1066,,,1063,no,47,625,apartment,Uncarpeted,,apartment-1691601
1067,,,1064,no,49,780,apartment,Uncarpeted,,apartment-1691600
1068,,,1065,no,18,360,room,Uncarpeted,,room-1691599
1069,,,1066,no,56,970,apartment,Uncarpeted,,apartment-1691598
1070,,,1067,no,18,800,room,Furnished,800,room-1691596
1071,,,1068,no,10,780,room,Furnished,1560,room-1691591
1072,,,1069,no,12,330,room,Furnished,250,room-1691580
1073,,,1070,no,15,325,room,Unfurnished,325,room-1691579
1074,,,1071,no,16,460,room,Unfurnished,,room-1691576
1075,,,1072,no,18,355,room,Uncarpeted,,room-1685795
1076,,,1073,no,53,1350,apartment,Furnished,,apartment-1690293
1077,,,1074,no,40,425,apartment,Unfurnished,850,apartment-1691493
1078,,,1075,no,11,425,room,Unfurnished,425,room-1691361
1079,,,1076,no,86,2000,apartment,Furnished,3000,apartment-1691460
1080,,,1077,no,41,909,studio,Unfurnished,984,studio-1691371
1081,,,1078,no,20,890,room,Furnished,890,room-1691562
1082,,,1079,no,12,300,room,Furnished,,room-1691379
1083,,,1080,no,15,475,room,Furnished,475,room-1691385
1084,,,1081,no,10,425,room,Unfurnished,425,room-1691411
1085,,,1082,no,14,1050,room,Furnished,2200,room-1691412
1086,,,1083,no,8,225,apartment,Unfurnished,,apartment-1691391
1087,,,1084,no,40,800,apartment,Unfurnished,,apartment-1691395
1088,,,1085,no,85,1250,apartment,Furnished,,apartment-1691399
1089,,,1086,no,67,950,apartment,Unfurnished,,apartment-1691400
1090,,,1087,no,12,865,room,Furnished,,room-1691512
1091,,,1088,no,10,650,room,Uncarpeted,,room-1691466
1092,,,1089,no,20,750,room,Furnished,,room-1691394
1093,,,1090,no,9,650,room,Uncarpeted,,room-1691366
1094,,,1091,no,35,1550,studio,Furnished,1550,studio-1691507
1095,,,1092,no,120,1850,apartment,Furnished,,apartment-1691508
1096,,,1093,no,45,800,room,Furnished,,room-1691547
1097,,,1094,no,40,1285,apartment,Furnished,1285,apartment-1691550
1098,,,1095,no,14,400,room,Unfurnished,,room-1691520
1099,,,1095,no,20,450,room,Unfurnished,,room-1691521
1100,,,1096,no,18,475,room,Unfurnished,550,room-1691532
1101,,,1097,no,15,220,room,Uncarpeted,220,room-1691534
1102,,,1098,no,23,450,room,Furnished,100,room-1691470
1103,,,1099,no,16,550,room,Furnished,550,room-1691519
1104,,,1100,no,15,400,room,Uncarpeted,400,room-1691527
1105,,,1101,yes,27,399,studio,Furnished,,studio-1691540
1106,,,1102,no,15,450,room,Furnished,800,room-1691552
1107,,,1103,no,74,880,apartment,Unfurnished,1000,apartment-1691486
1108,,,1104,no,50,1300,apartment,Furnished,3000,apartment-1691503
1109,,,1105,no,20,370,apartment,Furnished,,apartment-1691514
1110,,,1106,no,23,600,room,Furnished,200,room-1691533
1111,,,1107,no,10,650,room,Unfurnished,350,room-1691536
1112,,,1108,no,9,675,room,Unfurnished,675,room-1691549
1113,,,1108,no,12,725,room,Unfurnished,725,room-1691546
1114,,,1109,no,18,990,room,Furnished,700,room-1691544
1115,,,1110,yes,56,720,apartment,Uncarpeted,720,apartment-1691524
1116,,,1111,no,15,280,room,Unfurnished,335,room-1686231
1117,,,1112,no,16,370,room,Unfurnished,370,room-1691515
1118,,,1113,no,19,420,room,Furnished,,room-1691516
1119,,,1114,no,110,1550,apartment,Furnished,1000,apartment-1691483
1120,,,1115,no,14,500,room,Furnished,1000,room-1690252
1121,,,1116,no,15,320,room,Furnished,350,room-1691511
1122,,,1117,no,90,1000,apartment,Furnished,2250,apartment-1691510
1123,,,1118,no,11,320,room,Unfurnished,320,room-1690560
1124,,,1119,no,25,700,room,Furnished,500,room-1691501
1125,,,1120,no,10,500,room,Furnished,150,room-1691375
1126,,,1121,no,60,1850,apartment,Furnished,4000,apartment-1691212
1127,,,1122,no,18,850,room,Furnished,500,room-1691383
1128,,,1122,no,25,950,room,Furnished,500,room-1691398
1129,,,1123,no,22,350,room,Unfurnished,217,room-1691319
1130,,,1124,no,13,699,room,Furnished,,room-1685722
1131,,,1125,no,21,700,room,Furnished,700,room-1691478
1132,,,1125,no,10,500,room,Furnished,500,room-1691469
1133,,,1126,no,11,500,room,Unfurnished,500,room-1691367
1134,,,1127,no,20,600,room,Unfurnished,1300,room-1691437
1135,,,1128,yes,60,700,apartment,Furnished,500,apartment-1691463
1136,,,1129,no,21,615,room,Furnished,615,room-1691450
1137,,,1130,no,18,460,room,Furnished,460,room-1691443
1138,,,1131,no,31,820,room,Unfurnished,,room-1691410
1139,,,1132,no,65,1650,apartment,Uncarpeted,1650,apartment-1690644
1140,,,1133,no,47,1950,apartment,Furnished,4000,apartment-1691011
1141,,,1133,no,53,2250,apartment,Furnished,4700,apartment-1691016
1142,,,1134,no,9,270,room,Unfurnished,270,room-1691409
1143,,,1135,no,23,450,room,Furnished,450,room-1691407
1144,,,1134,no,11,300,room,Unfurnished,300,room-1691387
1145,,,1122,no,16,750,room,Furnished,500,room-1691376
1146,,,1136,no,18,470,room,Unfurnished,600,room-1686242
1147,,,1137,no,40,625,studio,Unfurnished,982,studio-1691368
1148,,,1115,no,12,450,room,Furnished,900,room-1685233
1149,,,1138,no,13,560,room,Furnished,560,room-1691363
1150,,,1139,no,16,300,room,Unfurnished,,room-1690835
1151,,,1140,no,14,350,room,Furnished,150,room-1691353
1152,,,1141,no,8,450,room,Uncarpeted,450,room-1691134
1153,,,1142,no,55,1350,apartment,Furnished,,apartment-1691341
1154,,,1143,no,15,540,room,Furnished,0,room-1691087
1155,,,1144,no,101,1494,apartment,Furnished,,apartment-1691345
1156,,,1145,no,11,275,room,Uncarpeted,,room-1691318
1157,,,1146,no,11,399,room,Uncarpeted,,room-1691352
1158,,,1147,no,70,1830,apartment,Furnished,1830,apartment-1691170
1159,,,1148,no,19,285,room,Unfurnished,,room-1691330
1160,,,1149,no,14,325,room,Unfurnished,300,room-1691312
1161,,,1150,yes,32,695,studio,Furnished,100,studio-1691354
1162,,,1151,no,12,300,room,Unfurnished,240,room-1691309
1163,,,1152,no,100,1695,apartment,Unfurnished,1695,apartment-1691313
1164,,,1153,no,9,800,room,Furnished,250,room-1685829
1165,,,1154,no,55,1650,apartment,Unfurnished,,apartment-1691338
1166,,,1155,no,15,360,room,Uncarpeted,,room-1691337
1167,,,1156,no,28,595,apartment,Uncarpeted,,apartment-1691336
1168,,,1157,no,18,375,room,Uncarpeted,,room-1691335
1169,,,1158,no,23,390,room,Uncarpeted,,room-1691334
1170,,,1159,no,27,477,room,Uncarpeted,,room-1691333
1171,,,1160,no,70,1200,apartment,Furnished,1200,apartment-1691331
1172,,,1161,no,65,750,apartment,Unfurnished,,apartment-1691102
1173,,,1161,no,65,875,apartment,Unfurnished,,apartment-1691103
1174,,,1162,no,50,895,apartment,Unfurnished,,apartment-1691106
1175,,,1163,no,50,1500,apartment,Furnished,,apartment-1691107
1176,,,1164,no,125,1995,apartment,Furnished,,apartment-1691108
1177,,,1165,no,15,625,room,Uncarpeted,625,room-1690821
1178,,,1166,no,17,365,room,Furnished,,room-1691204
1179,,,1167,no,12,850,room,Furnished,850,room-1691262
1180,,,1167,no,11,800,room,Furnished,800,room-1691267
1181,,,1168,no,48,1600,apartment,Furnished,1000,apartment-1690793
1182,,,1169,no,38,1250,apartment,Furnished,1250,apartment-1690973
1183,,,1170,no,95,800,apartment,Furnished,100,apartment-1690818
1184,,,1171,no,85,1850,apartment,Unfurnished,3700,apartment-1691175
1185,,,1172,no,25,805,apartment,Unfurnished,,apartment-1691244
1186,,,1173,no,22,650,room,Furnished,,room-1690794
1187,,,1174,no,18,850,room,Furnished,0,room-1690800
1188,,,1175,no,18,450,room,Unfurnished,575,room-1690844
1189,,,1176,no,75,1700,apartment,Furnished,,apartment-1690866
1190,,,1177,no,16,537,room,Unfurnished,537,room-1690870
1191,,,1178,no,17,570,room,Furnished,570,room-1690889
1192,,,1179,no,70,1600,apartment,Furnished,,apartment-1690886
1193,,,1180,no,39,1050,apartment,Unfurnished,1050,apartment-1690899
1194,,,1181,yes,22,700,studio,Furnished,700,studio-1690922
1195,,,1182,no,17,370,room,Unfurnished,,room-1690935
1196,,,1182,no,18,320,room,Unfurnished,,room-1690938
1197,,,1183,no,30,550,room,Uncarpeted,550,room-1691114
1198,,,1184,no,100,820,apartment,Unfurnished,820,apartment-1691139
1199,,,1185,no,23,425,room,Unfurnished,425,room-1691142
1200,,,1186,no,76,1500,apartment,Furnished,,apartment-1691150
1201,,,1187,no,10,385,room,Furnished,385,room-1691153
1202,,,1188,no,110,990,apartment,Furnished,990,apartment-1691181
1203,,,1189,no,31,800,studio,Unfurnished,800,studio-1691185
1204,,,1190,no,60,900,apartment,Unfurnished,1800,apartment-1691192
1205,,,1191,no,8,275,room,Unfurnished,400,room-1691200
1206,,,1192,no,35,995,apartment,Unfurnished,1295,apartment-1691210
1207,,,1193,no,30,499,room,Unfurnished,,room-1691228
1208,,,1182,no,18,320,room,Unfurnished,,room-1691237
1209,,,1182,no,17,370,room,Unfurnished,,room-1691239
1210,,,1194,no,16,395,room,Furnished,395,room-1691246
1211,,,1194,no,16,395,room,Furnished,200,room-1691256
1212,,,1195,no,9,380,room,Furnished,380,room-1691301
1213,,,1196,no,160,4000,apartment,Furnished,4000,apartment-1691299
1214,,,1197,no,15,340,room,Unfurnished,,room-1691231
1215,,,1198,yes,25,530,studio,Uncarpeted,,studio-1691179
1216,,,1199,no,12,750,room,Furnished,0,room-1691314
1217,,,1200,no,45,1500,apartment,Furnished,1000,apartment-1691152
1218,,,1201,no,12,300,room,Unfurnished,0,room-1691088
1219,,,1202,no,10,450,room,Furnished,,room-1691125
1220,,,1203,no,21,385,room,Furnished,,room-1691089
1221,,,1204,no,10,215,room,Uncarpeted,215,room-1691283
1222,,,1205,no,11,780,room,Furnished,0,room-1691297
1223,,,1206,no,12,700,room,Furnished,,room-1691310
1224,,,1207,no,18,520,room,Unfurnished,0,room-1691308
1225,,,1208,no,6,100,room,Furnished,,room-1676291
1226,,,1209,no,22,600,room,Furnished,600,room-1691131
1227,,,1210,no,14,500,room,Furnished,,room-1691151
1228,,,1211,no,9,449,room,Unfurnished,1000,room-1691196
1229,,,1212,no,109,750,apartment,Furnished,,apartment-1691205
1230,,,1213,no,9,300,room,Unfurnished,250,room-1691207
1231,,,1214,no,22,450,room,Furnished,450,room-1691216
1232,,,1215,no,11,345,room,Unfurnished,345,room-1691258
1233,,,1216,no,20,450,room,Uncarpeted,,room-1691268
1234,,,1217,no,10,750,room,Unfurnished,,room-1691279
1235,,,1218,no,100,1700,apartment,Furnished,3400,apartment-1691122
1236,,,1219,no,10,360,room,Unfurnished,540,room-1691076
1237,,,1220,no,75,1350,apartment,Furnished,2700,apartment-1691140
1238,,,1221,no,25,650,room,Unfurnished,500,room-1691276
1239,,,1222,no,75,950,apartment,Furnished,,apartment-1691265
1240,,,1223,no,20,390,room,Furnished,,room-1691260
1241,,,1224,no,6,249,room,Uncarpeted,200,room-1691257
1242,,,1225,no,20,386,room,Unfurnished,386,room-1691253
1243,,,1226,no,30,455,room,Furnished,395,room-1691209
1244,,,1227,no,10,335,room,Furnished,300,room-1691242
1245,,,1228,no,19,1000,studio,Furnished,300,studio-1691232
1246,,,1229,no,6,485,room,Unfurnished,485,room-1691160
1247,,,1230,no,64,1895,apartment,Furnished,1895,apartment-1691213
1248,,,1231,no,14,565,room,Unfurnished,565,room-1673625
1249,,,1232,no,20,500,room,Furnished,350,room-1691214
1250,,,1233,no,8,430,room,Unfurnished,375,room-1691195
1251,,,1234,no,12,550,room,Furnished,550,room-1691188
1252,,,1235,no,17,345,room,Furnished,,room-1691177
1253,,,1236,no,12,750,room,Furnished,300,room-1691186
1254,,,1237,no,16,430,room,Unfurnished,,room-1691180
1255,,,1238,no,84,1840,apartment,Unfurnished,3680,apartment-1691173
1256,,,1239,no,15,339,room,Uncarpeted,341,room-1690491
1257,,,1240,no,17,950,room,Furnished,300,room-1689344
1258,,,1241,no,35,800,studio,Furnished,800,studio-1691120
1259,,,1242,no,16,200,room,Uncarpeted,,room-1691136
1260,,,1243,no,140,1100,apartment,Uncarpeted,1100,apartment-1691128
1261,,,1244,no,55,1250,apartment,Furnished,1250,apartment-1691126
1262,,,1245,no,18,299,room,Unfurnished,,room-1685019
1263,,,1246,no,15,935,room,Furnished,,room-1690799
1264,,,1247,no,14,260,room,Unfurnished,500,room-1691109
1265,,,1248,no,60,1095,apartment,Unfurnished,,apartment-1691105
1266,,,1249,no,74,995,apartment,Furnished,,apartment-1691104
1267,,,1250,yes,50,400,apartment,Furnished,,apartment-1690953
1268,,,1251,no,17,700,room,Furnished,,room-1690977
1269,,,1252,no,8,345,room,Furnished,170,room-1690993
1270,,,1253,no,16,800,room,Furnished,850,room-1690999
1271,,,1254,no,30,498,room,Unfurnished,900,room-1691092
1272,,,1255,no,18,420,room,Furnished,,room-1691078
1273,,,1256,no,75,860,apartment,Unfurnished,960,apartment-1691027
1274,,,1257,no,17,395,room,Unfurnished,350,room-1691037
1275,,,1258,no,26,495,studio,Unfurnished,750,studio-1691023
1276,,,1259,no,25,478,room,Uncarpeted,,room-1691080
1277,,,1260,yes,22,550,studio,Uncarpeted,550,studio-1690979
1278,,,1261,no,15,600,room,Furnished,,room-1691004
1279,,,1262,no,8,550,room,Unfurnished,,room-1690810
1280,,,1132,no,65,1650,apartment,Unfurnished,1850,apartment-1690524
1281,,,1263,no,23,360,room,,,room-1690878
1282,,,1264,no,50,1000,apartment,Uncarpeted,,apartment-1691067
1283,,,1265,no,25,510,room,Furnished,500,room-1690875
1284,,,1266,no,60,550,apartment,Furnished,550,apartment-1690876
1285,,,1267,no,65,1500,apartment,Furnished,,apartment-1691072
1286,,,1268,no,21,500,room,Furnished,500,room-1690884
1287,,,1269,no,16,400,room,Unfurnished,333,room-1690873
1288,,,1270,no,14,310,room,Uncarpeted,,room-1690901
1289,,,1271,no,8,500,room,Furnished,,room-1690917
1290,,,1272,no,10,480,room,Furnished,,room-1690934
1291,,,1273,no,35,810,studio,Furnished,810,studio-1690947
1292,,,1274,no,50,1250,apartment,Unfurnished,1600,apartment-1690955
1293,,,1275,no,65,495,apartment,Furnished,,apartment-1690957
1294,,,1276,no,18,408,room,Uncarpeted,,room-1691013
1295,,,1277,no,49,805,apartment,,,apartment-1691054
1296,,,1277,no,48,800,apartment,,,apartment-1691055
1297,,,1278,no,69,935,apartment,,,apartment-1691056
1298,,,1278,no,80,1008,apartment,,,apartment-1691057
1299,,,1279,no,100,1150,apartment,Furnished,1350,apartment-1691058
1300,,,1280,no,16,570,room,Furnished,500,room-1690230
1301,,,1281,no,24,700,room,Furnished,,room-1690978
1302,,,1282,no,12,360,room,Furnished,765,room-1691074
1303,,,1283,no,10,500,room,Furnished,,room-1691075
1304,,,1284,no,15,550,room,Uncarpeted,550,room-1690824
1305,,,1285,no,27,785,studio,Unfurnished,,studio-1691066
1306,,,1286,no,12,425,room,Furnished,425,room-1691064
1307,,,1287,no,9,360,room,Furnished,,room-1691061
1308,,,1288,no,110,1500,apartment,Uncarpeted,,apartment-1691044
1309,,,1156,no,30,590,apartment,Uncarpeted,,apartment-1691043
1310,,,1289,no,68,775,apartment,Uncarpeted,,apartment-1691042
1311,,,1290,no,32,670,studio,Uncarpeted,670,studio-1691034
1312,,,1291,no,12,550,room,Unfurnished,,room-1691032
1313,,,1292,no,30,550,room,Furnished,,room-1691015
1314,,,1293,no,9,650,room,Furnished,550,room-1691007
1315,,,1294,no,17,420,room,Unfurnished,,room-1690985
1316,,,1295,no,10,275,room,Uncarpeted,600,room-1691003
1317,,,1296,no,50,950,room,Unfurnished,2850,room-1691002
1318,,,1297,no,14,385,room,Uncarpeted,385,room-1690936
1319,,,1298,no,16,350,room,Unfurnished,700,room-1690972
1320,,,1299,no,24,441,room,Unfurnished,,room-1690991
1321,,,1300,no,35,1250,studio,Unfurnished,2500,studio-1687902
1322,,,1301,no,47,980,apartment,Furnished,980,apartment-1690965
1323,,,1302,no,16,800,room,Unfurnished,460,room-1690966
1324,,,1303,no,16,800,studio,Furnished,,studio-1690961
1325,,,1304,no,12,450,room,Unfurnished,450,room-1690959
1326,,,1305,no,14,400,room,Unfurnished,0,room-1690952
1327,,,1306,no,24,1000,room,Furnished,500,room-1690949
1328,,,1307,no,12,550,room,Uncarpeted,550,room-1690946
1329,,,1308,no,11,270,room,Unfurnished,,room-1690931
1330,,,1309,no,19,480,room,Furnished,960,room-1690928
1331,,,1310,no,68,1500,apartment,Furnished,500,apartment-1685664
1332,,,1311,no,10,550,room,Furnished,,room-1690871
1333,,,1113,no,14,365,room,Furnished,,room-1690916
1334,,,1312,no,20,775,room,Unfurnished,800,room-1690913
1335,,,1313,no,11,500,room,Furnished,100,room-1690909
1336,,,1314,no,20,337,room,Unfurnished,330,room-1690912
1337,,,1315,no,12,400,room,Furnished,,room-1690907
1338,,,1316,no,36,874,apartment,Unfurnished,,apartment-1690895
1339,,,1317,no,18,400,room,Furnished,400,room-1690888
1340,,,1318,no,12,475,room,Furnished,250,room-1685243
1341,,,1319,no,12,400,room,Furnished,300,room-1690856
1342,,,1320,no,17,300,room,Unfurnished,,room-1690883
1343,,,1320,no,16,275,room,Unfurnished,,room-1690882
1344,,,1320,no,16,275,room,Unfurnished,,room-1690881
1345,,,1321,no,9,270,room,Unfurnished,,room-1690806
1346,,,1322,no,56,980,apartment,Furnished,980,apartment-1690788
1347,,,1139,no,16,300,room,Unfurnished,,room-1690833
1348,,,1032,no,60,1100,apartment,Furnished,2200,apartment-1690836
1349,,,1323,no,22,500,room,Furnished,1000,room-1690868
1350,,,1324,no,16,350,room,Unfurnished,350,room-1690822
1351,,,1325,no,18,345,room,Furnished,,room-1690851
1352,,,1326,no,10,600,room,Unfurnished,600,room-1690747
1353,,,1327,no,12,750,room,Furnished,,room-1690853
1354,,,1328,no,23,400,room,Furnished,,room-1690852
1355,,,1329,no,24,690,studio,Unfurnished,690,studio-1690832
1356,,,1330,no,70,900,apartment,Unfurnished,1100,apartment-1690829
1357,,,1331,no,16,325,room,Unfurnished,325,room-1690826
1358,,,1332,no,14,450,room,Unfurnished,,room-1690815
1359,,,1333,no,22,320,room,Furnished,50,room-1690801
1360,,,1334,no,11,750,room,Uncarpeted,1500,room-1655208
1361,,,1335,no,10,1200,room,Furnished,500,room-1690763
1362,,,1336,no,21,394,room,Unfurnished,500,room-1690730
1363,,,1337,no,17,385,room,Unfurnished,,room-1690733
1364,,,1338,no,30,1000,room,Furnished,500,room-1690621
1365,,,1339,no,12,344,room,Furnished,,room-1690783
1366,,,1340,no,30,710,apartment,Unfurnished,,apartment-1690773
1367,,,1341,no,55,875,apartment,Unfurnished,,apartment-1690772
1368,,,1342,no,16,650,room,Furnished,,room-1690716
1369,,,1343,no,112,1195,apartment,Unfurnished,,apartment-1690696
1370,,,1344,no,14,495,studio,Unfurnished,,studio-1690697
1371,,,1345,no,40,725,apartment,Unfurnished,,apartment-1690702
1372,,,1346,no,25,775,studio,Unfurnished,,studio-1690703
1373,,,1347,no,65,719,apartment,Unfurnished,,apartment-1690704
1374,,,1348,no,26,420,room,Furnished,,room-1690655
1375,,,1349,no,15,800,room,Unfurnished,800,room-1690641
1376,,,1350,no,19,550,room,Unfurnished,,room-1690653
1377,,,1351,no,15,650,room,Unfurnished,,room-1690685
1378,,,1352,no,25,950,room,Furnished,,room-1690694
1379,,,1353,no,18,850,room,Furnished,,room-1690715
1380,,,1354,yes,7,325,apartment,Furnished,325,apartment-1690720
1381,,,1355,no,65,920,studio,Furnished,1500,studio-1690731
1382,,,1356,no,12,675,room,Unfurnished,675,room-1690732
1383,,,1353,no,10,780,room,Furnished,,room-1690729
1384,,,1357,no,10,600,room,Unfurnished,,room-1690766
1385,,,1358,no,14,425,room,Unfurnished,,room-1690759
1386,,,1359,no,26,410,room,Furnished,410,room-1690767
1387,,,1360,yes,20,340,studio,Furnished,,studio-1690677
1388,,,1360,yes,20,340,studio,Furnished,,studio-1690678
1389,,,1360,yes,20,310,studio,Furnished,,studio-1690679
1390,,,1360,yes,20,310,studio,Furnished,,studio-1690680
1391,,,1360,yes,20,310,studio,Furnished,,studio-1690681
1392,,,1360,no,18,250,room,Furnished,,room-1690682
1393,,,1361,no,40,625,room,Unfurnished,725,room-1690647
1394,,,1362,no,10,550,room,Furnished,,room-1690748
1395,,,1363,no,14,300,room,Unfurnished,300,room-1690753
1396,,,1364,no,8,647,room,Furnished,500,room-1690654
1397,,,1365,no,7,195,room,Unfurnished,295,room-1686564
1398,,,1366,no,12,1200,room,Furnished,1200,room-1690658
1399,,,1367,no,80,1350,apartment,Furnished,1350,apartment-1690743
1400,,,1368,no,35,480,room,Uncarpeted,960,room-1690740
1401,,,1369,no,12,325,room,Unfurnished,325,room-1690734
1402,,,1370,no,20,650,room,Furnished,,room-1690567
1403,,,1371,no,20,400,apartment,Unfurnished,600,apartment-1690666
1404,,,1372,no,107,2750,apartment,Furnished,,apartment-1690711
1405,,,1373,no,109,1250,apartment,,,apartment-1690709
1406,,,1374,no,19,400,room,,,room-1690708
1407,,,1375,no,85,1445,apartment,Furnished,,apartment-1690706
1408,,,1376,no,90,1725,apartment,Furnished,,apartment-1690700
1409,,,1377,no,20,450,room,Unfurnished,500,room-1690691
1410,,,1378,no,60,1500,apartment,Furnished,1500,apartment-1686826
1411,,,1379,no,60,1400,apartment,Furnished,3000,apartment-1690687
1412,,,1293,no,76,2200,apartment,Furnished,6600,apartment-1690684
1413,,,1380,no,70,1040,apartment,Uncarpeted,1040,apartment-1690671
1414,,,1381,no,25,525,room,Furnished,1100,room-1690660
1415,,,1382,no,8,499,room,Furnished,1000,room-1690656
1416,,,1383,no,32,750,studio,Furnished,150,studio-1689856
1417,,,1384,no,14,360,room,Furnished,300,room-1690594
1418,,,1385,no,14,490,room,Unfurnished,,room-1690643
1419,,,1386,no,85,1100,apartment,Unfurnished,,apartment-1690642
1420,,,1387,no,9,295,apartment,Uncarpeted,295,apartment-1690640
1421,,,1388,no,13,680,room,Uncarpeted,625,room-1690637
1422,,,1389,no,20,335,room,Furnished,,room-1690635
1423,,,1050,no,14,325,room,Unfurnished,,room-1690638
1424,,,1390,no,11,350,room,Unfurnished,350,room-1690546
1425,,,1391,no,16,600,room,Furnished,,room-1690616
1426,,,1392,no,11,695,room,Unfurnished,620,room-1690550
1427,,,1393,no,35,775,studio,Furnished,775,studio-1690559
1428,,,1394,no,19,600,room,Furnished,600,room-1690634
1429,,,1395,no,13,700,room,Furnished,,room-1690588
1430,,,1396,yes,55,600,apartment,Furnished,,apartment-1690600
1431,,,1397,no,10,630,room,Furnished,1100,room-1690608
1432,,,1398,no,14,345,room,Unfurnished,,room-1690459
1433,,,1399,no,15,460,room,Furnished,,room-1690413
1434,,,1400,no,28,900,apartment,Uncarpeted,900,apartment-1688097
1435,,,1401,no,12,560,room,Furnished,,room-1690581
1436,,,1402,no,17,550,room,Unfurnished,500,room-1690623
1437,,,1403,no,20,430,room,Furnished,,room-1690610
1438,,,1404,no,8,350,room,Unfurnished,325,room-1690611
1439,,,1405,no,10,502,room,Furnished,,room-1690605
1440,,,1406,no,17,260,room,Unfurnished,260,room-1690589
1441,,,1407,no,15,545,room,Furnished,0,room-1690599
1442,,,1408,no,14,355,room,Uncarpeted,,room-1690593
1443,,,1409,no,11,450,room,Furnished,,room-1690514
1444,,,1410,no,18,463,room,Furnished,,room-1690592
1445,,,1411,no,9,330,room,Furnished,500,room-1683208
1446,,,1412,no,12,525,room,Furnished,525,room-1646229
1447,,,1413,no,30,1200,apartment,Furnished,,apartment-1690565
1448,,,1414,no,20,700,room,Furnished,,room-1690467
1449,,,1415,no,12,560,room,Unfurnished,560,room-1690446
1450,,,1415,no,8,460,room,Unfurnished,460,room-1690449
1451,,,1118,no,11,320,room,Unfurnished,320,room-1690562
1452,,,1416,no,40,1000,room,Furnished,1000,room-1690563
1453,,,1417,no,40,500,room,Furnished,300,room-1684760
1454,,,1418,no,16,345,room,Uncarpeted,,room-1690547
1455,,,1419,no,17,500,room,Uncarpeted,500,room-1690553
1456,,,1420,no,44,900,apartment,Furnished,,apartment-1690532
1457,,,1421,no,40,420,room,Unfurnished,,room-1690477
1458,,,1422,no,6,200,room,Unfurnished,0,room-1690468
1459,,,1423,no,18,805,room,Furnished,805,room-1690490
1460,,,1424,no,16,400,room,Unfurnished,200,room-1579023
1461,,,1425,no,17,750,room,Furnished,1500,room-1690481
1462,,,1426,no,18,750,room,Furnished,,room-1690469
1463,,,1427,no,18,299,room,Unfurnished,,room-1690520
1464,,,1428,no,65,900,apartment,Furnished,900,apartment-1690504
1465,,,1429,no,15,360,apartment,Unfurnished,,apartment-1690428
1466,,,1430,no,70,1275,apartment,Furnished,,apartment-1690433
1467,,,1431,no,48,845,apartment,Unfurnished,,apartment-1690434
1468,,,1432,no,91,1300,apartment,Unfurnished,,apartment-1690435
1469,,,1433,no,87,1800,apartment,Unfurnished,,apartment-1690436
1470,,,1434,no,65,1750,apartment,Unfurnished,,apartment-1690438
1471,,,1435,no,15,650,room,Furnished,650,room-1690494
1472,,,1084,yes,32,719,studio,Unfurnished,1540,studio-1690537
1473,,,1436,no,9,700,room,Uncarpeted,,room-1690544
1474,,,1437,no,78,1300,apartment,Unfurnished,2000,apartment-1690540
1475,,,1438,no,18,459,room,Furnished,689,room-1690539
1476,,,1439,no,82,1495,apartment,Furnished,2000,apartment-1690538
1477,,,1440,no,27,700,room,Unfurnished,,room-1690482
1478,,,1441,no,11,300,room,Unfurnished,450,room-1690535
1479,,,1401,no,10,200,room,Furnished,200,room-1690522
1480,,,1442,no,35,500,room,Unfurnished,500,room-1690528
1481,,,1421,no,30,350,room,Furnished,0,room-1690269
1482,,,1443,no,6,300,room,Furnished,0,room-1690518
1483,,,1444,no,75,800,apartment,Furnished,750,apartment-1690513
1484,,,1445,no,65,950,apartment,Unfurnished,,apartment-1690512
1485,,,1446,no,83,1295,apartment,Furnished,,apartment-1690511
1486,,,1237,no,22,485,room,Unfurnished,,room-1690510
1487,,,1447,no,65,750,studio,Unfurnished,,studio-1690509
1488,,,1448,no,25,650,room,Unfurnished,650,room-1690499
1489,,,1449,no,15,350,room,Unfurnished,350,room-1690497
1490,,,1450,no,61,1500,apartment,Unfurnished,1500,apartment-1690489
1491,,,1451,no,7,410,room,Furnished,410,room-1680120
1492,,,1452,no,50,1475,apartment,Furnished,2950,apartment-1690479
1493,,,1453,no,54,1295,apartment,Furnished,1295,apartment-1690448
1494,,,1454,no,9,392,room,Unfurnished,,room-1690456
1495,,,1455,no,15,695,room,Furnished,695,room-1690452
1496,,,1456,no,18,800,room,Furnished,350,room-1690453
1497,,,1457,no,16,360,room,Uncarpeted,360,room-1690418
1498,,,1458,no,90,1750,apartment,Unfurnished,,apartment-1690427
1499,,,1459,no,25,550,room,Furnished,550,room-1690419
1500,,,1459,no,15,450,room,Furnished,450,room-1690414
1501,,,1460,no,90,1540,apartment,Unfurnished,,apartment-1690309
1502,,,1461,no,30,580,room,Unfurnished,,room-1690319
1503,,,1462,no,42,1095,apartment,Furnished,,apartment-1690380
1504,,,1463,no,29,616,apartment,Unfurnished,,apartment-1690356
1505,,,1464,no,19,550,room,Furnished,550,room-1690415
1506,,,1465,no,26,449,studio,Unfurnished,,studio-1690357
1507,,,1305,no,50,575,apartment,Furnished,311,apartment-1690402
1508,,,1466,no,185,1695,apartment,Unfurnished,,apartment-1690367
1509,,,1467,no,60,1850,apartment,Unfurnished,,apartment-1690369
1510,,,1468,no,9,810,room,Furnished,745,room-1690337
1511,,,1469,no,12,200,room,Unfurnished,,room-1690407
1512,,,1470,no,25,435,room,Uncarpeted,,room-1690240
1513,,,1471,no,55,750,apartment,Furnished,980,apartment-1690302
1514,,,1472,no,60,850,apartment,Unfurnished,1700,apartment-1690310
1515,,,1473,no,12,425,room,Furnished,,room-1690321
1516,,,1473,no,12,425,room,Furnished,,room-1690322
1517,,,1474,no,18,750,room,Furnished,,room-1690326
1518,,,1475,no,14,470,room,Furnished,,room-1690339
1519,,,1476,no,12,425,room,Unfurnished,,room-1690392
1520,,,1477,no,16,450,room,Unfurnished,,room-1690395
1521,,,1478,no,16,359,room,Furnished,359,room-1690246
1522,,,1479,no,13,280,room,Unfurnished,280,room-1690274
1523,,,1479,no,13,290,room,Furnished,290,room-1690275
1524,,,1480,no,8,265,room,Furnished,275,room-1690396
1525,,,1481,no,63,850,apartment,Furnished,,apartment-1690406
1526,,,1482,no,16,830,room,Furnished,1600,room-1690236
1527,,,1483,no,14,410,room,Uncarpeted,,room-1690272
1528,,,1484,no,20,530,room,Unfurnished,,room-1690303
1529,,,1485,no,21,485,room,Unfurnished,,room-1690297
1530,,,1486,no,7,711,room,Unfurnished,1300,room-1690318
1531,,,1487,yes,80,710,apartment,Furnished,,apartment-1690338
1532,,,1488,no,12,515,room,Furnished,385,room-1688268
1533,,,1489,no,16,445,room,Uncarpeted,445,room-1690007
1534,,,1490,no,20,650,room,Furnished,650,room-1690103
1535,,,1491,yes,25,550,apartment,Furnished,550,apartment-1690397
1536,,,1492,no,11,325,room,Uncarpeted,,room-1690388
1537,,,1492,no,14,395,room,Uncarpeted,,room-1690384
1538,,,1493,no,16,550,studio,Unfurnished,550,studio-1690377
1539,,,1494,no,29,750,studio,Unfurnished,750,studio-1690206
1540,,,1493,no,13,375,studio,Unfurnished,375,studio-1689299
1541,,,1495,no,25,400,room,Unfurnished,,room-1690224
1542,,,1496,no,65,1150,apartment,Unfurnished,1150,apartment-1690373
1543,,,1497,no,8,200,room,Uncarpeted,200,room-1690244
1544,,,1498,no,45,750,room,Unfurnished,,room-1690340
1545,,,1327,no,9,650,room,Unfurnished,,room-1690268
1546,,,1499,no,66,1850,apartment,Furnished,,apartment-1690366
1547,,,1500,no,68,1500,apartment,Furnished,,apartment-1690365
1548,,,1501,no,25,560,room,,,room-1690362
1549,,,1502,no,38,590,room,,,room-1690361
1550,,,1501,no,20,450,room,,,room-1690360
1551,,,1503,no,71,1300,apartment,Furnished,,apartment-1690359
1552,,,1504,no,100,1745,apartment,Furnished,,apartment-1690358
1553,,,1505,no,90,1995,apartment,Unfurnished,,apartment-1690351
1554,,,1506,no,14,325,room,Uncarpeted,,room-1690349
1555,,,1507,no,60,845,apartment,Uncarpeted,,apartment-1690348
1556,,,1508,no,18,410,room,Uncarpeted,,room-1690347
1557,,,1509,no,59,960,apartment,Uncarpeted,,apartment-1690345
1558,,,1510,no,18,750,room,Furnished,750,room-1690334
1559,,,1416,no,40,1000,room,Furnished,1000,room-1690328
1560,,,1511,no,55,900,apartment,Furnished,1000,apartment-1690327
1561,,,1512,no,13,750,room,Furnished,750,room-1690311
1562,,,1512,no,13,700,room,Furnished,750,room-1690307
1563,,,1513,no,6,637,room,Furnished,,room-1690300
1564,,,1514,no,12,890,room,Furnished,1500,room-1690290
1565,,,1515,no,14,600,room,Furnished,450,room-1690294
1566,,,1516,no,65,1400,apartment,Unfurnished,1400,apartment-1690292
1567,,,1517,no,16,480,room,Furnished,,room-1690281
1568,,,1518,no,40,561,room,Unfurnished,1122,room-1690263
1569,,,1519,no,70,1395,apartment,Unfurnished,1395,apartment-1690261
1570,,,1520,no,45,800,apartment,Furnished,800,apartment-1689942
1571,,,1521,no,15,475,room,Unfurnished,475,room-1690169
1572,,,1522,no,16,350,room,Unfurnished,350,room-1690235
1573,,,1523,no,9,340,room,Unfurnished,,room-1690215
1574,,,1524,no,56,1700,apartment,Unfurnished,,apartment-1690248
1575,,,1525,no,12,298,room,Unfurnished,,room-1690213
1576,,,1526,no,76,2000,apartment,Furnished,,apartment-1690273
1577,,,1527,no,16,475,room,Uncarpeted,,room-1690191
1578,,,1528,no,16,400,room,Furnished,,room-1690190
1579,,,1528,no,16,400,room,Furnished,,room-1690188
1580,,,1522,no,16,350,room,Unfurnished,350,room-1690245
1581,,,1529,no,38,575,studio,Unfurnished,0,studio-1690247
1582,,,1530,no,18,372,room,Furnished,400,room-1690237
1583,,,1531,no,20,435,room,Furnished,0,room-1690220
1584,,,1532,no,20,440,room,Uncarpeted,0,room-1690234
1585,,,1533,no,30,999,room,Furnished,,room-1690147
1586,,,1534,no,50,1100,apartment,Furnished,1150,apartment-1690152
1587,,,1535,no,18,750,room,Furnished,,room-1690167
1588,,,1536,no,21,795,room,Unfurnished,795,room-1690184
1589,,,1537,no,90,900,apartment,Unfurnished,,apartment-1689587
1590,,,1538,no,12,305,room,Unfurnished,305,room-1690217
1591,,,1539,no,30,800,room,Furnished,,room-1690042
1592,,,1261,no,15,650,room,Furnished,,room-1690048
1593,,,1540,no,16,590,room,Furnished,600,room-1690219
1594,,,1147,no,70,1830,apartment,Furnished,1830,apartment-1689503
1595,,,1541,no,42,975,apartment,Unfurnished,1425,apartment-1690171
1596,,,1542,no,9,385,room,Furnished,,room-1690207
1597,,,1543,yes,15,425,studio,Unfurnished,850,studio-1690200
1598,,,1544,no,15,330,room,Unfurnished,,room-1690202
1599,,,1545,no,18,600,room,Furnished,550,room-1690073
1600,,,1541,no,32,850,studio,Unfurnished,1275,studio-1690162
1601,,,1546,no,24,800,room,Unfurnished,650,room-1690110
1602,,,1547,no,24,495,room,Uncarpeted,,room-1690100
1603,,,1548,no,10,280,room,Unfurnished,280,room-1690064
1604,,,1549,no,27,575,studio,Unfurnished,575,studio-1690061
1605,,,1550,no,27,595,studio,Unfurnished,695,studio-1690057
1606,,,1551,no,14,305,room,Unfurnished,305,room-1690054
1607,,,1152,no,70,1650,apartment,Unfurnished,1750,apartment-1690013
1608,,,1552,no,20,425,room,Furnished,425,room-1690153
1609,,,1553,no,10,375,room,Unfurnished,,room-1690020
1610,,,1554,no,9,650,room,Furnished,,room-1690022
1611,,,1555,no,34,815,apartment,Furnished,816,apartment-1690014
1612,,,1552,no,16,400,room,Furnished,200,room-1690158
1613,,,1556,yes,25,695,studio,Unfurnished,695,studio-1689999
1614,,,1557,yes,35,715,studio,Furnished,,studio-1689978
1615,,,1557,yes,35,720,studio,Unfurnished,,studio-1676780
1616,,,1558,no,12,370,room,Unfurnished,370,room-1689974
1617,,,1559,no,14,550,room,Furnished,1100,room-1689963
1618,,,1111,no,15,280,room,Unfurnished,335,room-1677589
1619,,,1560,no,12,463,room,Unfurnished,463,room-1690164
1620,,,1561,no,45,500,apartment,Furnished,500,apartment-1689918
1621,,,1562,no,12,350,apartment,Furnished,350,apartment-1690154
1622,,,1563,no,14,795,room,Uncarpeted,,room-1690135
1623,,,1564,no,10,850,room,Furnished,,room-1690121
1624,,,1565,no,126,1950,apartment,Unfurnished,,apartment-1690120
1625,,,1566,no,18,375,room,Unfurnished,,room-1690090
1626,,,1566,no,19,400,room,Unfurnished,,room-1690089
1627,,,1567,no,19,390,room,Uncarpeted,,room-1690045
1628,,,1568,no,16,800,room,Furnished,700,room-1690155
1629,,,1569,no,8,725,room,Unfurnished,,room-1689768
1630,,,1570,no,35,950,apartment,Furnished,500,apartment-1689959
1631,,,1571,no,6,800,room,Furnished,750,room-1689970
1632,,,1572,yes,40,650,apartment,Unfurnished,1300,apartment-1689975
1633,,,1573,no,11,285,room,Uncarpeted,,room-1690011
1634,,,1574,no,20,490,room,Unfurnished,,room-1690028
1635,,,1575,no,53,1150,apartment,Uncarpeted,1150,apartment-1690026
1636,,,1576,no,10,475,room,Furnished,0,room-1690068
1637,,,1577,no,85,1025,apartment,Furnished,1950,apartment-1690087
1638,,,1578,no,80,1000,room,Furnished,1000,room-1690101
1639,,,1579,no,10,600,room,Unfurnished,500,room-1690105
1640,,,1580,no,7,550,room,Furnished,500,room-1690134
1641,,,1581,no,13,357,room,Unfurnished,,room-1690146
1642,,,1582,yes,24,710,studio,Furnished,,studio-1689590
1643,,,1583,no,12,450,room,Furnished,0,room-1689337
1644,,,1584,no,50,1200,apartment,Furnished,1000,apartment-1689428
1645,,,1585,no,20,375,room,Unfurnished,450,room-1689447
1646,,,1586,no,14,310,room,Uncarpeted,,room-1689469
1647,,,1587,no,13,725,room,Furnished,725,room-1689449
1648,,,1588,no,25,900,studio,Furnished,1700,studio-1689481
1649,,,1589,no,91,1000,apartment,Unfurnished,1000,apartment-1689548
1650,,,1423,no,19,864,room,Furnished,893,room-1689583
1651,,,1590,no,15,500,room,Unfurnished,,room-1689616
1652,,,1591,no,10,650,room,Unfurnished,,room-1689641
1653,,,1592,no,20,750,room,Furnished,750,room-1689676
1654,,,1593,no,15,745,room,Furnished,,room-1689692
1655,,,1454,no,9,400,room,Uncarpeted,,room-1689719
1656,,,1594,no,68,1950,apartment,Furnished,500,apartment-1689754
1657,,,1595,no,12,550,room,Furnished,1700,room-1690141
1658,,,1596,no,22,370,room,Uncarpeted,,room-1690077
1659,,,1597,no,12,400,room,Unfurnished,,room-1690131
1660,,,1598,no,116,1215,apartment,Unfurnished,2430,apartment-1690108
1661,,,1117,no,90,1100,apartment,Unfurnished,1650,apartment-1690126
1662,,,1599,no,16,400,room,Furnished,,room-1690096
1663,,,1600,no,12,395,room,Unfurnished,,room-1690094
1664,,,1601,no,12,500,room,Uncarpeted,500,room-1689769
1665,,,1602,no,25,850,room,Furnished,,room-1678399
1666,,,1402,no,17,550,room,Unfurnished,500,room-1689839
1667,,,1603,no,24,435,room,Uncarpeted,435,room-1690081
1668,,,1168,no,48,1200,apartment,Furnished,1200,apartment-1690044
1669,,,1604,no,10,600,room,Furnished,,room-1690056
1670,,,1563,no,35,850,room,Unfurnished,425,room-1689734
1671,,,1605,no,56,850,apartment,Furnished,,apartment-1689352
1672,,,1606,no,12,750,room,Furnished,750,room-1688771
1673,,,1607,no,16,500,room,Furnished,500,room-1689367
1674,,,1608,no,11,310,room,Uncarpeted,,room-1689443
1675,,,1609,no,50,1300,apartment,Furnished,1300,apartment-1689517
1676,,,1610,no,15,900,room,Furnished,1500,room-1689519
1677,,,1611,no,18,730,room,Furnished,1460,room-1689440
1678,,,1612,no,20,760,studio,Furnished,1520,studio-1689563
1679,,,1613,no,9,250,room,Furnished,250,room-1689649
1680,,,1614,no,17,550,room,Furnished,,room-1689953
1681,,,1615,no,17,500,room,Furnished,500,room-1689598
1682,,,1615,no,16,500,room,Furnished,500,room-1689919
1683,,,1616,no,19,442,room,Unfurnished,750,room-1689998
1684,,,1617,no,8,800,room,Furnished,,room-1690018
1685,,,1618,no,10,360,room,Furnished,500,room-1689882
1686,,,1519,no,70,900,apartment,Unfurnished,900,apartment-1689879
1687,,,1619,no,22,362,room,Unfurnished,442,room-1689853
1688,,,1619,no,16,309,room,Unfurnished,387,room-1689850
1689,,,1173,no,22,650,room,Furnished,,room-1689802
1690,,,1620,no,40,900,studio,Furnished,850,studio-1689800
1691,,,1621,no,35,825,studio,Unfurnished,,studio-1689774
1692,,,1622,no,85,1395,apartment,Furnished,3300,apartment-1690010
1693,,,1623,no,50,975,room,Uncarpeted,,room-1688915
1694,,,1624,no,16,600,room,Furnished,600,room-1689728
1695,,,1625,no,20,650,room,Furnished,600,room-1689687
1696,,,1626,no,17,550,room,Furnished,,room-1689685
1697,,,1627,no,9,335,room,Unfurnished,350,room-1689657
1698,,,1628,no,20,550,room,Furnished,,room-1689573
1699,,,1629,no,11,310,room,Unfurnished,310,room-1689554
1700,,,1630,no,14,750,room,Uncarpeted,,room-1689530
1701,,,1631,no,12,750,room,Unfurnished,,room-1689501
1702,,,1632,no,10,425,room,Furnished,,room-1689436
1703,,,1633,no,11,350,room,Furnished,100,room-1689390
1704,,,1634,no,14,535,room,Furnished,535,room-1689562
1705,,,1635,no,10,260,room,Uncarpeted,,room-1689993
1706,,,1636,no,65,1100,apartment,Unfurnished,1000,apartment-1689574
1707,,,1637,no,16,725,room,Furnished,500,room-1689536
1708,,,1638,yes,30,680,studio,Furnished,,studio-1689981
1709,,,1639,no,12,410,room,Furnished,,room-1689980
1710,,,1090,no,17,750,room,Unfurnished,,room-1689950
1711,,,1640,no,14,600,room,Furnished,,room-1689947
1712,,,1640,no,14,575,room,Furnished,,room-1689946
1713,,,1641,no,40,970,apartment,Furnished,,apartment-1689898
1714,,,1642,no,50,775,studio,Uncarpeted,,studio-1689896
1715,,,1643,no,100,1200,apartment,Uncarpeted,,apartment-1689894
1716,,,1644,no,13,495,room,Furnished,,room-1689973
1717,,,1645,no,35,700,room,Furnished,,room-1689887
1718,,,1646,no,60,1450,apartment,Furnished,,apartment-1689748
1719,,,1647,no,18,399,room,Uncarpeted,,room-1689622
1720,,,1242,no,16,250,room,Uncarpeted,,room-1689507
1721,,,1648,no,12,600,room,Uncarpeted,,room-1689333
1722,,,1649,no,25,850,room,Furnished,,room-1689357
1723,,,1650,no,65,1450,apartment,Furnished,1500,apartment-1689836
1724,,,1651,no,14,322,room,Unfurnished,350,room-1689880
1725,,,1652,no,15,330,room,Unfurnished,350,room-1689883
1726,,,1651,no,10,290,room,Furnished,350,room-1689886
1727,,,1653,no,15,340,room,Unfurnished,,room-1689322
1728,,,1654,no,70,1800,apartment,Furnished,1800,apartment-1689226
1729,,,1655,no,15,825,room,Unfurnished,,room-1689242
1730,,,1656,no,70,1800,apartment,Furnished,,apartment-1689312
1731,,,1657,no,16,840,room,Unfurnished,840,room-1689969
1732,,,1279,no,12,290,room,Unfurnished,,room-1689971
1733,,,1127,no,40,550,studio,Furnished,250,studio-1689952
1734,,,1658,no,18,240,room,Unfurnished,220,room-1689778
1735,,,1584,no,50,1200,apartment,Furnished,1200,apartment-1689777
1736,,,1659,no,15,650,room,Furnished,650,room-1689943
1737,,,1660,no,42,575,apartment,Unfurnished,,apartment-1689391
1738,,,1661,no,70,720,apartment,Unfurnished,,apartment-1689393
1739,,,1662,no,63,695,apartment,Unfurnished,,apartment-1689394
1740,,,1663,no,17,275,room,Uncarpeted,,room-1689400
1741,,,1664,no,60,775,apartment,Unfurnished,,apartment-1689408
1742,,,1665,no,65,1150,apartment,Furnished,,apartment-1689413
1743,,,1666,no,130,1400,apartment,Furnished,,apartment-1689415
1744,,,1667,no,22,440,apartment,Uncarpeted,,apartment-1689944
1745,,,1668,no,50,1650,apartment,Unfurnished,,apartment-1689418
1746,,,1669,no,120,2300,apartment,Unfurnished,,apartment-1689419
1747,,,1670,no,25,875,room,Furnished,,room-1689457
1748,,,1671,no,40,1350,apartment,Furnished,,apartment-1689458
1749,,,1672,no,286,4750,apartment,Unfurnished,,apartment-1689702
1750,,,1387,no,75,719,apartment,Unfurnished,,apartment-1689934
1751,,,1673,no,8,650,room,Furnished,830,room-1689939
1752,,,1674,no,16,500,room,Furnished,,room-1689916
1753,,,1675,no,15,375,room,Uncarpeted,,room-1689931
1754,,,1676,no,16,365,room,Uncarpeted,,room-1689930
1755,,,1677,no,15,356,room,Uncarpeted,,room-1689929
1756,,,1159,no,30,515,room,Uncarpeted,,room-1689928
1757,,,1678,no,21,450,room,Uncarpeted,450,room-1689925
1758,,,1205,no,75,780,apartment,Furnished,0,apartment-1689923
1759,,,1679,no,14,400,room,Unfurnished,,room-1689895
1760,,,1679,no,14,400,room,Furnished,,room-1689893
1761,,,1680,no,10,600,room,Furnished,,room-1678600
1762,,,1332,no,8,450,room,Unfurnished,,room-1689866
1763,,,1681,no,11,415,room,Furnished,200,room-1689855
1764,,,1682,no,20,400,studio,Furnished,400,studio-1689842
1765,,,1394,no,12,850,room,Furnished,850,room-1689846
1766,,,1683,no,20,420,room,Furnished,420,room-1689830
1767,,,1684,no,35,900,studio,Uncarpeted,,studio-1689814
1768,,,1024,no,17,900,room,Unfurnished,0,room-1689807
1769,,,1685,no,20,260,room,Uncarpeted,0,room-1672873
1770,,,1304,no,8,350,room,Unfurnished,350,room-1677394
1771,,,1686,no,18,700,room,Furnished,1100,room-1689793
1772,,,1687,no,12,330,room,Unfurnished,,room-1689792
1773,,,1688,no,23,550,room,Unfurnished,550,room-1689782
1774,,,1689,no,80,578,apartment,Furnished,500,apartment-1689784
1775,,,1688,no,22,550,room,Unfurnished,,room-1689780
1776,,,1690,no,12,557,room,Furnished,900,room-1689745
1777,,,1691,no,23,515,studio,Furnished,,studio-1689746
1778,,,1692,no,14,602,room,Furnished,990,room-1689741
1779,,,1692,no,13,557,room,Furnished,900,room-1689739
1780,,,1693,no,12,565,room,Uncarpeted,1130,room-1689726
1781,,,1694,no,60,800,apartment,Furnished,1500,apartment-1689709
1782,,,1695,no,15,310,room,Unfurnished,310,room-1689694
1783,,,1696,no,25,1000,studio,Furnished,1000,studio-1689682
1784,,,1697,no,80,1400,apartment,Furnished,700,apartment-1689596
1785,,,1417,no,7,500,room,Furnished,500,room-1684758
1786,,,1417,no,14,550,room,Furnished,570,room-1684751
1787,,,1698,no,31,350,room,Unfurnished,750,room-1689659
1788,,,1132,no,65,1650,apartment,Unfurnished,,apartment-1689669
1789,,,1155,no,25,585,apartment,Uncarpeted,,apartment-1689667
1790,,,1675,no,16,395,room,Uncarpeted,,room-1689664
1791,,,1136,no,52,495,room,Uncarpeted,,room-1689663
1792,,,1509,no,102,1850,apartment,Uncarpeted,,apartment-1689662
1793,,,1606,no,10,700,room,Furnished,700,room-1689650
1794,,,1699,no,10,300,room,Uncarpeted,300,room-1689637
1795,,,1700,no,12,265,room,Unfurnished,265,room-1689611
1796,,,1701,no,28,1000,apartment,Unfurnished,1000,apartment-1689609
1797,,,1702,no,12,450,room,Unfurnished,,room-1689592
1798,,,1703,no,8,600,room,Furnished,,room-1679637
1799,,,1704,no,8,190,room,Unfurnished,,room-1689576
1800,,,1705,no,19,395,room,Furnished,,room-1689571
1801,,,1706,no,16,690,room,Uncarpeted,690,room-1684682
1802,,,1707,no,29,700,studio,Unfurnished,700,studio-1689547
1803,,,1708,no,21,398,room,Unfurnished,900,room-1689535
1804,,,1709,no,14,280,room,Unfurnished,,room-1679975
1805,,,1710,no,16,450,room,Uncarpeted,,room-1689528
1806,,,1711,no,120,2000,apartment,Furnished,1000,apartment-1689499
1807,,,1712,no,12,384,room,Unfurnished,768,room-1689496
1808,,,1713,no,50,1200,studio,Uncarpeted,1200,studio-1689491
1809,,,1714,no,15,800,room,Furnished,625,room-1689480
1810,,,1715,no,9,450,room,Unfurnished,425,room-1689482
1811,,,1545,no,20,650,room,Furnished,700,room-1687255
1812,,,1716,no,68,1295,apartment,Unfurnished,,apartment-1689454
1813,,,1717,no,11,330,room,Unfurnished,330,room-1689446
1814,,,1718,no,17,250,room,Furnished,250,room-1689439
1815,,,1719,no,40,1500,apartment,Furnished,1500,apartment-1689427
1816,,,1720,no,107,1650,apartment,Unfurnished,,apartment-1689409
1817,,,1721,no,70,1990,apartment,,,apartment-1689403
1818,,,1722,no,90,1950,apartment,Unfurnished,,apartment-1689402
1819,,,1723,no,14,334,room,Uncarpeted,,room-1689397
1820,,,1724,no,21,450,room,Uncarpeted,,room-1689396
1821,,,1649,no,26,850,room,Furnished,850,room-1689359
1822,,,1382,no,12,595,room,Furnished,1200,room-1689354
1823,,,1725,no,10,850,room,Furnished,850,room-1688946
1824,,,1726,no,10,500,room,Furnished,500,room-1679245
1825,,,1727,no,14,375,room,Furnished,375,room-1689343
1826,,,1728,no,15,360,room,Uncarpeted,300,room-1689339
1827,,,1537,no,90,900,apartment,Furnished,1000,apartment-1687853
1828,,,1729,no,13,750,room,Furnished,,room-1689314
1829,,,1730,no,28,875,room,Furnished,1750,room-1689294
1830,,,1731,yes,30,675,room,Furnished,,room-1689310
1831,,,1732,no,25,390,room,Furnished,,room-1689320
1832,,,1733,no,20,550,room,Furnished,0,room-1689324
1833,,,1734,no,58,1250,apartment,Unfurnished,1250,apartment-1689291
1834,,,1696,no,16,850,room,Unfurnished,900,room-1689315
1835,,,1735,no,120,5000,apartment,Furnished,15000,apartment-1689292
1836,,,1736,no,65,988,apartment,Furnished,1000,apartment-1689285
1837,,,1737,no,16,460,room,Furnished,,room-1689274
1838,,,1738,no,65,1300,apartment,Unfurnished,2600,apartment-1689280
1839,,,1739,no,10,320,room,Furnished,,room-1689268
1840,,,1740,no,39,825,apartment,Unfurnished,875,apartment-1689246
1841,,,1427,no,18,299,room,Unfurnished,,room-1689231
1842,,,1741,no,30,1000,studio,Furnished,500,studio-1689218
1843,,,1742,no,12,420,room,Furnished,800,room-1689182
1844,,,1743,no,11,260,room,Unfurnished,260,room-1689262
1845,,,1744,no,14,890,room,Furnished,,room-1689219
1846,,,1745,no,92,975,apartment,Uncarpeted,1950,apartment-1689229
1847,,,1746,no,94,1200,apartment,Uncarpeted,2400,apartment-1689185
1848,,,1747,no,16,650,room,Furnished,650,room-1689214
1849,,,1748,no,35,650,apartment,Furnished,1000,apartment-1689211
1850,,,1749,no,75,1250,apartment,Unfurnished,2500,apartment-1689204
1851,,,1750,no,15,600,room,Furnished,600,room-1689194
1852,,,1751,no,60,800,apartment,Furnished,,apartment-1689209
1853,,,1752,no,13,367,room,Uncarpeted,367,room-1689197
1854,,,1753,no,20,595,room,Furnished,0,room-1689195
1855,,,1754,no,24,360,room,Uncarpeted,360,room-1689196
1856,,,1755,no,14,399,room,Furnished,,room-1689180
1857,,,1756,no,15,850,room,Furnished,800,room-1688682
1858,,,1173,no,22,650,room,Furnished,,room-1689176
1859,,,1757,no,26,565,room,Furnished,565,room-1689192
1860,,,1612,no,14,575,room,Furnished,1000,room-1689181
1861,,,1758,no,18,600,room,Furnished,600,room-1689186
1862,,,1759,no,14,290,room,Uncarpeted,0,room-1689173
1863,,,1760,no,82,1000,apartment,Unfurnished,,apartment-1689171
1864,,,1761,no,9,490,room,Uncarpeted,,room-1689071
1865,,,1762,no,12,400,room,Unfurnished,200,room-1689116
1866,,,1763,no,30,1000,apartment,Furnished,1000,apartment-1689118
1867,,,1764,no,42,1050,apartment,Furnished,998,apartment-1689117
1868,,,1765,no,60,1250,apartment,Furnished,1750,apartment-1689123
1869,,,1766,no,17,700,room,Furnished,,room-1689018
1870,,,1767,no,12,600,room,Furnished,600,room-1689128
1871,,,1436,no,30,1200,room,Uncarpeted,,room-1689130
1872,,,1768,no,15,365,room,Unfurnished,,room-1689043
1873,,,1660,no,49,575,apartment,Unfurnished,,apartment-1689076
1874,,,1769,no,69,720,apartment,Unfurnished,,apartment-1689077
1875,,,1770,no,60,875,apartment,Unfurnished,,apartment-1689078
1876,,,1700,no,45,715,apartment,Unfurnished,,apartment-1689093
1877,,,1771,no,68,938,apartment,Unfurnished,,apartment-1689094
1878,,,1772,no,26,460,room,Uncarpeted,460,room-1689066
1879,,,1773,no,20,495,studio,Unfurnished,485,studio-1688974
1880,,,1774,no,60,785,apartment,Unfurnished,,apartment-1689095
1881,,,1775,no,18,495,room,Unfurnished,,room-1689046
1882,,,1776,no,145,3250,apartment,Unfurnished,,apartment-1689107
1883,,,1777,no,6,500,room,Furnished,,room-1689064
1884,,,1778,no,12,395,room,Unfurnished,,room-1689073
1885,,,1779,no,60,1250,apartment,Furnished,1250,apartment-1689074
1886,,,1527,no,6,295,room,Unfurnished,,room-1689109
1887,,,1780,no,70,1850,apartment,Unfurnished,,apartment-1689108
1888,,,1781,no,9,520,room,Unfurnished,478,room-1689031
1889,,,1782,no,30,322,room,Furnished,150,room-1689059
1890,,,1783,no,14,250,room,Furnished,500,room-1641569
1891,,,1783,no,30,475,studio,Furnished,950,studio-1689049
1892,,,1783,no,16,275,room,Furnished,0,room-1689050
1893,,,1784,no,15,400,room,Furnished,,room-1689136
1894,,,1785,no,12,690,room,Furnished,690,room-1689141
1895,,,1786,no,28,425,room,Furnished,,room-1689012
1896,,,1787,no,18,500,studio,Furnished,750,studio-1688900
1897,,,1686,no,182,700,room,Furnished,1100,room-1689133
1898,,,1788,no,90,2150,apartment,Furnished,,apartment-1689104
1899,,,1789,no,85,2950,apartment,Furnished,,apartment-1689103
1900,,,1789,no,85,2950,apartment,Furnished,,apartment-1689102
1901,,,1790,no,14,302,room,,,room-1689098
1902,,,1791,no,35,950,apartment,Furnished,,apartment-1689096
1903,,,1792,no,66,1650,apartment,Furnished,,apartment-1689087
1904,,,1793,no,55,2150,apartment,Furnished,,apartment-1689086
1905,,,1794,no,24,340,room,Uncarpeted,,room-1689029
1906,,,1795,no,19,410,room,Uncarpeted,,room-1689021
1907,,,1069,no,12,320,room,Uncarpeted,,room-1689020
1908,,,1796,no,60,2500,apartment,Unfurnished,5000,apartment-1689014
1909,,,1205,no,75,780,apartment,Furnished,0,apartment-1689013
1910,,,1797,no,12,495,room,Unfurnished,550,room-1688992
1911,,,1798,no,45,860,apartment,Unfurnished,1250,apartment-1688982
1912,,,1799,no,12,320,room,Uncarpeted,,room-1688976
1913,,,1800,yes,40,715,apartment,Uncarpeted,1430,apartment-1688928
1914,,,1801,yes,25,585,studio,Unfurnished,585,studio-1688973
1915,,,1802,no,79,1500,apartment,Furnished,,apartment-1688703
1916,,,1803,no,18,395,room,Unfurnished,,room-1688908
1917,,,1804,no,55,690,apartment,Unfurnished,,apartment-1688833
1918,,,1805,no,36,700,studio,Furnished,,studio-1688909
1919,,,1806,no,27,1500,studio,Furnished,1685,studio-1688937
1920,,,1807,no,34,895,studio,Unfurnished,895,studio-1688935
1921,,,1710,no,16,450,room,Uncarpeted,,room-1688918
1922,,,1808,no,40,969,apartment,Unfurnished,,apartment-1688835
1923,,,1809,no,15,445,room,Unfurnished,,room-1688912
1924,,,1810,no,14,400,room,Furnished,,room-1688598
1925,,,1811,no,8,320,apartment,Unfurnished,,apartment-1688836
1926,,,1812,no,15,425,room,Unfurnished,425,room-1688891
1927,,,1813,no,12,695,room,Furnished,,room-1688897
1928,,,1814,no,70,1200,apartment,Furnished,1500,apartment-1688848
1929,,,1815,no,70,1175,apartment,Uncarpeted,1175,apartment-1675643
1930,,,1816,no,51,753,apartment,Uncarpeted,895,apartment-1688566
1931,,,1817,yes,35,600,studio,Uncarpeted,600,studio-1688898
1932,,,1818,no,22,385,room,Furnished,,room-1688896
1933,,,1819,no,15,900,room,Furnished,1500,room-1676229
1934,,,1811,no,11,365,apartment,Unfurnished,,apartment-1688837
1935,,,1811,no,11,365,apartment,Unfurnished,,apartment-1688838
1936,,,1820,no,12,400,room,Furnished,150,room-1688717
1937,,,1821,no,24,520,room,Furnished,100,room-1688787
1938,,,1822,no,11,330,room,Unfurnished,,room-1688884
1939,,,1007,no,15,425,room,Uncarpeted,,room-1688886
1940,,,1823,no,75,1250,apartment,Furnished,2500,apartment-1688840
1941,,,1082,no,14,950,room,Furnished,1900,room-1688825
1942,,,1585,no,11,300,room,Unfurnished,300,room-1688869
1943,,,1824,no,55,850,apartment,Furnished,850,apartment-1688779
1944,,,1825,no,15,370,room,Uncarpeted,420,room-1688783
1945,,,1826,no,14,290,room,Unfurnished,,room-1688855
1946,,,1827,no,20,1115,studio,Uncarpeted,1100,studio-1688874
1947,,,1828,no,14,290,room,Unfurnished,290,room-1688873
1948,,,1829,no,14,500,room,Furnished,100,room-1688858
1949,,,1830,no,30,800,studio,Unfurnished,500,studio-1688865
1950,,,1831,yes,27,450,studio,Uncarpeted,450,studio-1688862
1951,,,1832,no,18,445,apartment,Unfurnished,445,apartment-1688673
1952,,,1833,no,10,1000,room,Furnished,,room-1687948
1953,,,1834,no,86,1095,apartment,Unfurnished,,apartment-1688719
1954,,,1835,no,30,515,studio,Unfurnished,,studio-1688728
1955,,,1808,no,55,784,apartment,Unfurnished,,apartment-1688731
1956,,,1836,no,37,700,studio,Unfurnished,,studio-1688732
1957,,,1837,no,40,750,apartment,Unfurnished,,apartment-1688733
1958,,,1838,no,12,600,room,Furnished,600,room-1688803
1959,,,1839,no,50,1000,apartment,Furnished,,apartment-1688800
1960,,,1840,no,46,875,apartment,Furnished,,apartment-1688757
1961,,,1841,no,15,550,room,Furnished,,room-1688701
1962,,,1842,no,11,950,room,Furnished,950,room-1688712
1963,,,1685,no,20,260,room,Uncarpeted,,room-1677873
1964,,,1843,no,168,2450,apartment,Furnished,,apartment-1688751
1965,,,1844,no,80,2050,apartment,Furnished,,apartment-1688725
1966,,,1845,no,85,1400,apartment,Unfurnished,,apartment-1688724
1967,,,1846,no,68,1650,apartment,Furnished,,apartment-1688723
1968,,,1847,no,123,1050,apartment,Uncarpeted,,apartment-1688721
1969,,,1848,no,32,629,apartment,Uncarpeted,,apartment-1688720
1970,,,1849,no,9,550,room,Furnished,500,room-1688705
1971,,,1850,yes,60,350,apartment,Unfurnished,,apartment-1688699
1972,,,1851,no,18,500,room,Furnished,,room-1688687
1973,,,1852,no,12,325,room,Unfurnished,,room-1688686
1974,,,1853,no,20,380,room,Uncarpeted,,room-1688678
1975,,,1854,no,14,370,room,Unfurnished,370,room-1688628
1976,,,1342,no,22,765,studio,Furnished,765,studio-1688639
1977,,,1855,no,15,600,room,Furnished,600,room-1649383
1978,,,1856,no,26,975,room,Furnished,250,room-1688661
1979,,,1856,no,26,995,room,Furnished,250,room-1688665
1980,,,1856,no,26,1300,apartment,Furnished,250,apartment-1688668
1981,,,1857,no,14,466,room,Furnished,,room-1688667
1982,,,1858,no,10,910,room,Unfurnished,1642,room-1688646
1983,,,1859,no,12,425,room,Unfurnished,,room-1688644
1984,,,1860,no,12,335,room,Unfurnished,335,room-1688672
1985,,,1686,no,18,700,room,Furnished,1100,room-1687599
1986,,,1861,no,14,750,apartment,Furnished,750,apartment-1688626
1987,,,1862,no,25,550,room,Furnished,550,room-1688637
1988,,,1863,no,7,286,room,Uncarpeted,,room-1688531
1989,,,1864,no,40,800,apartment,Furnished,800,apartment-1688619
1990,,,1865,no,10,305,room,Unfurnished,,room-1682619
1991,,,1866,no,14,330,room,Unfurnished,270,room-1687926
1992,,,1867,no,10,210,room,Unfurnished,210,room-1688547
1993,,,1868,no,11,900,room,Furnished,,room-1688609
1994,,,1869,no,12,250,room,Unfurnished,250,room-1688574
1995,,,1870,yes,40,720,apartment,Unfurnished,,apartment-1688592
1996,,,1871,no,16,555,room,Furnished,550,room-1688603
1997,,,1872,no,18,365,room,Unfurnished,,room-1688608
1998,,,1873,no,13,240,room,Unfurnished,480,room-1688539
1999,,,1874,no,80,950,apartment,Unfurnished,,apartment-1688559
2000,,,1875,no,14,335,room,Unfurnished,335,room-1688562
2001,,,1876,no,25,350,room,Furnished,300,room-1688565
2002,,,1877,no,12,280,room,Unfurnished,,room-1688570
2003,,,1878,yes,20,535,studio,Furnished,535,studio-1688577
2004,,,1879,no,40,1350,studio,Furnished,1350,studio-1688605
2005,,,1111,no,15,280,room,Unfurnished,335,room-1675782
2006,,,1880,no,16,500,room,Unfurnished,,room-1688590
2007,,,1881,no,11,285,room,Uncarpeted,285,room-1688583
2008,,,1882,no,10,445,room,Furnished,0,room-1688580
2009,,,1883,no,45,1150,apartment,Unfurnished,2300,apartment-1688582
2010,,,1884,no,65,1500,apartment,Furnished,1500,apartment-1688557
2011,,,1885,no,11,335,room,Unfurnished,,room-1688552
2012,,,1886,no,12,200,room,Unfurnished,0,room-1688475
2013,,,1887,no,12,430,room,Furnished,300,room-1688514
2014,,,1888,no,12,510,room,Furnished,510,room-1688498
2015,,,1889,no,20,500,room,Unfurnished,,room-1688502
2016,,,1629,no,11,310,room,Unfurnished,310,room-1688495
2017,,,1890,no,9,525,room,Furnished,,room-1688527
2018,,,1891,no,25,525,room,Furnished,525,room-1688509
2019,,,1710,no,16,450,room,Uncarpeted,,room-1688494
2020,,,1892,no,18,450,room,Furnished,150,room-1688483
2021,,,1893,no,16,550,room,Furnished,,room-1688466
2022,,,1894,no,20,800,room,Furnished,800,room-1688478
2023,,,1895,no,38,650,studio,Unfurnished,650,studio-1688477
2024,,,1896,no,72,1350,apartment,Furnished,2700,apartment-1688470
2025,,,1897,no,15,680,room,Uncarpeted,600,room-1688476
2026,,,1898,no,82,1150,apartment,Unfurnished,,apartment-1688450
2027,,,1804,no,55,690,apartment,Unfurnished,,apartment-1688452
2028,,,1804,no,53,690,apartment,Unfurnished,,apartment-1688453
2029,,,1899,no,75,1425,apartment,Unfurnished,,apartment-1688460
2030,,,1900,no,115,2048,apartment,Furnished,,apartment-1688461
2031,,,1901,no,12,450,room,Furnished,,room-1688428
2032,,,1902,no,25,750,studio,Uncarpeted,900,studio-1688472
2033,,,1903,no,12,525,apartment,Unfurnished,,apartment-1688467
2034,,,1904,no,30,500,room,Furnished,50,room-1688454
2035,,,1905,no,22,550,room,Furnished,500,room-1688437
2036,,,1906,no,10,280,room,Furnished,280,room-1688335
2037,,,1907,no,17,485,room,Furnished,,room-1688349
2038,,,1908,no,12,300,room,Unfurnished,,room-1688434
2039,,,1909,no,19,490,room,Furnished,490,room-1688426
2040,,,1910,no,12,325,room,Uncarpeted,,room-1688416
2041,,,1911,no,20,475,room,Furnished,475,room-1688288
2042,,,1912,no,18,400,room,Unfurnished,390,room-1688427
2043,,,1913,no,35,730,studio,Furnished,,studio-1688398
2044,,,1914,no,12,395,room,Furnished,0,room-1688406
2045,,,1915,no,9,375,room,Unfurnished,375,room-1688405
2046,,,1916,no,36,895,apartment,Unfurnished,,apartment-1688409
2047,,,1917,no,70,1175,apartment,Unfurnished,,apartment-1688415
2048,,,1918,no,16,400,room,Furnished,400,room-1688308
2049,,,1918,no,18,400,room,Furnished,400,room-1688309
2050,,,1919,no,15,390,room,Uncarpeted,390,room-1686403
2051,,,1920,no,85,990,apartment,Unfurnished,,apartment-1688305
2052,,,1463,no,27,609,studio,Unfurnished,,studio-1688367
2053,,,1921,no,65,1125,apartment,Unfurnished,2250,apartment-1688419
2054,,,1922,no,26,587,studio,Unfurnished,,studio-1688369
2055,,,1347,no,35,799,apartment,Unfurnished,,apartment-1688370
2056,,,1923,no,20,385,studio,Unfurnished,,studio-1688371
2057,,,1924,no,70,1550,apartment,Unfurnished,,apartment-1688382
2058,,,1925,no,26,665,room,Furnished,665,room-1688293
2059,,,1926,no,26,497,room,Uncarpeted,,room-1688399
2060,,,1649,no,20,500,room,Furnished,,room-1688239
2061,,,1927,no,20,600,room,Furnished,,room-1688240
2062,,,1928,no,16,600,room,Furnished,,room-1688241
2063,,,1929,no,17,353,room,,,room-1688375
2064,,,1930,no,22,550,room,,,room-1688373
2065,,,1931,no,36,700,apartment,,,apartment-1688372
2066,,,1932,no,100,1450,apartment,Furnished,,apartment-1688363
2067,,,1933,no,70,1750,apartment,Furnished,,apartment-1688362
2068,,,1934,no,20,490,room,Furnished,490,room-1688357
2069,,,1935,no,80,1395,apartment,Furnished,1450,apartment-1688353
2070,,,1936,no,45,800,room,Unfurnished,430,room-1687517
2071,,,1937,no,16,250,room,Unfurnished,300,room-1688331
2072,,,1938,no,10,330,room,Uncarpeted,330,room-1676657
2073,,,1939,no,90,950,apartment,Unfurnished,950,apartment-1688318
2074,,,1940,no,17,425,room,Unfurnished,850,room-1688317
2075,,,1941,no,19,350,room,Unfurnished,,room-1688313
2076,,,1942,no,16,330,room,Unfurnished,,room-1688311
2077,,,1450,no,12,750,room,Uncarpeted,750,room-1688292
2078,,,1114,no,110,1600,apartment,Furnished,500,apartment-1688277
2079,,,1943,yes,25,500,studio,Furnished,300,studio-1688273
2080,,,1944,no,100,1400,apartment,Furnished,1400,apartment-1679959
2081,,,1945,no,32,800,studio,Unfurnished,500,studio-1686875
2082,,,1946,no,10,400,room,Uncarpeted,,room-1688269
2083,,,1947,no,102,580,room,Furnished,1660,room-1688224
2084,,,1948,no,15,375,room,Unfurnished,375,room-1688213
2085,,,1949,no,63,800,apartment,Furnished,,apartment-1688210
2086,,,1950,yes,48,395,apartment,Furnished,600,apartment-1688181
2087,,,1951,no,18,559,room,Furnished,,room-1688178
2088,,,1952,no,12,620,room,Furnished,50,room-1688211
2089,,,1111,no,15,280,room,Unfurnished,335,room-1680222
2090,,,1953,no,12,400,room,Furnished,750,room-1688204
2091,,,1954,no,18,280,room,Furnished,,room-1688208
2092,,,1955,no,22,375,room,Furnished,,room-1688206
2093,,,1956,no,12,500,room,Furnished,750,room-1688201
2094,,,1957,no,13,500,room,Furnished,,room-1688172
2095,,,1669,no,8,700,room,Unfurnished,,room-1688137
2096,,,1629,no,13,310,room,Uncarpeted,,room-1688184
2097,,,1436,no,6,600,room,Unfurnished,900,room-1688159
2098,,,1958,no,20,440,room,Furnished,0,room-1688161
2099,,,1959,yes,25,590,studio,Furnished,1150,studio-1688129
2100,,,1960,no,35,750,studio,Furnished,,studio-1688169
2101,,,1961,no,40,750,apartment,Furnished,,apartment-1688164
2102,,,1962,no,40,895,apartment,Unfurnished,895,apartment-1688152
2103,,,1963,yes,25,600,studio,Furnished,600,studio-1688122
2104,,,1964,no,18,350,room,Furnished,,room-1688112
2105,,,1634,no,14,500,room,Furnished,400,room-1688149
2106,,,1196,no,11,550,room,Furnished,550,room-1688125
2107,,,1196,no,6,500,room,Furnished,,room-1688124
2108,,,1965,no,25,390,room,Furnished,0,room-1688098
2109,,,1966,no,16,270,room,Uncarpeted,,room-1688107
2110,,,1967,no,23,596,room,Unfurnished,1192,room-1688108
2111,,,1968,no,14,500,room,Furnished,500,room-1688102
2112,,,1968,no,12,450,room,Furnished,450,room-1688101
2113,,,1968,no,14,500,room,Furnished,500,room-1688096
2114,,,1969,no,15,398,room,Furnished,350,room-1688084
2115,,,1970,no,53,875,apartment,Unfurnished,,apartment-1688031
2116,,,1971,no,14,575,room,Furnished,,room-1688039
2117,,,1972,no,13,600,room,Furnished,,room-1688040
2118,,,1973,no,53,845,apartment,Unfurnished,,apartment-1688056
2119,,,1974,no,27,758,apartment,Unfurnished,,apartment-1688057
2120,,,1975,no,35,894,apartment,Unfurnished,,apartment-1688060
2121,,,1976,no,34,735,studio,Furnished,,studio-1688028
2122,,,1977,no,14,345,room,Uncarpeted,345,room-1688025
2123,,,1969,no,15,398,room,Furnished,450,room-1688080
2124,,,1978,no,10,499,room,Furnished,,room-1688079
2125,,,1979,no,24,750,studio,Furnished,750,studio-1688053
2126,,,1980,no,13,485,room,Furnished,250,room-1687904
2127,,,1856,no,57,1300,apartment,Furnished,,apartment-1687925
2128,,,1981,no,9,375,room,Furnished,0,room-1688010
2129,,,1982,no,14,425,room,Furnished,400,room-1688077
2130,,,1983,no,6,349,room,Furnished,285,room-1686638
2131,,,1984,no,20,850,room,Furnished,,room-1679901
2132,,,1985,no,16,308,room,Furnished,,room-1687943
2133,,,1986,no,80,2250,apartment,Unfurnished,2300,apartment-1687578
2134,,,1987,no,75,2500,apartment,Furnished,2400,apartment-1688015
2135,,,1988,no,18,450,room,Furnished,450,room-1688043
2136,,,1989,no,15,480,room,Furnished,400,room-1688041
2137,,,1990,no,15,540,room,Furnished,,room-1687769
2138,,,1991,no,17,430,room,Unfurnished,860,room-1687781
2139,,,1992,no,12,725,room,Furnished,725,room-1687845
2140,,,1707,no,15,350,room,Unfurnished,284,room-1687907
2141,,,1993,no,16,700,room,Furnished,700,room-1687952
2142,,,1614,no,17,550,room,Furnished,,room-1687969
2143,,,1994,no,13,307,room,Unfurnished,350,room-1687960
2144,,,1539,no,30,800,room,Furnished,,room-1687939
2145,,,1282,no,20,560,room,Furnished,900,room-1687023
2146,,,1995,no,55,975,apartment,Unfurnished,2350,apartment-1687888
2147,,,1996,no,10,1000,room,Furnished,,room-1687921
2148,,,1997,no,24,950,studio,Furnished,,studio-1688000
2149,,,1835,no,24,490,studio,Unfurnished,,studio-1687991
2150,,,1974,no,26,583,studio,Unfurnished,,studio-1687989
2151,,,1998,no,16,840,room,Furnished,,room-1687947
2152,,,1999,no,10,450,room,Furnished,500,room-1687974
2153,,,2000,no,40,684,apartment,,,apartment-1687995
2154,,,2001,no,75,900,apartment,,,apartment-1687994
2155,,,2002,no,81,1650,apartment,Unfurnished,,apartment-1687987
2156,,,2003,no,58,1295,apartment,Furnished,,apartment-1687986
2157,,,2004,no,65,650,room,Furnished,650,room-1687963
2158,,,2005,no,12,1000,room,Furnished,500,room-1687961
2159,,,2006,no,15,750,room,Uncarpeted,1000,room-1687941
2160,,,2007,no,8,700,room,Furnished,700,room-1687476
2161,,,2008,no,65,900,apartment,Uncarpeted,900,apartment-1687466
2162,,,1634,no,12,500,room,Furnished,500,room-1687917
2163,,,2009,no,7,590,room,Furnished,200,room-1687912
2164,,,2010,no,11,750,room,Unfurnished,750,room-1687890
2165,,,2011,no,8,265,room,Unfurnished,,room-1687576
2166,,,2012,no,25,400,room,Furnished,,room-1687392
2167,,,1726,no,16,540,room,Furnished,540,room-1679242
2168,,,2013,no,10,350,room,Furnished,300,room-1682699
2169,,,2014,no,14,550,room,Furnished,550,room-1687350
2170,,,2015,no,70,795,apartment,Uncarpeted,,apartment-1687870
2171,,,2016,no,13,600,room,Furnished,600,room-1687349
2172,,,2017,no,20,500,room,Unfurnished,,room-1687482
2173,,,2018,no,16,330,room,Furnished,,room-1687878
2174,,,1629,no,11,310,room,Unfurnished,310,room-1687317
2175,,,2019,yes,32,550,room,Furnished,550,room-1687321
2176,,,2020,no,10,790,apartment,Uncarpeted,1,apartment-1687324
2177,,,2021,no,17,400,room,Unfurnished,,room-1687745
2178,,,2022,no,10,470,room,Furnished,470,room-1687570
2179,,,2023,no,12,250,room,Furnished,,room-1679842
2180,,,2024,no,10,750,room,Unfurnished,,room-1687820
2181,,,2025,no,12,665,room,Furnished,,room-1687572
2182,,,2026,no,16,330,room,Uncarpeted,,room-1687825
2183,,,2027,no,16,550,room,Furnished,,room-1687867
2184,,,2028,no,75,995,apartment,Unfurnished,,apartment-1687312
2185,,,1774,no,40,750,apartment,Unfurnished,,apartment-1687535
2186,,,2029,no,74,995,apartment,Unfurnished,,apartment-1687311
2187,,,2030,no,57,1260,studio,Furnished,600,studio-1687383
2188,,,2031,no,125,1150,apartment,Unfurnished,,apartment-1687536
2189,,,2032,no,17,400,room,Furnished,0,room-1687822
2190,,,2033,no,28,475,studio,Unfurnished,475,studio-1687830
2191,,,2034,no,97,1700,apartment,Unfurnished,,apartment-1687849
2192,,,2035,no,12,450,room,Furnished,900,room-1687362
2193,,,2036,no,13,475,room,Furnished,,room-1687748
2194,,,2037,no,14,500,room,Furnished,0,room-1687644
2195,,,2038,no,15,715,room,Unfurnished,,room-1687749
2196,,,2039,no,8,390,room,Uncarpeted,,room-1676286
2197,,,2040,no,21,875,room,Unfurnished,875,room-1687846
2198,,,1205,no,70,780,room,Furnished,0,room-1687818
2199,,,2041,no,11,500,room,Unfurnished,500,room-1687761
2200,,,2042,yes,38,700,studio,Uncarpeted,,studio-1687516
2201,,,2043,no,12,375,room,Furnished,375,room-1687764
2202,,,2044,no,9,550,room,Furnished,,room-1687814
2203,,,1696,no,25,1200,studio,Furnished,,studio-1666708
2204,,,1696,no,25,1200,studio,Furnished,,studio-1661864
2205,,,2045,no,30,750,room,Unfurnished,1500,room-1687837
2206,,,2046,no,10,265,room,Unfurnished,,room-1687153
2207,,,2047,no,48,650,room,Unfurnished,,room-1687154
2208,,,1320,no,16,275,room,Unfurnished,,room-1687171
2209,,,1327,no,14,600,room,Furnished,300,room-1687207
2210,,,1411,no,23,405,room,Furnished,,room-1687807
2211,,,2048,no,9,600,room,Furnished,,room-1687477
2212,,,2049,no,68,850,apartment,Furnished,850,apartment-1687792
2213,,,2045,no,14,575,room,Unfurnished,1150,room-1687790
2214,,,2050,no,12,300,room,Unfurnished,300,room-1563602
2215,,,2045,no,10,500,room,Unfurnished,1000,room-1687784
2216,,,2051,no,15,400,room,Uncarpeted,400,room-1687787
2217,,,2052,no,18,249,room,Furnished,,room-1687776
2218,,,2053,no,30,850,studio,Furnished,,studio-1670840
2219,,,2054,no,20,380,room,Furnished,380,room-1677120
2220,,,2055,no,20,350,room,Uncarpeted,,room-1687515
2221,,,2056,no,90,675,room,Unfurnished,675,room-1687763
2222,,,2057,no,64,900,apartment,Furnished,,apartment-1687724
2223,,,2058,no,95,1950,apartment,Unfurnished,1950,apartment-1687733
2224,,,1237,no,13,365,room,Unfurnished,,room-1687732
2225,,,1148,no,16,245,room,Unfurnished,700,room-1687032
2226,,,2059,no,20,600,room,Unfurnished,,room-1687014
2227,,,2060,no,15,500,room,Furnished,400,room-1687656
2228,,,2061,no,22,430,room,Furnished,100,room-1687179
2229,,,2062,no,90,1300,room,Unfurnished,,room-1686963
2230,,,2063,no,70,925,apartment,Unfurnished,,apartment-1687098
2231,,,2064,no,20,295,room,Unfurnished,310,room-1687055
2232,,,2065,no,115,1200,apartment,Unfurnished,,apartment-1687052
2233,,,2066,no,91,1250,apartment,Furnished,,apartment-1687048
2234,,,2067,no,25,604,studio,Unfurnished,,studio-1687405
2235,,,2068,no,135,2600,apartment,Unfurnished,,apartment-1687099
2236,,,2069,no,140,1950,apartment,Furnished,,apartment-1687624
2237,,,2070,no,17,650,room,Furnished,,room-1687020
2238,,,2071,no,20,580,room,Furnished,500,room-1687431
2239,,,2072,no,70,800,apartment,Furnished,500,apartment-1687690
2240,,,2073,no,22,370,room,Unfurnished,,room-1687063
2241,,,2074,no,14,340,room,Unfurnished,300,room-1687683
2242,,,2075,no,20,350,room,Furnished,350,room-1687079
2243,,,2075,no,14,300,room,Furnished,350,room-1687081
2244,,,1214,no,10,378,room,Unfurnished,305,room-1687287
2245,,,2076,no,62,1000,apartment,Furnished,2000,apartment-1687056
2246,,,2062,no,80,1100,apartment,Unfurnished,1500,apartment-1687677
2247,,,2077,no,80,1150,apartment,Uncarpeted,1500,apartment-1687675
2248,,,2078,no,12,785,room,Furnished,690,room-1687673
2249,,,2079,no,8,300,room,Furnished,,room-1439907
2250,,,2080,no,12,210,room,Unfurnished,300,room-1687186
2251,,,2081,no,32,819,studio,Furnished,719,studio-1687641
2252,,,2082,no,85,1215,apartment,Unfurnished,,apartment-1687633
2253,,,2083,no,10,495,room,Furnished,565,room-1687640
2254,,,2084,no,15,420,room,Uncarpeted,420,room-1686975
2255,,,2084,no,15,430,room,Uncarpeted,430,room-1686993
2256,,,2085,no,52,850,apartment,Furnished,850,apartment-1687637
2257,,,2083,no,10,495,room,Furnished,565,room-1687638
2258,,,2086,no,17,950,room,Furnished,1900,room-1687636
2259,,,2087,no,18,650,room,Furnished,,room-1687003
2260,,,2087,no,16,550,room,Furnished,,room-1687004
2261,,,1856,no,26,999,room,Furnished,500,room-1687009
2262,,,1856,no,26,1300,room,Furnished,500,room-1687012
2263,,,2088,no,12,315,room,Furnished,,room-1687115
2264,,,2089,no,8,400,room,Furnished,0,room-1687238
2265,,,2090,no,30,1200,studio,Furnished,,studio-1687276
2266,,,2091,no,65,1675,apartment,Furnished,,apartment-1687278
2267,,,2092,no,60,820,apartment,Furnished,450,apartment-1687614
2268,,,2093,yes,27,650,studio,Furnished,650,studio-1462587
2269,,,2094,no,7,600,room,Furnished,300,room-1686971
2270,,,1011,no,24,515,room,Unfurnished,1030,room-1686934
2271,,,2095,no,18,425,room,Unfurnished,850,room-1686995
2272,,,1771,no,32,615,studio,Unfurnished,1230,studio-1686994
2273,,,2095,no,15,385,room,Unfurnished,770,room-1686997
2274,,,2096,no,18,425,room,Furnished,,room-1687107
2275,,,2097,no,12,545,room,Furnished,545,room-1687308
2276,,,2098,no,14,395,room,Unfurnished,395,room-1687290
2277,,,2099,no,13,385,room,Furnished,300,room-1687331
2278,,,2098,no,13,395,room,Unfurnished,395,room-1687340
2279,,,2098,no,10,375,room,Unfurnished,375,room-1687346
2280,,,2100,no,17,350,room,Furnished,350,room-1687345
2281,,,2101,no,15,330,room,Unfurnished,,room-1687376
2282,,,2102,no,14,850,room,Furnished,850,room-1687129
2283,,,1320,no,16,275,room,Unfurnished,,room-1687598
2284,,,2103,no,14,528,room,Uncarpeted,,room-1687408
2285,,,2104,no,9,400,room,Furnished,,room-1687410
2286,,,2105,no,62,1750,apartment,Furnished,3500,apartment-1687411
2287,,,2106,no,17,405,room,Furnished,405,room-1687419
2288,,,2107,no,13,300,room,Furnished,,room-1687426
2289,,,1926,no,14,380,room,Uncarpeted,,room-1687436
2290,,,2108,no,25,1250,studio,Furnished,1500,studio-1687448
2291,,,2109,no,32,675,room,Furnished,675,room-1687588
2292,,,2110,no,6,225,room,Unfurnished,225,room-1687463
2293,,,2111,no,8,600,room,Unfurnished,,room-1687480
2294,,,1022,no,16,700,room,Unfurnished,650,room-1687140
2295,,,2112,no,17,450,room,Furnished,,room-1687229
2296,,,2113,no,40,900,room,Unfurnished,900,room-1687157
2297,,,1906,no,10,225,room,Furnished,0,room-1687163
2298,,,2114,no,12,415,room,Furnished,,room-1687161
2299,,,2115,no,21,300,room,Furnished,300,room-1687573
2300,,,2116,no,65,900,apartment,Furnished,,apartment-1687310
2301,,,2117,no,13,365,room,Unfurnished,365,room-1687191
2302,,,2118,no,14,700,apartment,Furnished,633,apartment-1687302
2303,,,2119,no,13,780,room,Furnished,700,room-1687240
2304,,,2120,no,20,950,room,Unfurnished,1800,room-1687248
2305,,,2121,no,14,550,room,Furnished,550,room-1687559
2306,,,2122,no,13,750,room,Furnished,750,room-1687330
2307,,,2123,no,17,600,room,Unfurnished,550,room-1687328
2308,,,2124,no,15,800,room,Furnished,800,room-1687391
2309,,,2125,no,65,1285,apartment,Furnished,500,apartment-1687403
2310,,,2126,no,20,750,room,Furnished,800,room-1679741
2311,,,2127,no,18,400,room,Unfurnished,400,room-1687414
2312,,,2128,no,15,750,room,Furnished,750,room-1687445
2313,,,2129,no,14,335,room,Unfurnished,,room-1687455
2314,,,2130,no,20,550,room,Furnished,800,room-1686524
2315,,,2078,no,16,925,room,Furnished,925,room-1679630
2316,,,2131,no,12,400,room,Furnished,50,room-1687523
2317,,,1279,no,12,290,room,Unfurnished,,room-1677866
2318,,,1279,no,12,290,room,Unfurnished,,room-1677000
2319,,,1279,no,12,290,room,Unfurnished,,room-1679183
2320,,,2132,no,87,1795,apartment,Unfurnished,,apartment-1687270
2321,,,2132,no,56,1650,apartment,Unfurnished,,apartment-1687269
2322,,,2133,no,12,340,room,Unfurnished,,room-1679520
2323,,,2046,no,12,270,room,Unfurnished,,room-1677072
2324,,,2046,no,12,270,room,Unfurnished,,room-1677073
2325,,,2134,no,140,2750,apartment,Unfurnished,,apartment-1687044
2326,,,2135,no,70,1850,apartment,Furnished,,apartment-1687043
2327,,,2136,no,12,650,room,Furnished,,room-1686936
2328,,,2137,no,50,1400,apartment,Unfurnished,,apartment-1686927
2329,,,2138,yes,34,500,apartment,Furnished,350,apartment-1686919
2330,,,2139,no,12,325,room,Unfurnished,0,room-1686921
2331,,,2140,no,25,450,room,Unfurnished,,room-1686902
2332,,,2141,no,16,750,room,Furnished,,room-1686901
2333,,,2142,no,20,390,room,Furnished,,room-1686897
2334,,,2141,no,16,750,room,Furnished,,room-1686898
2335,,,2142,no,10,285,room,Unfurnished,,room-1686507
2336,,,2143,no,55,900,apartment,Furnished,1000,apartment-1686884
2337,,,2144,no,10,450,room,Unfurnished,450,room-1686881
2338,,,2145,no,22,700,room,Furnished,100,room-1686871
2339,,,1922,no,16,482,studio,Unfurnished,,studio-1686741
2340,,,2146,no,6,325,room,Unfurnished,400,room-1686756
2341,,,2147,no,13,825,room,Furnished,,room-1686854
2342,,,2148,no,14,400,room,Uncarpeted,400,room-1686865
2343,,,2149,no,27,525,room,Unfurnished,550,room-1686873
2344,,,1139,no,16,300,room,Unfurnished,,room-1686859
2345,,,1139,no,16,300,room,Unfurnished,,room-1686862
2346,,,2150,no,50,850,apartment,Furnished,1700,apartment-1686722
2347,,,2151,no,18,600,room,Furnished,,room-1686814
2348,,,2152,no,60,700,apartment,Unfurnished,,apartment-1686737
2349,,,2153,no,30,515,studio,Unfurnished,,studio-1686734
2350,,,1615,no,15,450,room,Furnished,900,room-1686831
2351,,,2154,no,65,950,apartment,Furnished,,apartment-1686755
2352,,,1015,yes,15,495,studio,Furnished,1000,studio-1686762
2353,,,1615,no,15,500,room,Furnished,500,room-1686827
2354,,,1698,no,20,310,room,Unfurnished,750,room-1686713
2355,,,2155,no,80,430,room,Unfurnished,400,room-1686790
2356,,,2156,no,12,300,room,Unfurnished,,room-1686828
2357,,,2157,no,16,700,room,Furnished,,room-1686778
2358,,,2158,no,10,875,room,Furnished,1,room-1686758
2359,,,2159,no,75,900,apartment,Unfurnished,,apartment-1686804
2360,,,2160,no,60,1295,apartment,Unfurnished,,apartment-1686803
2361,,,2161,no,24,600,apartment,Unfurnished,,apartment-1686802
2362,,,2162,no,85,1350,apartment,Furnished,,apartment-1686744
2363,,,1725,no,100,1450,apartment,Furnished,,apartment-1686731
2364,,,2163,no,18,580,room,Unfurnished,495,room-1686707
2365,,,2164,no,31,880,room,Furnished,1760,room-1686701
2366,,,2164,no,25,750,room,Furnished,1500,room-1686700
2367,,,1976,no,34,735,studio,Furnished,735,studio-1686693
2368,,,2165,no,15,600,room,Furnished,0,room-1686687
2369,,,2166,no,15,800,room,Furnished,,room-1686666
2370,,,2167,no,16,995,room,Furnished,1000,room-1686681
2371,,,2168,no,10,650,room,Furnished,,room-1686676
2372,,,1771,no,9,235,room,Unfurnished,470,room-1686674
2373,,,2052,no,18,289,room,Furnished,,room-1686670
2374,,,1771,no,20,425,studio,Unfurnished,850,studio-1686660
2375,,,2150,no,50,850,apartment,Furnished,1700,apartment-1686646
2376,,,2169,no,14,280,room,Uncarpeted,50,room-1686643
2377,,,2170,no,8,380,room,Unfurnished,380,room-1686636
2378,,,1051,no,20,795,room,Furnished,795,room-1686632
2379,,,2171,no,16,350,room,Unfurnished,,room-1686620
2380,,,1311,no,10,550,room,Furnished,,room-1686623
2381,,,2172,no,16,450,room,Furnished,450,room-1686619
2382,,,2173,no,15,400,room,Furnished,300,room-1686602
2383,,,2174,no,80,575,room,Furnished,0,room-1686599
2384,,,2175,no,16,875,room,Furnished,,room-1686579
2385,,,2176,no,15,376,room,Unfurnished,752,room-1686573
2386,,,2177,no,10,750,room,Furnished,,room-1686569
2387,,,1116,yes,23,636,studio,Uncarpeted,,studio-1686557
2388,,,2178,no,9,300,room,Furnished,0,room-1686547
2389,,,2179,no,14,650,apartment,Furnished,650,apartment-1686546
2390,,,2180,no,12,485,room,Furnished,450,room-1686477
2391,,,2181,no,10,450,room,Furnished,450,room-1686601
2392,,,2182,no,14,388,room,Uncarpeted,388,room-1686595
2393,,,2183,no,14,450,room,Furnished,100,room-1686575
2394,,,2184,no,13,460,room,Unfurnished,390,room-1686540
2395,,,2185,no,11,435,room,Furnished,600,room-1686516
2396,,,1454,no,10,400,room,Unfurnished,400,room-1686518
2397,,,1698,no,20,310,room,Unfurnished,750,room-1686520
2398,,,1767,no,10,350,room,Furnished,100,room-1686517
2399,,,1635,no,12,306,room,Uncarpeted,,room-1686478
2400,,,2186,no,13,350,room,Uncarpeted,350,room-1686189
2401,,,2187,no,48,850,room,Unfurnished,,room-1686465
2402,,,2188,no,15,300,room,Uncarpeted,,room-1686444
2403,,,2189,no,20,390,room,Uncarpeted,390,room-1686419
2404,,,2189,no,17,395,room,Unfurnished,395,room-1686426
2405,,,2190,no,18,346,room,Uncarpeted,100,room-1686447
2406,,,1460,no,14,750,room,Furnished,750,room-1686466
2407,,,1281,no,20,650,room,Furnished,,room-1686443
2408,,,2191,no,33,825,apartment,Unfurnished,,apartment-1686430
2409,,,2192,no,18,475,room,Unfurnished,475,room-1686398
2410,,,2193,no,27,505,studio,Unfurnished,,studio-1686374
2411,,,2193,no,24,495,studio,Unfurnished,,studio-1686373
2412,,,2193,no,24,499,studio,Unfurnished,,studio-1686372
2413,,,2193,no,22,484,studio,Unfurnished,,studio-1686371
2414,,,2193,no,22,484,studio,Unfurnished,,studio-1686370
2415,,,2194,no,38,645,apartment,Unfurnished,,apartment-1686380
2416,,,2195,no,11,600,room,Furnished,,room-1686351
2417,,,1870,yes,40,720,apartment,Unfurnished,,apartment-1686386
2418,,,1355,no,120,1000,apartment,Furnished,1000,apartment-1686395
2419,,,2196,no,35,840,apartment,Unfurnished,1680,apartment-1686401
2420,,,1757,no,14,350,room,Unfurnished,350,room-1686396
2421,,,2197,no,14,500,room,Furnished,,room-1686338
2422,,,1256,no,8,399,room,Furnished,450,room-1686330
2423,,,2198,no,146,1795,apartment,Furnished,,apartment-1686375
2424,,,2199,no,8,750,room,Furnished,1600,room-1686218
2425,,,2200,no,105,1200,apartment,Furnished,1200,apartment-1686282
2426,,,2201,no,8,195,room,Uncarpeted,,room-1686299
2427,,,2202,no,20,750,room,Unfurnished,,room-1686285
2428,,,2203,no,12,506,room,Unfurnished,506,room-1686273
2429,,,2204,no,28,450,room,Furnished,500,room-1686261
2430,,,2205,no,15,780,room,Furnished,700,room-1686249
2431,,,2206,no,12,275,room,Uncarpeted,,room-1686239
2432,,,2207,no,35,555,room,Furnished,,room-1686240
2433,,,2208,no,31,799,room,Furnished,,room-1686230
2434,,,1560,no,67,1450,apartment,Unfurnished,2900,apartment-1686208
2435,,,2183,no,12,600,room,Furnished,,room-1686217
2436,,,2209,no,20,460,studio,Furnished,,studio-1686212
2437,,,2210,no,10,395,room,Unfurnished,315,room-1686343
2438,,,2211,no,56,1360,apartment,Furnished,2620,apartment-1686339
2439,,,2212,no,10,295,room,Unfurnished,350,room-1686266
2440,,,2213,yes,29,650,studio,Unfurnished,,studio-1686253
2441,,,2214,no,9,280,room,Unfurnished,280,room-1686241
2442,,,2215,no,78,1500,apartment,Furnished,3000,apartment-1686228
2443,,,2216,no,12,300,room,Unfurnished,300,room-1686209
2444,,,2217,no,15,450,room,Furnished,,room-1686198
2445,,,2218,no,12,380,room,Furnished,,room-1686195
2446,,,2219,no,20,750,room,Furnished,,room-1686188
2447,,,1554,no,15,545,room,Furnished,545,room-1686179
2448,,,2220,no,18,524,room,Unfurnished,524,room-1686182
2449,,,2221,no,24,506,room,Furnished,506,room-1686183
2450,,,2222,no,18,543,room,Unfurnished,543,room-1686186
2451,,,1554,no,17,585,room,Unfurnished,585,room-1686176
2452,,,2223,no,25,640,studio,Unfurnished,,studio-1686178
2453,,,2224,no,24,606,room,Furnished,606,room-1686172
2454,,,2179,no,12,650,apartment,Furnished,650,apartment-1686154
2455,,,2225,no,10,550,room,Furnished,,room-1686167
2456,,,2226,no,45,1175,apartment,Furnished,,apartment-1686155
2457,,,2227,no,19,305,room,Furnished,250,room-1686156
2458,,,2228,no,12,320,room,Uncarpeted,,room-1686119
2459,,,2229,no,30,450,room,Furnished,0,room-1686152
2460,,,2230,no,12,640,room,Unfurnished,640,room-1686127
2461,,,1416,no,20,750,room,Furnished,,room-1686093
2462,,,1922,no,26,570,studio,Unfurnished,,studio-1686003
2463,,,2231,no,114,1800,apartment,Unfurnished,,apartment-1686070
2464,,,2232,no,95,1950,apartment,Furnished,,apartment-1686078
2465,,,2233,no,250,3350,apartment,Furnished,,apartment-1686079
2466,,,2234,no,75,1650,apartment,Furnished,,apartment-1686083
2467,,,2235,no,20,475,room,Unfurnished,,room-1686124
2468,,,2236,no,10,320,room,Furnished,640,room-1686101
2469,,,2237,no,35,750,apartment,Unfurnished,,apartment-1686113
2470,,,2238,no,20,300,room,Furnished,50,room-1686058
2471,,,1482,no,80,1550,apartment,Furnished,2000,apartment-1686060
2472,,,2239,no,10,700,room,Furnished,1000,room-1686062
2473,,,2240,no,19,395,room,Unfurnished,600,room-1686055
2474,,,2048,no,9,650,room,Furnished,,room-1686051
2475,,,2241,no,13,916,room,Unfurnished,916,room-1686048
2476,,,2242,no,92,1395,apartment,Unfurnished,1395,apartment-1686036
2477,,,2243,no,15,600,room,Unfurnished,,room-1686024
2478,,,2244,no,30,600,room,Furnished,650,room-1686053
2479,,,2245,no,70,820,apartment,Unfurnished,,apartment-1686001
2480,,,2246,no,20,398,room,Uncarpeted,398,room-1685995
2481,,,2247,yes,22,680,studio,Unfurnished,,studio-1686049
2482,,,2248,no,12,285,room,Furnished,0,room-1686050
2483,,,2249,no,159,4250,apartment,Unfurnished,,apartment-1686010
2484,,,2250,no,69,985,apartment,Unfurnished,,apartment-1686008
2485,,,2251,no,65,890,apartment,Unfurnished,,apartment-1685997
2486,,,2252,no,15,595,room,Furnished,300,room-1685993
2487,,,2253,no,10,1200,room,Furnished,500,room-1685974
2488,,,2254,no,18,850,room,Furnished,850,room-1685952
2489,,,2255,no,40,1350,apartment,Furnished,1250,apartment-1685637
2490,,,1561,no,45,500,apartment,Furnished,500,apartment-1685817
2491,,,2256,no,25,550,room,Uncarpeted,,room-1685907
2492,,,2257,no,13,800,room,Furnished,800,room-1685905
2493,,,2258,no,55,1300,apartment,Furnished,,apartment-1685902
2494,,,1081,no,25,625,room,Furnished,,room-1685894
2495,,,1235,no,12,324,room,Unfurnished,280,room-1685870
2496,,,2007,no,6,615,apartment,Furnished,625,apartment-1685848
2497,,,2259,yes,27,659,studio,Furnished,300,studio-1685836
2498,,,2260,no,19,375,room,Furnished,375,room-1685830
2499,,,2261,no,41,1500,apartment,Furnished,,apartment-1685770
2500,,,2262,no,150,2500,room,Furnished,3500,room-1685804
2501,,,2263,no,14,750,room,Furnished,,room-1685789
2502,,,2264,no,11,375,room,Unfurnished,375,room-1685752
2503,,,2265,no,102,1495,apartment,Furnished,,apartment-1685716
2504,,,1871,no,7,400,room,Furnished,400,room-1685689
2505,,,2266,no,20,405,room,Uncarpeted,405,room-1685672
2506,,,2267,yes,35,720,studio,Furnished,,studio-1685658
2507,,,2268,no,20,300,room,Uncarpeted,0,room-1685921
2508,,,2269,no,20,510,room,Furnished,,room-1685911
2509,,,2270,no,18,490,room,Furnished,275,room-1685889
2510,,,2271,no,20,550,room,Furnished,200,room-1685859
2511,,,2272,yes,12,615,studio,Furnished,615,studio-1685855
2512,,,2272,yes,19,675,studio,Furnished,675,studio-1685852
2513,,,2262,no,30,825,apartment,Furnished,,apartment-1685800
2514,,,1111,no,16,280,room,Furnished,,room-1685803
2515,,,2273,no,10,429,room,Furnished,,room-1685796
2516,,,2274,no,16,540,room,Furnished,540,room-1685764
2517,,,2275,yes,24,465,room,Unfurnished,,room-1685758
2518,,,1629,no,11,310,room,Unfurnished,310,room-1685776
2519,,,2276,no,14,495,room,Unfurnished,495,room-1685781
2520,,,2277,no,14,420,room,Uncarpeted,0,room-1685673
2521,,,2278,no,11,465,room,Furnished,465,room-1685787
2522,,,2278,no,12,480,room,Furnished,480,room-1685786
2523,,,2278,no,12,495,room,Furnished,495,room-1685785
2524,,,2279,no,91,1800,apartment,Furnished,3600,apartment-1685745
2525,,,2280,no,50,970,apartment,Unfurnished,1135,apartment-1685778
2526,,,2281,no,9,275,room,Unfurnished,550,room-1685736
2527,,,2282,no,20,444,room,Furnished,,room-1685682
2528,,,1111,no,50,750,studio,Unfurnished,750,studio-1685687
2529,,,2283,no,23,1200,room,Furnished,1200,room-1684742
2530,,,2284,no,20,550,room,Furnished,550,room-1685647
2531,,,2285,no,19,350,room,Furnished,,room-1685606
2532,,,2286,no,20,310,room,Unfurnished,,room-1685623
2533,,,2287,no,45,370,studio,Uncarpeted,,studio-1685619
2534,,,2288,no,85,1495,apartment,Furnished,3300,apartment-1685642
2535,,,2289,no,15,480,apartment,Furnished,480,apartment-1685587
2536,,,2290,no,60,1200,apartment,Furnished,,apartment-1685577
2537,,,1613,no,93,1450,studio,Unfurnished,,studio-1685626
2538,,,2291,no,22,450,room,Furnished,,room-1685590
2539,,,2292,yes,45,569,apartment,Unfurnished,569,apartment-1685572
2540,,,2293,no,65,850,room,Furnished,850,room-1685561
2541,,,2294,no,14,475,room,Furnished,,room-1685558
2542,,,2295,no,16,750,room,Furnished,500,room-1685556
2543,,,2296,no,12,600,room,Furnished,400,room-1685551
2544,,,2297,no,7,700,room,Furnished,,room-1685542
2545,,,2298,no,16,530,room,Unfurnished,0,room-1684651
2546,,,2299,no,15,530,room,Furnished,,room-1685498
2547,,,2300,no,14,950,room,Furnished,,room-1685553
2548,,,2301,no,21,850,studio,Furnished,,studio-1685548
2549,,,2302,no,114,1800,apartment,Furnished,,apartment-1685479
2550,,,2303,yes,27,600,studio,Furnished,650,studio-1685538
2551,,,2304,no,14,590,room,Furnished,1200,room-1685543
2552,,,2305,no,13,550,room,Uncarpeted,550,room-1685472
2553,,,2306,no,23,325,apartment,Unfurnished,450,apartment-1685516
2554,,,2307,no,14,570,room,Furnished,1140,room-1685428
2555,,,2308,no,25,400,room,Furnished,,room-1685499
2556,,,2309,no,18,500,studio,Furnished,500,studio-1685449
2557,,,2310,no,23,485,room,Furnished,,room-1685431
2558,,,2311,no,13,375,room,Uncarpeted,375,room-1685485
2559,,,2312,no,15,650,room,Uncarpeted,,room-1685393
2560,,,2313,no,18,600,room,Furnished,600,room-1685426
2561,,,2314,no,14,340,room,Furnished,,room-1685419
2562,,,2315,no,14,255,room,Furnished,300,room-1685480
2563,,,2316,no,67,1600,apartment,Unfurnished,0,apartment-1685457
2564,,,1572,no,19,310,room,Unfurnished,750,room-1685410
2565,,,1759,no,13,275,room,Unfurnished,,room-1685399
2566,,,1414,no,8,580,room,Uncarpeted,,room-1685433
2567,,,2317,no,180,1295,apartment,Unfurnished,2000,apartment-1685402
2568,,,2318,no,12,350,room,Uncarpeted,98,room-1685379
2569,,,2319,no,25,550,studio,Furnished,300,studio-1685363
2570,,,2320,yes,18,475,room,Unfurnished,950,room-1685360
2571,,,2321,no,17,540,room,Furnished,,room-1685347
2572,,,1327,no,12,615,room,Unfurnished,500,room-1685297
2573,,,2322,no,16,445,room,Furnished,445,room-1685353
2574,,,2323,no,130,1200,apartment,Furnished,300,apartment-1685350
2575,,,2324,yes,20,350,room,Unfurnished,0,room-1685349
2576,,,2325,no,10,600,room,Furnished,675,room-1685327
2577,,,2326,no,21,300,room,Furnished,,room-1685298
2578,,,2327,no,15,350,room,Furnished,350,room-1685294
2579,,,2224,no,24,606,room,Furnished,606,room-1685295
2580,,,2328,no,12,250,room,Uncarpeted,,room-1685285
2581,,,2329,no,15,975,room,Furnished,2000,room-1685279
2582,,,2255,no,12,650,room,Unfurnished,650,room-1685263
2583,,,2330,no,12,690,room,Furnished,500,room-1685268
2584,,,2331,no,76,1650,apartment,Furnished,,apartment-1685252
2585,,,2332,no,25,510,room,Furnished,,room-1685228
2586,,,2333,no,31,750,studio,Furnished,750,studio-1685250
2587,,,1938,no,11,330,room,Uncarpeted,330,room-1684749
2588,,,2334,no,12,650,room,Furnished,,room-1685208
2589,,,2335,no,16,405,room,Unfurnished,0,room-1685205
2590,,,2336,no,12,300,room,Unfurnished,300,room-1685193
2591,,,2337,no,12,300,room,Unfurnished,,room-1685195
2592,,,2338,no,10,285,room,Furnished,,room-1685154
2593,,,2339,no,16,450,room,Furnished,200,room-1685183
2594,,,1111,no,15,280,room,Unfurnished,335,room-1685178
2595,,,2340,no,15,450,room,Furnished,0,room-1685169
2596,,,2341,no,45,850,apartment,Furnished,1500,apartment-1685167
2597,,,2342,no,21,455,room,Furnished,,room-1685166
2598,,,2343,no,20,900,studio,Furnished,900,studio-1685160
2599,,,2344,no,6,350,room,Unfurnished,350,room-1685149
2600,,,2345,no,10,711,room,Furnished,,room-1685114
2601,,,2346,no,13,750,room,Furnished,750,room-1685132
2602,,,2347,no,60,1100,apartment,Unfurnished,1400,apartment-1685122
2603,,,2348,no,12,420,room,Uncarpeted,,room-1685117
2604,,,1320,no,16,275,room,Unfurnished,,room-1685111
2605,,,2349,no,12,560,room,Furnished,250,room-1685079
2606,,,2350,no,12,600,room,Furnished,150,room-1685063
2607,,,1534,no,50,950,apartment,Furnished,1100,apartment-1685057
2608,,,1326,no,10,600,room,Unfurnished,0,room-1685055
2609,,,2351,no,30,390,room,Unfurnished,0,room-1685102
2610,,,1635,no,11,300,room,Unfurnished,0,room-1685082
2611,,,1460,no,14,800,room,Furnished,500,room-1685076
2612,,,1279,no,100,1250,apartment,Furnished,,apartment-1685052
2613,,,2352,no,8,500,room,Furnished,500,room-1685002
2614,,,2353,no,12,750,room,Furnished,1500,room-1684985
2615,,,2353,no,12,750,room,Furnished,1400,room-1684984
2616,,,2354,no,16,450,room,Furnished,,room-1684983
2617,,,1763,no,11,510,room,Unfurnished,560,room-1684971
2618,,,2334,no,24,900,room,Furnished,,room-1684961
2619,,,2355,no,25,480,room,Furnished,,room-1684952
2620,,,2356,no,12,680,room,Furnished,300,room-1684944
2621,,,2357,no,24,560,room,Furnished,,room-1684946
2622,,,1698,no,19,310,room,Unfurnished,750,room-1684941
2623,,,2357,no,10,470,room,Furnished,,room-1684934
2624,,,1698,no,19,310,room,Unfurnished,850,room-1684940
2625,,,1059,no,12,415,room,Furnished,415,room-1684932
2626,,,2358,no,14,400,room,Unfurnished,200,room-1684922
2627,,,2359,no,16,645,room,Furnished,250,room-1684862
2628,,,2360,no,37,800,room,Furnished,500,room-1684908
2629,,,2202,no,20,795,room,Unfurnished,750,room-1684872
2630,,,2361,no,22,475,room,Unfurnished,475,room-1684873
2631,,,2362,no,24,860,room,Furnished,860,room-1684863
2632,,,2362,no,125,2600,apartment,Furnished,2650,apartment-1684857
2633,,,2363,no,70,1300,apartment,Furnished,,apartment-1684853
2634,,,2216,no,11,325,room,Unfurnished,425,room-1684826
2635,,,2364,no,9,545,room,Furnished,,room-1684819
2636,,,2365,no,100,1395,apartment,Furnished,,apartment-1684833
2637,,,2366,no,12,255,room,Uncarpeted,255,room-1684793
2638,,,2367,no,16,550,room,Unfurnished,965,room-1684781
2639,,,1111,no,15,280,room,Unfurnished,335,room-1684747
2640,,,2368,no,20,365,room,Unfurnished,365,room-1684716
2641,,,2369,no,20,430,room,Unfurnished,550,room-1684699
2642,,,2370,no,12,442,room,Unfurnished,442,room-1684703
2643,,,2371,no,55,970,studio,Unfurnished,970,studio-1684694
2644,,,2372,no,20,495,room,Unfurnished,990,room-1684696
2645,,,2311,no,16,395,room,Unfurnished,395,room-1684693
2646,,,2373,no,13,530,room,Unfurnished,375,room-1684684
2647,,,2374,no,50,1600,studio,Unfurnished,1600,studio-1684629
2648,,,2375,no,10,450,room,Furnished,0,room-1684655
2649,,,2376,no,16,390,room,Furnished,0,room-1684667
2650,,,2377,no,45,620,studio,Furnished,610,studio-1684584
2651,,,2378,no,17,500,room,Unfurnished,500,room-1684658
2652,,,2379,no,13,411,room,Uncarpeted,300,room-1684649
2653,,,2380,no,7,375,room,Furnished,,room-1684644
2654,,,2381,no,15,295,room,Furnished,0,room-1684636
2655,,,2382,no,15,600,room,Furnished,200,room-1684612
2656,,,2383,no,50,750,apartment,Unfurnished,2000,apartment-1684613
2657,,,2384,no,8,750,room,Furnished,,room-1684594
2658,,,2385,no,16,310,room,Unfurnished,310,room-1684585
2659,,,2377,no,45,620,studio,Furnished,,studio-1684583
2660,,,2386,no,18,650,room,Furnished,500,room-1684576
2661,,,2387,yes,18,370,room,Furnished,,room-1684611
2662,,,2387,no,90,1850,apartment,Furnished,,apartment-1684639
2663,,,2388,yes,19,385,room,Furnished,,room-1684642
2664,,,2388,no,114,2320,apartment,Furnished,,apartment-1684643
2665,,,2389,no,100,1900,apartment,Furnished,,apartment-1684645
2666,,,2389,yes,20,380,room,Furnished,,room-1684646
2667,,,2390,no,90,1450,apartment,,,apartment-1684556
2668,,,2391,no,90,1450,apartment,,,apartment-1684555
2669,,,2392,no,20,540,studio,Unfurnished,,studio-1684542
2670,,,2393,no,12,650,room,Furnished,,room-1684523
2671,,,2394,no,15,325,room,Furnished,325,room-1684424
2672,,,2395,no,13,425,room,,,room-1684547
2673,,,2396,no,50,1725,apartment,Furnished,,apartment-1684537
2674,,,2397,no,70,1065,apartment,Uncarpeted,,apartment-1684532
2675,,,2398,no,24,412,room,Uncarpeted,0,room-1684515
2676,,,2399,no,15,630,room,Furnished,100,room-1684507
2677,,,2297,no,12,625,room,Furnished,400,room-1684481
2678,,,2400,no,7,500,room,Unfurnished,,room-1684455
2679,,,2401,no,10,500,room,Furnished,500,room-1684437
2680,,,2402,no,72,1275,apartment,Unfurnished,,apartment-1684432
2681,,,2403,no,16,670,room,Furnished,400,room-1684427
2682,,,2404,no,10,800,room,Furnished,800,room-1684406
2683,,,2405,no,14,750,room,Furnished,,room-1684387
2684,,,2406,no,16,350,room,Uncarpeted,350,room-1679277
2685,,,2407,no,23,425,room,Uncarpeted,,room-1684348
2686,,,2407,no,43,600,studio,Uncarpeted,,studio-1684347
2687,,,2408,no,10,550,room,Furnished,500,room-1684442
2688,,,2219,no,25,750,room,Unfurnished,750,room-1683295
2689,,,1114,no,111,1995,apartment,Furnished,,apartment-1683272
2690,,,2409,no,13,520,room,Furnished,420,room-1684412
2691,,,1178,no,15,536,room,Unfurnished,536,room-1683238
2692,,,2410,no,15,700,room,Unfurnished,700,room-1684399
2693,,,2411,no,25,615,studio,Unfurnished,,studio-1684365
2694,,,2412,no,20,650,studio,Unfurnished,,studio-1684364
2695,,,2413,no,15,525,studio,Unfurnished,,studio-1684363
2696,,,1178,no,17,570,room,Unfurnished,570,room-1683235
2697,,,2414,no,16,515,room,Unfurnished,515,room-1683231
2698,,,2415,no,17,530,room,Unfurnished,530,room-1683230
2699,,,2416,no,100,1950,apartment,Unfurnished,,apartment-1683220
2700,,,2417,no,59,1150,apartment,Furnished,,apartment-1683212
2701,,,1111,no,15,280,room,Furnished,,room-1684297
2702,,,2418,no,20,410,room,Furnished,,room-1683292
2703,,,2419,no,9,650,room,Unfurnished,,room-1683285
2704,,,2420,no,7,350,room,Furnished,,room-1683184
2705,,,1607,no,16,500,room,Furnished,500,room-1683181
2706,,,1097,no,20,400,room,Uncarpeted,400,room-1683172
2707,,,2421,no,15,725,room,Uncarpeted,,room-1683146
2708,,,2422,no,12,280,room,Uncarpeted,,room-1683130
2709,,,2290,no,100,1200,apartment,Furnished,,apartment-1683119
2710,,,2423,no,12,280,room,Uncarpeted,,room-1683113
2711,,,2423,no,12,300,room,Uncarpeted,,room-1683112
2712,,,2424,no,17,365,room,Uncarpeted,265,room-1683085
2713,,,2425,no,65,1875,apartment,Furnished,,apartment-1683163
2714,,,1111,no,15,280,room,Unfurnished,335,room-1683069
2715,,,2426,no,11,675,room,Unfurnished,1000,room-1683014
2716,,,2427,no,20,800,room,Furnished,800,room-1683004
2717,,,2428,no,16,340,room,Furnished,,room-1682820
2718,,,2429,no,70,1850,apartment,Furnished,3400,apartment-1682984
2719,,,2428,no,115,2390,apartment,Furnished,,apartment-1682985
2720,,,2430,no,10,280,room,Uncarpeted,0,room-1682956
2721,,,2404,no,10,800,room,Furnished,800,room-1683141
2722,,,2431,no,12,385,room,Furnished,,room-1683126
2723,,,2432,no,10,418,room,Uncarpeted,,room-1683115
2724,,,2433,no,24,925,studio,Uncarpeted,,studio-1682919
2725,,,2405,no,9,600,room,Furnished,,room-1682936
2726,,,2434,no,30,599,apartment,Unfurnished,,apartment-1682924
2727,,,2435,no,96,1395,apartment,Unfurnished,,apartment-1682923
2728,,,2436,no,16,450,room,Furnished,450,room-1682888
2729,,,2437,no,35,595,room,Furnished,595,room-1682896
2730,,,2438,no,8,675,room,Furnished,,room-1682881
2731,,,2439,no,40,780,apartment,Unfurnished,,apartment-1682857
2732,,,2440,no,71,2150,apartment,Uncarpeted,2150,apartment-1682983
2733,,,2441,no,13,415,room,Uncarpeted,,room-1682842
2734,,,2442,no,21,800,studio,Furnished,60,studio-1682822
2735,,,2443,no,20,395,room,Furnished,,room-1682810
2736,,,1320,no,16,275,room,Unfurnished,,room-1682979
2737,,,2444,no,80,1100,apartment,Furnished,,apartment-1682950
2738,,,2445,no,65,1650,apartment,Furnished,0,apartment-1682765
2739,,,2446,no,6,300,room,Furnished,,room-1682961
2740,,,1207,no,18,495,room,Furnished,990,room-1676480
2741,,,2447,no,15,300,room,Unfurnished,300,room-1682744
2742,,,1113,no,19,420,room,Furnished,,room-1682952
2743,,,1740,no,39,850,apartment,Unfurnished,900,apartment-1682933
2744,,,2448,no,50,900,studio,Unfurnished,,studio-1677037
2745,,,2449,no,12,550,room,Furnished,550,room-1682886
2746,,,2450,no,66,1700,apartment,Furnished,,apartment-1682866
2747,,,2451,no,133,1595,apartment,Unfurnished,,apartment-1682862
2748,,,2452,no,72,1350,apartment,Unfurnished,,apartment-1682860
2749,,,2453,no,130,1800,room,Furnished,,room-1682763
2750,,,2454,no,16,600,room,Furnished,625,room-1682807
2751,,,2455,no,50,860,apartment,Unfurnished,1720,apartment-1682803
2752,,,2456,no,16,300,room,Uncarpeted,300,room-1682737
2753,,,2311,no,15,495,room,Furnished,495,room-1682724
2754,,,1648,no,12,600,room,Uncarpeted,600,room-1682700
2755,,,2457,no,50,1450,apartment,Furnished,,apartment-1682687
2756,,,2458,no,18,450,room,Furnished,450,room-1682685
2757,,,2459,no,12,315,room,Unfurnished,315,room-1682661
2758,,,2460,no,25,500,room,Furnished,500,room-1682665
2759,,,2461,no,12,300,room,Furnished,300,room-1682638
2760,,,2460,no,25,500,room,Furnished,500,room-1682634
2761,,,2462,no,20,2000,room,Furnished,100,room-1682620
2762,,,2463,no,50,1325,apartment,Furnished,,apartment-1679913
2763,,,2464,no,25,675,studio,Furnished,,studio-1682666
2764,,,2465,no,10,417,room,Unfurnished,,room-1682588
2765,,,2466,no,50,1095,apartment,Furnished,1095,apartment-1682586
2766,,,2467,no,15,600,room,Uncarpeted,1000,room-1682606
2767,,,2468,no,10,550,room,Furnished,550,room-1680520
2768,,,2469,no,37,1030,apartment,Furnished,,apartment-1680500
2769,,,2470,no,17,600,room,Uncarpeted,,room-1680420
2770,,,2471,no,6,366,room,Furnished,366,room-1680493
2771,,,2472,no,91,1300,apartment,Furnished,,apartment-1680479
2772,,,2473,no,11,850,room,Furnished,1500,room-1682568
2773,,,2474,no,27,615,studio,Unfurnished,,studio-1680473
2774,,,2475,no,15,425,room,Furnished,,room-1680538
2775,,,2476,no,20,700,room,Furnished,700,room-1680450
2776,,,2477,no,70,1950,apartment,Furnished,,apartment-1680546
2777,,,2478,no,9,450,room,Furnished,0,room-1680305
2778,,,2479,no,15,380,room,Unfurnished,350,room-1680435
2779,,,2480,no,13,575,room,Furnished,1134,room-1680436
2780,,,2481,no,17,530,room,Furnished,,room-1680425
2781,,,2480,no,6,450,room,Furnished,900,room-1680411
2782,,,2482,no,32,1300,studio,Furnished,1500,studio-1680515
2783,,,2482,no,32,1300,studio,Furnished,1500,studio-1680512
2784,,,2483,no,71,1350,apartment,Furnished,,apartment-1680470
2785,,,1495,no,20,450,room,Unfurnished,,room-1680431
2786,,,2484,no,24,900,room,Furnished,900,room-1680365
2787,,,2485,yes,28,665,studio,Furnished,,studio-1680364
2788,,,2486,no,25,750,studio,Furnished,200,studio-1680315
2789,,,2114,no,15,400,room,Furnished,,room-1680294
2790,,,2487,no,25,1000,room,Furnished,0,room-1680339
2791,,,2487,no,25,1000,room,Furnished,0,room-1680337
2792,,,2488,no,10,450,room,Unfurnished,0,room-1680324
2793,,,2489,no,14,500,room,Furnished,,room-1680323
2794,,,2490,no,13,445,room,Unfurnished,445,room-1680285
2795,,,1139,no,16,300,room,Unfurnished,,room-1680278
2796,,,1139,no,16,300,room,Unfurnished,,room-1680274
2797,,,2459,no,16,440,room,Uncarpeted,,room-1680257
2798,,,2491,no,17,385,room,Furnished,50,room-1680275
2799,,,2492,no,16,400,room,Furnished,400,room-1680241
2800,,,2493,no,18,351,room,Furnished,,room-1679551
2801,,,2494,no,70,1400,apartment,Unfurnished,2000,apartment-1680230
2802,,,2495,no,10,275,room,Furnished,,room-1680226
2803,,,2496,no,19,650,room,Furnished,,room-1680224
2804,,,2497,no,75,1050,apartment,Unfurnished,1050,apartment-1680216
2805,,,2498,no,24,600,room,Furnished,,room-1680266
2806,,,2499,no,16,475,room,Furnished,,room-1680271
2807,,,1320,no,16,265,room,Unfurnished,,room-1680262
2808,,,2500,no,18,473,room,Furnished,,room-1680238
2809,,,2501,no,12,300,room,Uncarpeted,,room-1679955
2810,,,1800,no,12,310,room,Furnished,,room-1680234
2811,,,2502,no,22,570,room,Furnished,1100,room-1680215
2812,,,2503,no,37,600,room,Furnished,500,room-1680194
2813,,,2504,no,15,750,room,Furnished,,room-1680166
2814,,,2505,no,12,335,room,Furnished,,room-1680165
2815,,,2505,no,12,335,room,Unfurnished,,room-1680162
2816,,,1279,no,14,300,room,Unfurnished,275,room-1680161
2817,,,1629,no,11,310,room,Unfurnished,310,room-1680152
2818,,,2506,no,80,1300,apartment,Furnished,1300,apartment-1680138
2819,,,2507,no,12,599,room,Furnished,,room-1680146
2820,,,2508,no,80,1800,apartment,Furnished,,apartment-1680106
2821,,,2509,no,18,415,room,Unfurnished,,room-1679834
2822,,,2510,no,13,650,room,Furnished,300,room-1680095
2823,,,1256,no,60,1000,apartment,Furnished,1150,apartment-1680087
2824,,,2511,no,65,2600,apartment,Furnished,2600,apartment-1680088
2825,,,2512,no,22,850,room,Furnished,850,room-1680082
2826,,,2513,no,15,715,room,Furnished,715,room-1680056
2827,,,2514,no,20,390,room,Uncarpeted,400,room-1680066
2828,,,2515,no,12,390,room,Uncarpeted,,room-1680065
2829,,,2104,no,16,250,room,Furnished,0,room-1680064
2830,,,2516,no,25,900,studio,Furnished,850,studio-1680061
2831,,,2516,no,25,950,studio,Furnished,,studio-1680057
2832,,,2517,no,40,495,room,Furnished,,room-1680034
2833,,,2518,no,33,935,apartment,Uncarpeted,,apartment-1680131
2834,,,2519,no,13,350,room,Furnished,,room-1679972
2835,,,2520,no,20,350,room,Unfurnished,0,room-1679994
2836,,,2375,no,12,330,room,Uncarpeted,330,room-1679984
2837,,,2521,no,62,1150,apartment,Unfurnished,2800,apartment-1679979
2838,,,2522,no,15,300,room,Uncarpeted,,room-1679965
2839,,,1460,no,14,800,room,Furnished,,room-1679970
2840,,,1831,no,12,310,room,Uncarpeted,,room-1679957
2841,,,2523,no,16,400,room,Uncarpeted,400,room-1679949
2842,,,2524,no,15,600,room,Furnished,,room-1679946
2843,,,2525,no,14,550,room,Furnished,550,room-1679943
2844,,,2526,no,15,900,room,Furnished,500,room-1679940
2845,,,2527,no,10,724,room,Unfurnished,1300,room-1679917
2846,,,2528,no,15,510,room,Furnished,,room-1679934
2847,,,2529,no,26,420,room,Furnished,,room-1680059
2848,,,1279,no,12,290,room,Unfurnished,,room-1680040
2849,,,2530,no,22,480,room,Furnished,,room-1680006
2850,,,2531,no,22,550,room,Furnished,,room-1679932
2851,,,1245,no,18,299,room,Unfurnished,,room-1679925
2852,,,1111,no,15,280,room,Furnished,,room-1679919
2853,,,2532,no,10,437,room,Furnished,,room-1679916
2854,,,2533,no,8,305,room,Unfurnished,610,room-1679908
2855,,,2534,no,7,225,room,Unfurnished,225,room-1679898
2856,,,1414,no,7,600,room,Uncarpeted,,room-1679885
2857,,,2535,no,25,265,room,Unfurnished,,room-1679865
2858,,,2536,no,10,500,room,Unfurnished,,room-1679848
2859,,,2537,no,30,800,studio,Unfurnished,800,studio-1679846
2860,,,2536,no,10,500,room,Unfurnished,,room-1679847
2861,,,2538,no,12,650,room,Unfurnished,600,room-1679818
2862,,,2539,no,12,340,room,Uncarpeted,,room-1679824
2863,,,2540,no,18,550,room,Furnished,,room-1679797
2864,,,2126,no,20,750,room,Furnished,800,room-1679778
2865,,,2541,no,13,650,room,Furnished,650,room-1679772
2866,,,2542,no,15,335,room,Furnished,,room-1679776
2867,,,2542,no,15,335,room,Furnished,,room-1679775
2868,,,2542,no,15,335,room,Furnished,,room-1679774
2869,,,2543,no,20,430,room,Furnished,200,room-1679753
2870,,,1323,no,22,500,room,Furnished,1000,room-1679740
2871,,,1490,no,12,500,room,Furnished,,room-1679733
2872,,,2544,no,18,420,apartment,Furnished,,apartment-1679713
2873,,,2545,no,22,730,room,Furnished,,room-1679702
2874,,,2299,no,22,550,room,Furnished,,room-1679699
2875,,,2546,no,55,1650,apartment,Unfurnished,,apartment-1679696
2876,,,2547,no,52,1250,apartment,Furnished,,apartment-1679693
2877,,,2548,no,45,935,apartment,Unfurnished,,apartment-1679689
2878,,,1922,no,26,587,studio,Unfurnished,,studio-1679687
2879,,,2549,no,24,475,room,Furnished,150,room-1679632
2880,,,2550,no,24,428,room,Furnished,0,room-1679631
2881,,,2551,no,154,4200,apartment,Unfurnished,,apartment-1679685
2882,,,2552,no,15,550,room,Furnished,,room-1679590
2883,,,2553,no,11,290,room,Furnished,,room-1679585
2884,,,2185,no,15,450,room,Furnished,600,room-1679582
2885,,,2554,no,12,367,room,Unfurnished,,room-1679572
2886,,,2555,no,70,1650,apartment,Furnished,,apartment-1679548
2887,,,1759,no,13,290,room,Unfurnished,0,room-1679526
2888,,,1111,no,15,280,room,Unfurnished,335,room-1679509
2889,,,2103,no,14,395,room,Unfurnished,395,room-1679500
2890,,,2556,no,13,275,room,Furnished,0,room-1679498
2891,,,2557,no,35,1000,studio,Unfurnished,500,studio-1679574
2892,,,2558,no,20,925,room,Furnished,,room-1679496
2893,,,2087,no,15,450,room,Unfurnished,450,room-1679469
2894,,,2559,no,8,775,room,Furnished,1650,room-1679481
2895,,,2560,no,13,360,room,Furnished,,room-1679472
2896,,,2561,no,53,1700,apartment,Furnished,1600,apartment-1523217
2897,,,2562,no,18,290,room,Furnished,100,room-1679423
2898,,,2563,no,30,850,room,Furnished,850,room-1679412
2899,,,2434,no,30,480,studio,Unfurnished,,studio-1679387
2900,,,2564,no,25,625,room,Furnished,625,room-1679365
2901,,,2565,no,15,290,room,Uncarpeted,,room-1679361
2902,,,2566,no,30,610,room,Furnished,610,room-1679354
2903,,,2567,no,10,400,room,Furnished,,room-1679342
2904,,,2568,no,62,1275,apartment,Unfurnished,,apartment-1679391
2905,,,2569,no,90,1700,apartment,Furnished,,apartment-1679385
2906,,,2570,yes,35,500,studio,Furnished,500,studio-1679349
2907,,,2571,no,28,520,studio,Furnished,,studio-1679335
2908,,,2572,no,12,450,room,Furnished,150,room-1679290
2909,,,2573,no,65,1390,apartment,Furnished,,apartment-1679283
2910,,,2574,no,16,325,room,Furnished,,room-1679263
2911,,,2575,no,13,315,room,Unfurnished,0,room-1679257
2912,,,2576,no,26,625,studio,Unfurnished,,studio-1679254
2913,,,2577,no,8,485,room,Unfurnished,,room-1679221
2914,,,2578,no,20,400,room,Furnished,,room-1679215
2915,,,2579,no,12,379,room,Unfurnished,379,room-1679211
2916,,,2580,no,77,1450,apartment,Unfurnished,2900,apartment-1679207
2917,,,2581,no,9,500,room,Unfurnished,500,room-1679205
2918,,,2582,no,28,410,room,Unfurnished,0,room-1679166
2919,,,2583,no,12,450,room,Furnished,450,room-1679011
2920,,,2584,no,53,1795,apartment,Uncarpeted,,apartment-1679151
2921,,,2585,no,15,750,room,Furnished,750,room-1679189
2922,,,2586,no,20,250,room,Unfurnished,,room-1679127
2923,,,2587,no,10,450,room,Furnished,0,room-1679102
2924,,,2588,no,15,700,room,Furnished,700,room-1679070
2925,,,2199,no,75,2500,apartment,Unfurnished,,apartment-1679046
2926,,,2589,no,16,450,room,Unfurnished,350,room-1679033
2927,,,2590,no,25,487,room,Furnished,0,room-1679175
2928,,,2117,no,21,335,room,Furnished,700,room-1679021
2929,,,2591,no,23,440,room,Furnished,440,room-1679008
2930,,,2592,no,14,405,room,Furnished,,room-1678982
2931,,,2593,no,10,200,room,Unfurnished,200,room-1678970
2932,,,2594,no,35,475,room,Furnished,,room-1678940
2933,,,2595,no,14,790,room,Unfurnished,790,room-1678508
2934,,,2596,no,45,1250,studio,Furnished,1300,studio-1679078
2935,,,2597,no,10,300,room,Unfurnished,600,room-1679049
2936,,,2598,no,176,3450,apartment,Furnished,,apartment-1679043
2937,,,2599,no,12,385,room,Furnished,200,room-1679020
2938,,,2600,no,12,660,room,Furnished,660,room-1679002
2939,,,2601,no,110,1795,room,,,room-1678623
2940,,,2602,no,118,1950,apartment,Furnished,,apartment-1678614
2941,,,2603,no,90,1400,apartment,Unfurnished,,apartment-1677961
2942,,,2604,no,92,1250,apartment,Unfurnished,,apartment-1677777
2943,,,2605,no,75,1250,apartment,Unfurnished,,apartment-1677734
2944,,,2606,no,25,795,studio,Unfurnished,,studio-1677731
2945,,,2607,no,50,775,apartment,Furnished,,apartment-1677538
2946,,,1489,no,16,445,room,Unfurnished,,room-1677261
2947,,,2608,no,85,1950,apartment,Furnished,,apartment-1677256
2948,,,2609,no,47,875,apartment,Unfurnished,,apartment-1677249
2949,,,2610,no,124,1950,apartment,Furnished,,apartment-1677247
2950,,,2611,no,125,1200,apartment,Furnished,,apartment-1677238
2951,,,2612,no,60,1195,room,,,room-1677197
2952,,,2613,no,80,1395,apartment,Furnished,,apartment-1677187
2953,,,2614,no,85,2050,apartment,Furnished,,apartment-1676947
2954,,,2615,no,95,1200,apartment,Unfurnished,,apartment-1676935
2955,,,2616,no,35,650,room,,,room-1676856
2956,,,2609,no,20,695,apartment,Furnished,,apartment-1676529
2957,,,2609,no,22,675,apartment,Furnished,,apartment-1676528
2958,,,2609,no,19,635,apartment,Furnished,,apartment-1676525
2959,,,2617,no,83,1195,apartment,Unfurnished,,apartment-1676530
2960,,,2618,no,52,1225,apartment,Furnished,,apartment-1676467
2961,,,2619,no,26,540,studio,Unfurnished,,studio-1676462
2962,,,2620,no,80,1000,apartment,,,apartment-1676463
2963,,,2621,no,100,2100,apartment,Furnished,,apartment-1676166
2964,,,2622,no,140,1600,apartment,Furnished,,apartment-1676096
2965,,,2623,no,141,1995,room,,,room-1675468
2966,,,2624,no,27,450,room,Unfurnished,,room-1675045
2967,,,2625,no,80,1850,apartment,Unfurnished,,apartment-1675044
2968,,,2626,no,21,725,room,,,room-1674796
2969,,,2627,no,75,1350,apartment,Furnished,,apartment-1674824
2970,,,2066,no,71,1450,apartment,Furnished,,apartment-1674521
2971,,,2628,no,63,1050,apartment,,,apartment-1674468
2972,,,2629,no,31,680,studio,Furnished,,studio-1674457
2973,,,2629,no,30,675,studio,Furnished,,studio-1674456
2974,,,2629,no,29,670,studio,Furnished,,studio-1674455
2975,,,2629,no,28,660,studio,Furnished,,studio-1674454
2976,,,2194,no,40,755,studio,Furnished,,studio-1674112
2977,,,2630,no,31,670,apartment,Unfurnished,,apartment-1673707
2978,,,2631,no,90,1425,apartment,Unfurnished,,apartment-1673504
2979,,,2632,no,30,995,room,,,room-1673486
2980,,,2633,no,80,660,room,,,room-1673298
2981,,,2634,no,60,1900,apartment,Unfurnished,,apartment-1673294
2982,,,1771,no,35,690,apartment,Unfurnished,,apartment-1673285
2983,,,2635,no,90,2400,apartment,Unfurnished,,apartment-1673277
2984,,,2636,no,23,675,apartment,Furnished,,apartment-1673177
2985,,,2637,no,118,2350,apartment,Unfurnished,,apartment-1673051
2986,,,2638,no,120,2450,apartment,Unfurnished,,apartment-1673050
2987,,,2639,no,82,1850,apartment,Furnished,,apartment-1673048
2988,,,2640,no,88,1850,apartment,Furnished,,apartment-1673039
2989,,,1509,no,51,745,studio,Furnished,,studio-1672627
2990,,,2641,no,117,995,apartment,,,apartment-1672458
2991,,,2642,no,50,925,apartment,Unfurnished,,apartment-1672452
2992,,,2643,no,150,1500,apartment,,,apartment-1672451
2993,,,2644,no,145,3500,apartment,Unfurnished,,apartment-1672179
2994,,,2645,no,137,1850,apartment,Unfurnished,,apartment-1672125
2995,,,2646,no,78,1350,room,,,room-1671128
2996,,,2647,no,130,1500,apartment,Furnished,,apartment-1670919
2997,,,2648,no,87,1350,apartment,Furnished,,apartment-1670918
2998,,,2649,no,70,1200,apartment,,,apartment-1670559
2999,,,2650,no,85,885,apartment,Unfurnished,,apartment-1669314
3000,,,2651,no,100,1000,apartment,Unfurnished,,apartment-1669319
3001,,,2652,no,80,1300,apartment,Furnished,,apartment-1669261
3002,,,2653,no,80,1445,apartment,,,apartment-1668647
3003,,,2654,no,162,2250,apartment,,,apartment-1668645
3004,,,2655,no,50,1000,apartment,Unfurnished,,apartment-1668508
3005,,,2656,no,116,1500,apartment,Unfurnished,,apartment-1668507
3006,,,2657,no,110,2500,apartment,Unfurnished,,apartment-1668367
3007,,,2658,no,31,1050,apartment,Furnished,,apartment-1667815
3008,,,2659,no,70,1395,apartment,Furnished,,apartment-1667410
3009,,,2660,no,90,1650,apartment,,,apartment-1667106
3010,,,2661,no,30,995,room,,,room-1666927
3011,,,2662,no,90,1350,room,,,room-1666749
3012,,,1977,no,12,345,apartment,Unfurnished,,apartment-1666525
3013,,,2663,no,15,340,room,Unfurnished,,room-1666296
3014,,,2664,no,9,315,room,Unfurnished,,room-1666295
3015,,,2664,no,11,355,room,Unfurnished,,room-1666294
3016,,,2664,no,18,425,room,Furnished,,room-1666293
3017,,,2665,no,67,1500,apartment,Unfurnished,,apartment-1666167
3018,,,2665,no,93,2000,apartment,Unfurnished,,apartment-1666166
3019,,,2665,no,97,2000,apartment,Unfurnished,,apartment-1666165
3020,,,2665,no,82,2000,apartment,Unfurnished,,apartment-1666164
3021,,,2666,no,55,1600,apartment,Furnished,,apartment-1666078
3022,,,2667,no,120,2195,apartment,,,apartment-1665783
3023,,,2668,no,70,1040,apartment,,,apartment-1665782
3024,,,2116,no,40,875,apartment,,,apartment-1665780
3025,,,2669,no,60,1135,apartment,,,apartment-1665779
3026,,,2670,no,117,1650,apartment,,,apartment-1665778
3027,,,2671,no,55,1060,apartment,,,apartment-1665777
3028,,,2671,no,55,1110,apartment,,,apartment-1665776
3029,,,2672,no,70,1095,apartment,,,apartment-1665775
3030,,,2673,no,75,1230,apartment,,,apartment-1665774
3031,,,2116,no,75,1425,apartment,,,apartment-1665773
3032,,,2674,no,100,1350,apartment,,,apartment-1665772
3033,,,2675,no,70,1205,apartment,,,apartment-1665771
3034,,,2676,no,75,1140,apartment,,,apartment-1665770
3035,,,2677,no,120,1550,apartment,,,apartment-1665769
3036,,,2678,no,70,1195,apartment,,,apartment-1665768
3037,,,2679,no,70,1145,apartment,,,apartment-1665767
3038,,,2680,no,90,1045,apartment,,,apartment-1665766
3039,,,2681,no,57,895,apartment,,,apartment-1665765
3040,,,2665,no,105,2100,apartment,Unfurnished,,apartment-1665617
3041,,,2665,no,60,1400,apartment,Unfurnished,,apartment-1665616
3042,,,2682,no,155,3250,apartment,Unfurnished,,apartment-1664786
3043,,,2683,no,70,1395,apartment,Furnished,,apartment-1664504
3044,,,2684,no,93,975,apartment,Furnished,,apartment-1664051
3045,,,2685,no,15,440,room,Unfurnished,,room-1662600
3046,,,2686,no,64,1850,apartment,Furnished,,apartment-1662610
3047,,,2687,no,75,1475,apartment,Furnished,,apartment-1662093
3048,,,1032,no,20,395,apartment,Unfurnished,,apartment-1661735
3049,,,2688,no,160,3850,apartment,Unfurnished,,apartment-1661704
3050,,,2689,no,70,1225,apartment,,,apartment-1661462
3051,,,2690,no,115,1495,apartment,,,apartment-1661461
3052,,,1155,no,65,895,studio,Furnished,,studio-1661296
3053,,,2691,no,100,1695,room,,,room-1661177
3054,,,2692,no,129,3250,room,,,room-1661176
3055,,,2693,no,93,1600,apartment,Unfurnished,,apartment-1660983
3056,,,2694,no,105,1495,room,,,room-1660945
3057,,,2695,no,100,2400,apartment,Unfurnished,,apartment-1660940
3058,,,2696,no,14,345,room,Unfurnished,,room-1656626
3059,,,2697,no,90,1395,room,,,room-1659540
3060,,,2698,no,84,1250,apartment,,,apartment-1659239
3061,,,2699,no,10,375,room,Unfurnished,,room-1658771
3062,,,2700,no,60,1150,room,,,room-1658090
3063,,,2701,no,80,2449,apartment,Furnished,,apartment-1658085
3064,,,2702,no,40,850,apartment,Unfurnished,,apartment-1656625
3065,,,1600,no,35,895,studio,Furnished,,studio-1656523
3066,,,2655,no,50,1000,apartment,Unfurnished,,apartment-1656282
3067,,,2703,no,40,1550,apartment,Furnished,,apartment-1656225
3068,,,2704,no,25,525,studio,Unfurnished,,studio-1656175
3069,,,2705,no,125,2950,apartment,Unfurnished,,apartment-1655891
3070,,,2706,no,76,1395,room,,,room-1654791
3071,,,2707,no,40,1300,apartment,Furnished,,apartment-1654788
3072,,,2708,no,100,1725,apartment,Furnished,,apartment-1654786
3073,,,2709,no,95,1495,apartment,Unfurnished,,apartment-1653884
3074,,,2710,no,60,950,room,,,room-1653370
3075,,,2711,no,50,950,apartment,Furnished,,apartment-1653247
3076,,,2712,no,70,895,apartment,Unfurnished,,apartment-1652453
3077,,,2713,no,45,1095,room,,,room-1651730
3078,,,2714,no,70,1095,apartment,Unfurnished,,apartment-1651002
3079,,,2715,no,40,740,apartment,Unfurnished,,apartment-1651045
3080,,,2714,no,75,1350,apartment,Unfurnished,,apartment-1650722
3081,,,2716,no,75,1995,apartment,Furnished,,apartment-1649822
3082,,,2717,no,120,1925,apartment,Furnished,,apartment-1649313
3083,,,2718,no,85,1395,apartment,Furnished,,apartment-1649314
3084,,,2719,no,120,1900,apartment,Furnished,,apartment-1649316
3085,,,2717,no,80,1675,apartment,Furnished,,apartment-1649317
3086,,,2719,no,65,1525,apartment,Furnished,,apartment-1649318
3087,,,2720,no,120,1825,apartment,Furnished,,apartment-1649319
3088,,,2721,no,85,1150,apartment,Furnished,,apartment-1649322
3089,,,2722,no,110,1995,apartment,Furnished,,apartment-1649323
3090,,,2723,no,180,2475,apartment,Furnished,,apartment-1649324
3091,,,2724,no,117,1750,apartment,Furnished,,apartment-1649326
3092,,,2725,no,95,1295,apartment,Furnished,,apartment-1649327
3093,,,2726,no,198,2850,apartment,Furnished,,apartment-1649330
3094,,,2727,no,75,1295,apartment,Furnished,,apartment-1649332
3095,,,2728,no,50,1350,apartment,Furnished,,apartment-1649333
3096,,,2729,no,100,1695,apartment,Furnished,,apartment-1649334
3097,,,2730,no,120,1595,apartment,Furnished,,apartment-1649338
3098,,,2731,no,80,1450,apartment,Unfurnished,,apartment-1649341
3099,,,2732,no,100,1750,apartment,Unfurnished,,apartment-1649342
3100,,,2733,no,30,1150,studio,Furnished,,studio-1649343
3101,,,2733,no,28,995,studio,Furnished,,studio-1649347
3102,,,2660,no,75,1395,apartment,Furnished,,apartment-1649348
3103,,,2734,no,95,1495,apartment,,,apartment-1649350
3104,,,2660,no,55,1295,apartment,Furnished,,apartment-1649352
3105,,,2735,no,70,1295,apartment,,,apartment-1649358
3106,,,2736,no,44,775,apartment,Unfurnished,,apartment-1640513
3107,,,1977,no,15,325,room,Unfurnished,,room-1636396
3108,,,2737,no,187,2275,apartment,Unfurnished,,apartment-1632709
3109,,,2701,no,80,2950,apartment,Furnished,,apartment-1632292
3110,,,1977,no,16,365,room,Uncarpeted,,room-1630491
3111,,,1811,no,15,315,room,Unfurnished,,room-1630492
3112,,,2701,no,80,2950,apartment,Furnished,,apartment-1630514
3113,,,2701,no,80,2750,apartment,Furnished,,apartment-1629073
3114,,,2738,no,14,360,room,Unfurnished,,room-1626499
3115,,,1599,no,101,1850,apartment,Furnished,2475,apartment-1626316
3116,,,1599,no,101,1650,apartment,Furnished,2475,apartment-1626315
3117,,,1977,no,15,300,room,Unfurnished,,room-1605099
3118,,,2739,no,150,1150,apartment,Unfurnished,,apartment-1624340
3119,,,2740,no,110,1350,apartment,Unfurnished,,apartment-1624339
3120,,,2741,no,120,1250,apartment,Furnished,,apartment-1621166
3121,,,2742,no,125,1500,apartment,Furnished,,apartment-1621165
3122,,,2743,no,256,2250,apartment,Unfurnished,,apartment-1621164
3123,,,2744,no,170,1650,apartment,Furnished,,apartment-1620978
3124,,,2745,no,84,1295,apartment,Unfurnished,,apartment-1620377
3125,,,2746,no,135,1425,apartment,Unfurnished,,apartment-1620375
3126,,,2747,no,110,1295,apartment,Unfurnished,,apartment-1619691
3127,,,2748,no,121,1550,apartment,Furnished,,apartment-1606672
3128,,,2749,no,80,1450,apartment,Furnished,,apartment-1605224
3129,,,2750,no,83,2050,apartment,Unfurnished,,apartment-1589747
3130,,,2751,no,110,2250,apartment,Unfurnished,,apartment-1555768
3131,,,2752,no,110,2250,apartment,Unfurnished,,apartment-1555453
3132,,,2753,no,70,1995,apartment,Unfurnished,,apartment-1553760
3133,,,2754,no,130,3750,apartment,Unfurnished,,apartment-1553211
3134,,,2755,no,72,1300,apartment,Unfurnished,,apartment-1552846
3135,,,1436,no,9,700,room,Uncarpeted,,room-1692005
3136,,,1436,no,30,1200,room,Uncarpeted,,room-1692004
3137,,,2586,no,20,280,room,Unfurnished,,room-1691999
3138,,,2756,no,14,435,room,Furnished,,room-1691975
3139,,,2757,no,15,360,room,Uncarpeted,1800,room-1691969
3140,,,2758,no,16,360,room,Unfurnished,150,room-1691959
3141,,,2759,no,11,725,room,Furnished,725,room-1691954
3142,,,2760,no,12,350,room,Furnished,350,room-1691951
3143,,,2761,no,10,775,room,Furnished,775,room-1691944
3144,,,2762,no,18,315,room,Unfurnished,315,room-1691937
3145,,,2190,no,18,350,room,Uncarpeted,100,room-1691931
3146,,,1517,no,16,480,room,Furnished,,room-1691928
3147,,,2763,no,90,1050,apartment,Uncarpeted,1050,apartment-1691900
3148,,,2764,no,45,850,apartment,Furnished,1000,apartment-1691892
3149,,,2765,no,8,825,room,Furnished,825,room-1691907
3150,,,2027,no,16,475,room,Furnished,475,room-1691905
3151,,,2766,no,30,950,room,Furnished,,room-1691903
3152,,,2767,no,20,595,room,Unfurnished,595,room-1691887
3153,,,1440,no,40,510,room,Furnished,0,room-1691883
3154,,,2768,no,20,400,room,Unfurnished,400,room-1691876
3155,,,2205,no,12,750,room,Furnished,850,room-1690940
3156,,,2769,no,17,485,room,Unfurnished,,room-1688911
3157,,,1478,no,15,349,room,Furnished,278,room-1685973
3158,,,2700,no,30,850,room,,,room-1649953
3159,,,2770,no,100,1670,apartment,Furnished,,apartment-1607257
3160,,,2771,no,25,750,room,Furnished,750,room-1691913
3161,,,1134,no,16,360,room,Uncarpeted,360,room-1692346
3162,,,1387,no,10,245,room,Furnished,,room-1692343
3163,,,2772,no,20,400,room,Unfurnished,,room-1692332
3164,,,2773,no,15,550,room,Furnished,,room-1692329
3165,,,1074,no,30,550,room,Unfurnished,650,room-1692322
3166,,,2774,no,28,520,room,Furnished,,room-1692317
3167,,,2775,no,16,310,room,Unfurnished,,room-1692311
3168,,,2776,no,20,590,room,Furnished,,room-1692315
3169,,,2777,no,18,475,room,Unfurnished,,room-1692306
3170,,,2778,no,18,700,room,Furnished,,room-1692305
3171,,,2375,no,12,575,room,Uncarpeted,575,room-1692288
3172,,,1639,no,12,410,room,Uncarpeted,620,room-1692295
3173,,,1629,no,11,310,room,Unfurnished,,room-1692293
3174,,,2779,no,15,780,room,Furnished,,room-1692292
3175,,,2780,no,24,650,room,Furnished,650,room-1692326
3176,,,2781,no,12,200,room,Furnished,50,room-1692285
3177,,,2782,no,20,750,room,Furnished,400,room-1692280
3178,,,2783,no,16,360,room,Unfurnished,360,room-1692316
3179,,,2784,no,16,975,room,Furnished,1750,room-1692323
3180,,,2785,no,20,665,room,Furnished,1000,room-1692321
3181,,,2786,no,13,875,room,Furnished,900,room-1692320
3182,,,2787,no,73,1100,apartment,Unfurnished,1100,apartment-1692265
3183,,,2788,no,40,650,apartment,Furnished,300,apartment-1692267
3184,,,1205,no,70,780,room,Furnished,0,room-1692318
3185,,,2789,no,16,375,room,Furnished,375,room-1692263
3186,,,2790,no,25,410,room,Unfurnished,410,room-1692247
3187,,,2791,no,12,415,room,Furnished,,room-1692239
3188,,,2792,no,12,340,room,Unfurnished,341,room-1692229
3189,,,2793,no,15,500,room,Furnished,,room-1692230
3190,,,2794,yes,30,500,room,Furnished,,room-1692212
3191,,,2795,no,15,550,room,Furnished,550,room-1692214
3192,,,2796,no,20,700,room,Furnished,100,room-1692291
3193,,,2797,no,14,600,room,Furnished,500,room-1692206
3194,,,2798,no,24,475,room,Unfurnished,475,room-1692209
3195,,,1116,no,18,375,room,Unfurnished,,room-1692202
3196,,,2799,no,16,250,room,Uncarpeted,250,room-1692198
3197,,,2800,no,15,500,room,Furnished,,room-1692193
3198,,,2801,no,60,1000,apartment,Unfurnished,,apartment-1692180
3199,,,2802,no,30,1375,apartment,Furnished,2500,apartment-1692165
3200,,,2803,no,20,630,room,Furnished,1000,room-1692174
3201,,,2804,no,15,535,room,Furnished,535,room-1692171
3202,,,2805,no,16,475,room,Furnished,475,room-1692166
3203,,,2806,no,80,875,apartment,Unfurnished,,apartment-1692151
3204,,,1178,no,18,570,room,Unfurnished,570,room-1692164
3205,,,1178,no,14,517,room,Furnished,517,room-1692159
3206,,,1811,no,19,425,room,Uncarpeted,425,room-1692154
3207,,,2807,no,12,585,room,Furnished,,room-1692153
3208,,,1659,no,15,650,room,Furnished,,room-1692155
3209,,,1489,no,40,550,room,Uncarpeted,550,room-1692150
3210,,,2808,no,18,560,room,Unfurnished,560,room-1692149
3211,,,2809,no,16,375,room,Furnished,375,room-1692301
3212,,,2810,no,16,450,studio,Unfurnished,900,studio-1692145
3213,,,2808,no,22,560,room,Unfurnished,560,room-1692147
3214,,,2808,no,22,574,room,Unfurnished,574,room-1692144
3215,,,2811,no,80,1350,apartment,Furnished,1350,apartment-1692106
3216,,,2812,no,78,1375,apartment,Furnished,1375,apartment-1692136
3217,,,2813,no,20,550,room,Furnished,,room-1692139
3218,,,2814,no,13,524,room,Unfurnished,524,room-1692137
3219,,,2815,no,15,250,room,Furnished,,room-1692124
3220,,,2816,no,13,435,room,Furnished,435,room-1692297
3221,,,1938,no,9,330,room,Uncarpeted,330,room-1692120
3222,,,2814,no,17,580,room,Furnished,580,room-1692131
3223,,,2817,no,14,600,room,Furnished,,room-1692129
3224,,,2415,no,17,530,room,Unfurnished,530,room-1692128
3225,,,2818,no,15,331,room,Furnished,,room-1692125
3226,,,2819,no,51,1150,apartment,Furnished,,apartment-1692122
3227,,,2819,no,40,950,apartment,Furnished,,apartment-1692117
3228,,,2491,no,35,750,apartment,Unfurnished,750,apartment-1692115
3229,,,2820,no,12,285,room,Unfurnished,220,room-1692110
3230,,,1208,yes,21,685,studio,Unfurnished,,studio-1692111
3231,,,2415,no,21,569,room,Furnished,569,room-1692109
3232,,,2821,no,70,1200,apartment,Unfurnished,2400,apartment-1692098
3233,,,2822,no,15,540,room,Furnished,540,room-1692107
3234,,,2204,no,13,220,room,Uncarpeted,110,room-1692096
3235,,,2823,no,16,750,room,Furnished,,room-1692108
3236,,,2824,no,28,699,studio,Unfurnished,900,studio-1692105
3237,,,1428,no,65,900,apartment,Furnished,900,apartment-1692099
3238,,,2825,yes,16,550,studio,Furnished,600,studio-1692080
3239,,,2826,no,12,374,room,Uncarpeted,374,room-1692286
3240,,,2817,no,12,600,room,Furnished,,room-1692074
3241,,,2816,no,19,617,room,Furnished,617,room-1692289
3242,,,2220,no,22,539,room,Unfurnished,539,room-1692071
3243,,,2827,no,40,880,studio,Unfurnished,1760,studio-1692067
3244,,,2828,no,16,775,room,Furnished,1550,room-1692065
3245,,,1903,no,15,590,room,Unfurnished,,room-1692056
3246,,,2791,no,12,415,room,Furnished,325,room-1692053
3247,,,2223,no,16,400,room,Unfurnished,,room-1692051
3248,,,1355,no,20,425,room,Furnished,,room-1692048
3249,,,1834,no,16,495,room,Furnished,,room-1692043
3250,,,1834,no,26,590,room,Furnished,590,room-1692042
3251,,,2829,no,12,400,room,Furnished,400,room-1692034
3252,,,2757,no,14,375,room,Unfurnished,,room-1692028
3253,,,2789,no,16,375,room,Furnished,375,room-1691947
3254,,,1387,no,10,245,room,Furnished,,room-1691780
3255,,,2830,no,12,560,room,Uncarpeted,560,room-1692279
3256,,,2831,no,57,950,apartment,Furnished,950,apartment-1692254
3257,,,1878,no,13,225,room,Uncarpeted,,room-1692258
3258,,,2832,no,18,432,room,Uncarpeted,42750,room-1692259
3259,,,1878,no,29,375,room,Uncarpeted,,room-1692253
3260,,,2833,no,60,1695,apartment,Furnished,,apartment-1692250
3261,,,2834,no,70,795,apartment,Unfurnished,929,apartment-1692248
3262,,,1257,no,12,350,room,Unfurnished,350,room-1692025
3263,,,1257,no,17,395,room,Unfurnished,350,room-1692024
3264,,,2835,yes,9,199,room,Unfurnished,199,room-1692021
3265,,,2836,no,15,700,room,Furnished,350,room-1692243
3266,,,2837,no,14,750,room,Uncarpeted,,room-1692001
3267,,,2838,no,65,1300,apartment,Furnished,1300,apartment-1691997
3268,,,2839,no,70,1050,apartment,Unfurnished,1500,apartment-1691996
3269,,,2840,no,12,600,room,Uncarpeted,,room-1691992
3270,,,2841,no,20,415,room,Uncarpeted,500,room-1691994
3271,,,1152,no,70,1600,apartment,Unfurnished,1600,apartment-1691987
3272,,,1192,no,35,995,apartment,Unfurnished,1295,apartment-1691986
3273,,,2842,no,20,445,room,Unfurnished,,room-1692241
3274,,,2843,no,10,650,room,Furnished,325,room-1692238
3275,,,1626,no,17,550,room,Furnished,,room-1691979
3276,,,2043,no,88,1375,apartment,Uncarpeted,1375,apartment-1691972
3277,,,2844,yes,32,350,apartment,Furnished,200,apartment-1691971
3278,,,2845,yes,30,500,studio,Furnished,,studio-1691961
3279,,,2846,no,11,360,room,Furnished,360,room-1691960
3280,,,2190,no,15,450,room,Uncarpeted,900,room-1691956
3281,,,2789,no,16,375,room,Furnished,375,room-1691936
3282,,,2847,no,10,350,room,Unfurnished,,room-1691499
3283,,,2848,no,14,900,room,Furnished,0,room-1691929
3284,,,2849,no,16,290,room,Unfurnished,,room-1691926
3285,,,2850,no,75,1150,apartment,Furnished,,apartment-1691925
3286,,,2851,no,107,2150,apartment,Furnished,2150,apartment-1691910
3287,,,2852,no,14,290,room,Uncarpeted,290,room-1691914
3288,,,2816,no,16,517,room,Furnished,517,room-1691894
3289,,,1570,no,120,1750,apartment,Furnished,1250,apartment-1691896
3290,,,2853,no,14,305,room,Unfurnished,305,room-1691909
3291,,,2828,no,16,775,room,Furnished,1550,room-1691893
3292,,,2560,no,13,370,room,Furnished,,room-1692225
3293,,,2854,no,17,725,room,Unfurnished,,room-1691884
3294,,,2855,no,20,600,room,Furnished,1200,room-1691881
3295,,,2856,no,60,1450,apartment,Furnished,2500,apartment-1691878
3296,,,2857,no,40,850,studio,Unfurnished,850,studio-1692213
3297,,,2858,no,55,1375,apartment,Unfurnished,,apartment-1691877
3298,,,2859,no,12,650,room,Furnished,100,room-1691872
3299,,,2860,no,60,1395,apartment,Unfurnished,,apartment-1691874
3300,,,2861,no,25,390,room,Unfurnished,390,room-1691862
3301,,,2862,no,15,450,room,Furnished,900,room-1691867
3302,,,2777,no,18,475,room,Unfurnished,,room-1691852
3303,,,2863,no,12,340,room,Furnished,100,room-1691830
3304,,,2864,yes,25,670,studio,Furnished,650,studio-1691819
3305,,,2865,no,10,453,room,Unfurnished,453,room-1692211
3306,,,1383,no,12,850,room,Unfurnished,850,room-1691815
3307,,,2866,no,14,395,room,Unfurnished,395,room-1692207
3308,,,2867,no,30,700,room,Unfurnished,0,room-1691817
3309,,,2223,no,16,400,room,Unfurnished,800,room-1691814
3310,,,2868,no,30,450,room,Uncarpeted,0,room-1691811
3311,,,2586,no,60,1250,apartment,Uncarpeted,2500,apartment-1691812
3312,,,2869,no,18,820,room,Furnished,820,room-1692184
3313,,,2870,no,12,750,room,Furnished,,room-1691803
3314,,,1783,no,15,250,room,Furnished,500,room-1691787
3315,,,1224,yes,20,595,studio,Unfurnished,745,studio-1691785
3316,,,2871,no,10,450,room,Furnished,,room-1691784
3317,,,2872,yes,80,650,apartment,Furnished,400,apartment-1691773
3318,,,2873,yes,60,700,apartment,Furnished,350,apartment-1691769
3319,,,2874,no,15,500,room,Furnished,500,room-1691759
3320,,,1039,no,12,312,room,Furnished,100,room-1691757
3321,,,2875,no,38,500,studio,Furnished,,studio-1692157
3322,,,1252,no,12,405,room,Furnished,200,room-1691746
3323,,,2876,no,45,1500,apartment,Furnished,,apartment-1691728
3324,,,2877,no,16,600,room,Furnished,350,room-1692158
3325,,,2878,no,58,799,apartment,Furnished,,apartment-1691719
3326,,,1114,no,10,800,room,Unfurnished,800,room-1691713
3327,,,1114,no,20,1300,room,Furnished,1300,room-1691708
3328,,,2879,no,9,700,room,Furnished,700,room-1691697
3329,,,2880,no,100,1000,apartment,Furnished,0,apartment-1692152
3330,,,2881,no,85,1450,apartment,Furnished,,apartment-1692146
3331,,,1939,no,90,950,apartment,Unfurnished,950,apartment-1692148
3332,,,2882,no,105,1695,apartment,Unfurnished,,apartment-1691709
3333,,,2883,no,24,750,room,Furnished,750,room-1691707
3334,,,2883,no,8,400,room,Furnished,400,room-1691703
3335,,,1860,no,12,285,room,Uncarpeted,285,room-1691649
3336,,,2884,no,11,500,room,Furnished,0,room-1691695
3337,,,2885,no,70,1275,apartment,Furnished,1275,apartment-1691675
3338,,,2886,no,95,1450,apartment,Unfurnished,1450,apartment-1691689
3339,,,2887,no,10,365,room,Unfurnished,365,room-1691688
3340,,,2888,no,30,650,room,Furnished,500,room-1692140
3341,,,2889,no,14,455,room,Uncarpeted,,room-1691548
3342,,,1174,no,18,795,room,Furnished,0,room-1692114
3343,,,2890,no,12,375,room,Furnished,,room-1692118
3344,,,2891,no,10,425,room,Unfurnished,,room-1692095
3345,,,2892,no,90,903,apartment,Unfurnished,1806,apartment-1691718
3346,,,2893,no,12,210,room,Unfurnished,210,room-1691680
3347,,,1387,no,10,245,room,Furnished,,room-1691682
3348,,,2894,no,35,950,studio,Furnished,,studio-1691679
3349,,,2895,yes,60,600,apartment,Furnished,300,apartment-1691677
3350,,,2896,no,12,324,room,Furnished,,room-1691674
3351,,,2676,no,15,350,room,Unfurnished,,room-1691673
3352,,,2897,no,14,400,room,Furnished,,room-1691661
3353,,,2898,no,10,320,room,Uncarpeted,320,room-1691659
3354,,,2899,no,8,435,room,Furnished,,room-1691655
3355,,,2900,no,9,340,room,Furnished,50,room-1691650
3356,,,2901,no,29,750,apartment,Furnished,200,apartment-1691647
3357,,,2757,no,15,360,room,Uncarpeted,1800,room-1692089
3358,,,2902,no,23,420,room,Uncarpeted,0,room-1692077
3359,,,2903,no,12,450,room,Uncarpeted,425,room-1692076
3360,,,1233,no,8,430,room,Unfurnished,375,room-1692072
3361,,,2676,no,12,670,apartment,Unfurnished,500,apartment-1692066
3362,,,1972,no,13,600,room,Furnished,,room-1691622
3363,,,2904,no,23,805,room,Furnished,,room-1691620
3364,,,2905,no,20,450,studio,Unfurnished,450,studio-1691619
3365,,,1481,no,63,850,apartment,Furnished,,apartment-1692062
3366,,,2906,no,75,1150,apartment,Furnished,300,apartment-1691613
3367,,,2907,no,13,750,room,Furnished,,room-1691818
3368,,,2908,no,10,800,room,Furnished,,room-1691851
3369,,,2909,no,18,600,room,Furnished,,room-1691323
3370,,,2910,no,16,475,room,Furnished,,room-1691858
3371,,,2911,no,120,1100,apartment,Unfurnished,,apartment-1691906
3372,,,2912,no,60,1000,apartment,Furnished,,apartment-1691963
3373,,,2913,no,25,895,studio,Unfurnished,,studio-1692007
3374,,,2913,no,32,995,studio,Unfurnished,,studio-1692009
3375,,,2914,no,30,850,studio,Furnished,,studio-1692032
3376,,,2915,no,10,450,room,Furnished,,room-1692046
3377,,,2845,yes,30,500,studio,Furnished,,studio-1692058
3378,,,1516,no,18,850,room,Unfurnished,,room-1691597
3379,,,1974,no,25,530,studio,Unfurnished,,studio-1691605
3380,,,2916,no,25,535,studio,Unfurnished,,studio-1691606
3381,,,1975,no,26,564,studio,Unfurnished,,studio-1691607
3382,,,2917,no,31,894,apartment,Unfurnished,,apartment-1691634
3383,,,2918,no,90,1250,apartment,Furnished,,apartment-1691636
3384,,,2919,no,39,716,apartment,Unfurnished,,apartment-1691805
3385,,,1682,no,27,415,studio,Unfurnished,,studio-1692036
3386,,,2920,no,15,630,room,Unfurnished,600,room-1691583
3387,,,1193,no,60,850,apartment,Furnished,,apartment-1691575
3388,,,2921,no,25,425,room,Unfurnished,638,room-1691571
3389,,,2874,no,15,500,room,Furnished,500,room-1691568
3390,,,2922,no,26,575,room,Unfurnished,575,room-1691570
3391,,,2923,no,110,800,room,Unfurnished,,room-1692054
3392,,,2921,no,12,290,room,Uncarpeted,600,room-1691566
3393,,,2924,no,16,750,studio,Furnished,,studio-1691567
3394,,,2925,no,50,900,apartment,Unfurnished,,apartment-1691569
3395,,,2926,no,7,880,room,Furnished,,room-1691445
3396,,,2927,no,15,375,room,Furnished,350,room-1684489
3397,,,2928,no,22,340,room,Uncarpeted,415,room-1692049
3398,,,2929,no,19,550,room,Furnished,580,room-1690312
3399,,,2930,no,8,400,room,Furnished,,room-1691565
3400,,,2931,no,17,420,room,Unfurnished,,room-1691564
3401,,,2932,no,14,355,room,Unfurnished,,room-1692044
3402,,,2933,no,18,470,room,Furnished,,room-1691557
3403,,,2934,no,16,435,room,Furnished,,room-1691559
3404,,,2935,no,20,750,room,Furnished,750,room-1691467
3405,,,2936,no,149,2500,apartment,Unfurnished,,apartment-1690776
3406,,,2937,no,11,305,room,Uncarpeted,,room-1692035
3407,,,1026,no,24,670,room,Furnished,670,room-1692029
3408,,,2938,no,22,436,room,Unfurnished,436,room-1692019
3409,,,2939,no,9,400,room,Furnished,400,room-1691875
3410,,,2940,no,16,449,room,Furnished,,room-1691480
3411,,,2941,no,43,1150,apartment,Unfurnished,1500,apartment-1684355
3412,,,2851,no,7,425,room,Unfurnished,,room-1690651
3413,,,1746,no,94,1150,apartment,Uncarpeted,2400,apartment-1692657
3414,,,2942,no,10,650,room,Furnished,750,room-1634481
3415,,,2943,no,12,260,room,Uncarpeted,,room-1692653
3416,,,2944,no,18,311,room,Furnished,310,room-1692647
3417,,,2945,no,25,550,room,Unfurnished,,room-1692630
3418,,,2946,no,15,500,room,Unfurnished,500,room-1692613
3419,,,2947,no,103,2250,apartment,Furnished,3000,apartment-1692628
3420,,,2948,yes,37,528,studio,Furnished,528,studio-1692616
3421,,,2525,no,10,500,room,Furnished,500,room-1692627
3422,,,2949,no,39,665,apartment,Unfurnished,665,apartment-1650896
3423,,,2950,no,70,900,apartment,Unfurnished,900,apartment-1692615
3424,,,2951,no,15,379,room,Furnished,699,room-1692611
3425,,,2532,no,10,437,room,Furnished,,room-1692607
3426,,,2952,no,15,600,room,Furnished,,room-1692603
3427,,,2953,no,14,350,room,Uncarpeted,350,room-1692631
3428,,,2954,no,12,800,room,Furnished,800,room-1692599
3429,,,1659,no,12,550,room,Uncarpeted,,room-1692598
3430,,,2955,no,8,650,room,Furnished,650,room-1692582
3431,,,2956,no,15,535,room,Furnished,,room-1692588
3432,,,1918,no,18,400,room,Furnished,,room-1692585
3433,,,2957,no,15,480,room,Furnished,,room-1692572
3434,,,2958,no,12,575,room,Uncarpeted,250,room-1692561
3435,,,2959,no,15,750,room,Furnished,,room-1692564
3436,,,2960,no,13,465,room,Unfurnished,465,room-1692544
3437,,,2961,no,65,1100,apartment,Unfurnished,,apartment-1692563
3438,,,2045,no,10,500,room,Unfurnished,,room-1692557
3439,,,2962,no,15,700,room,Furnished,700,room-1692552
3440,,,2963,no,17,750,room,Furnished,750,room-1692553
3441,,,2836,no,15,700,room,Furnished,350,room-1692617
3442,,,2964,yes,32,700,apartment,Unfurnished,500,apartment-1692529
3443,,,2965,no,20,550,room,Furnished,1100,room-1692536
3444,,,1113,no,15,365,room,Furnished,,room-1692535
3445,,,2966,no,10,150,room,Furnished,0,room-1692612
3446,,,2967,no,14,475,room,Unfurnished,500,room-1692491
3447,,,1078,no,9,600,room,Uncarpeted,,room-1692600
3448,,,2676,no,10,550,apartment,Uncarpeted,1100,apartment-1692591
3449,,,2549,no,21,425,room,Unfurnished,0,room-1692596
3450,,,2968,no,12,650,room,Unfurnished,,room-1692595
3451,,,2969,no,25,450,room,Unfurnished,,room-1692590
3452,,,2970,no,10,240,room,Unfurnished,240,room-1692587
3453,,,1195,no,68,900,apartment,Furnished,450,apartment-1692579
3454,,,2971,no,24,540,room,Unfurnished,1080,room-1692562
3455,,,2112,no,18,420,room,Furnished,,room-1692549
3456,,,2972,no,11,295,room,Uncarpeted,0,room-1692546
3457,,,1137,no,9,265,room,Unfurnished,442,room-1692543
3458,,,2973,no,20,495,room,Unfurnished,,room-1692532
3459,,,2974,no,12,395,room,Unfurnished,,room-1692527
3460,,,2975,no,14,550,room,Unfurnished,550,room-1692517
3461,,,2907,no,13,750,room,Furnished,750,room-1692509
3462,,,2976,no,25,900,studio,Furnished,300,studio-1692499
3463,,,2977,no,16,317,room,Uncarpeted,,room-1692503
3464,,,2978,no,18,750,room,Furnished,,room-1692498
3465,,,2979,no,10,250,room,Unfurnished,,room-1692500
3466,,,2980,no,20,885,room,Furnished,,room-1692490
3467,,,2981,no,50,795,apartment,Unfurnished,1450,apartment-1692493
3468,,,2982,no,8,350,room,Uncarpeted,450,room-1692531
3469,,,2975,no,12,550,room,Unfurnished,,room-1692485
3470,,,2983,no,12,320,room,Unfurnished,,room-1692505
3471,,,1125,no,55,950,apartment,Unfurnished,1900,apartment-1692514
3472,,,2984,no,111,1150,apartment,Unfurnished,2300,apartment-1692513
3473,,,2985,no,58,910,apartment,Unfurnished,1820,apartment-1692512
3474,,,2986,no,70,1450,apartment,Unfurnished,2900,apartment-1692475
3475,,,2987,yes,36,550,apartment,Furnished,,apartment-1692472
3476,,,2988,no,28,790,studio,Furnished,700,studio-1692466
3477,,,1560,no,67,775,apartment,Furnished,3100,apartment-1692469
3478,,,2989,no,11,450,room,Unfurnished,450,room-1692468
3479,,,2990,yes,25,675,studio,Uncarpeted,500,studio-1692464
3480,,,2991,no,85,995,apartment,Unfurnished,995,apartment-1692460
3481,,,2027,no,16,550,room,Furnished,,room-1692463
3482,,,2992,no,24,800,room,Furnished,,room-1692462
3483,,,2993,no,40,650,studio,Furnished,0,studio-1692504
3484,,,1092,no,100,1785,apartment,Unfurnished,,apartment-1692446
3485,,,2994,no,60,1300,apartment,Furnished,,apartment-1692445
3486,,,1811,no,20,455,room,Unfurnished,,room-1692441
3487,,,1811,no,20,425,room,Unfurnished,,room-1692440
3488,,,2995,no,102,1250,apartment,Unfurnished,,apartment-1692439
3489,,,2996,no,13,250,room,Unfurnished,,room-1692438
3490,,,2997,no,40,780,apartment,Unfurnished,,apartment-1692437
3491,,,2998,no,90,1200,apartment,Unfurnished,,apartment-1692436
3492,,,2999,no,61,1650,apartment,Furnished,,apartment-1692435
3493,,,3000,no,12,480,room,Furnished,,room-1692429
3494,,,3001,no,12,320,room,Unfurnished,320,room-1692486
3495,,,1616,no,12,500,room,Furnished,,room-1692488
3496,,,2757,no,15,300,room,Uncarpeted,300,room-1692413
3497,,,3002,no,20,460,room,Unfurnished,,room-1692403
3498,,,3003,no,16,540,room,Furnished,540,room-1667182
3499,,,3004,no,30,750,studio,Unfurnished,1500,studio-1692399
3500,,,3005,no,12,360,room,Unfurnished,360,room-1692394
3501,,,3006,no,60,2000,apartment,Furnished,2000,apartment-1692397
3502,,,2775,no,103,1100,apartment,Furnished,1100,apartment-1692388
3503,,,3007,no,20,575,room,Furnished,,room-1692391
3504,,,3008,no,48,1000,apartment,Furnished,1000,apartment-1692387
3505,,,3009,no,24,500,room,Uncarpeted,500,room-1692370
3506,,,1467,no,118,2400,apartment,Unfurnished,,apartment-1692385
3507,,,3010,no,80,1875,apartment,Unfurnished,,apartment-1692384
3508,,,3011,no,160,3650,apartment,Unfurnished,,apartment-1692383
3509,,,3012,no,70,1175,apartment,Unfurnished,,apartment-1692380
3510,,,3013,no,65,709,apartment,Unfurnished,,apartment-1692374
3511,,,3014,no,45,920,apartment,Unfurnished,,apartment-1692373
3512,,,3015,no,25,464,studio,Unfurnished,,studio-1692372
3513,,,3016,no,55,773,apartment,Unfurnished,,apartment-1692371
3514,,,2563,no,30,850,room,Furnished,850,room-1692367
3515,,,3017,no,9,575,room,Unfurnished,200,room-1692365
3516,,,3018,no,6,310,room,Unfurnished,265,room-1692349
3517,,,3019,no,12,400,room,Uncarpeted,400,room-1692348
3518,,,3020,no,14,500,room,Furnished,500,room-1692342
3519,,,3021,yes,25,705,studio,Unfurnished,705,studio-1692336
3520,,,3022,no,15,270,room,Unfurnished,350,room-1692334
3521,,,3023,no,10,322,room,Unfurnished,,room-1692481
3522,,,3024,no,14,450,room,Furnished,,room-1692480
3523,,,3025,no,16,330,room,Unfurnished,330,room-1692307
3524,,,3026,no,50,950,apartment,Furnished,950,apartment-1692474
3525,,,3027,no,30,560,apartment,Furnished,,apartment-1692459
3526,,,1025,no,14,750,room,Unfurnished,750,room-1692415
3527,,,3028,no,12,475,room,Furnished,200,room-1692402
3528,,,3029,no,12,520,room,Furnished,200,room-1692392
3529,,,2620,no,55,805,apartment,Unfurnished,805,apartment-1692389
3530,,,3030,no,55,1450,apartment,Unfurnished,,apartment-1692381
3531,,,1929,no,11,320,room,,,room-1692377
3532,,,3031,no,45,719,apartment,,,apartment-1692376
3533,,,3032,no,60,1235,apartment,Furnished,,apartment-1692375
3534,,,1282,no,12,420,room,Furnished,900,room-1692366
3535,,,3033,no,19,395,room,Furnished,395,room-1692361
3536,,,3034,no,20,404,room,Unfurnished,,room-1692359
3537,,,3035,no,19,350,studio,Furnished,50,studio-1692347
3538,,,1699,no,13,600,room,Uncarpeted,300,room-1692963
3539,,,1093,no,12,550,room,Unfurnished,600,room-1692958
3540,,,1093,no,14,600,room,Furnished,600,room-1692957
3541,,,3036,no,30,550,room,Furnished,300,room-1692952
3542,,,3037,no,12,930,room,Unfurnished,,room-1692944
3543,,,3038,no,45,955,apartment,Furnished,955,apartment-1692935
3544,,,3039,no,10,580,room,Furnished,,room-1692942
3545,,,1806,no,27,1500,studio,Furnished,1500,studio-1692932
3546,,,3040,no,7,650,room,Furnished,,room-1692716
3547,,,3041,no,12,750,room,Furnished,1100,room-1692925
3548,,,3042,no,11,700,room,Furnished,,room-1692922
3549,,,3043,no,20,375,room,Unfurnished,150,room-1692923
3550,,,3044,no,44,950,apartment,Unfurnished,1800,apartment-1692921
3551,,,1028,no,15,360,room,Unfurnished,310,room-1692915
3552,,,1625,no,20,650,room,Furnished,,room-1692917
3553,,,2964,no,18,395,room,Uncarpeted,,room-1692911
3554,,,3045,no,18,570,room,Unfurnished,570,room-1692912
3555,,,1707,no,66,1200,apartment,Unfurnished,1200,apartment-1692940
3556,,,3046,no,16,610,room,Unfurnished,500,room-1692938
3557,,,1556,yes,30,675,studio,Furnished,950,studio-1692934
3558,,,1830,no,50,1400,apartment,Furnished,1500,apartment-1692936
3559,,,3047,no,12,530,room,Furnished,530,room-1692926
3560,,,1045,no,13,400,room,Furnished,,room-1692924
3561,,,3048,no,45,1720,apartment,Furnished,1720,apartment-1692918
3562,,,3049,no,40,850,room,Unfurnished,,room-1692913
3563,,,3050,no,55,1000,apartment,Furnished,2000,apartment-1692907
3564,,,2538,no,12,650,room,Unfurnished,600,room-1692906
3565,,,3051,no,72,995,apartment,Unfurnished,1990,apartment-1692905
3566,,,3052,no,27,500,studio,Unfurnished,500,studio-1692900
3567,,,3053,no,12,750,room,Unfurnished,1500,room-1692891
3568,,,2818,no,15,330,room,Uncarpeted,,room-1692897
3569,,,3054,no,45,870,apartment,Unfurnished,1000,apartment-1692879
3570,,,3054,no,55,950,apartment,Unfurnished,1000,apartment-1692878
3571,,,3054,no,62,950,apartment,Unfurnished,1000,apartment-1692877
3572,,,3054,no,52,940,apartment,Unfurnished,1000,apartment-1692876
3573,,,1436,no,8,695,room,Unfurnished,900,room-1692874
3574,,,3055,no,128,4500,apartment,Furnished,9000,apartment-1692865
3575,,,1490,no,12,530,room,Furnished,500,room-1692864
3576,,,3056,no,18,580,room,Furnished,,room-1692863
3577,,,3057,no,14,750,room,Furnished,,room-1692862
3578,,,3058,no,10,600,room,Furnished,600,room-1692859
3579,,,3059,no,12,315,room,Uncarpeted,315,room-1692858
3580,,,3060,no,37,950,apartment,Furnished,500,apartment-1692857
3581,,,1044,no,8,830,room,Furnished,150,room-1692893
3582,,,1270,no,14,310,room,Uncarpeted,,room-1692887
3583,,,3061,no,45,500,apartment,Furnished,500,apartment-1675323
3584,,,1733,no,18,500,room,Furnished,,room-1692885
3585,,,3062,no,12,335,room,Unfurnished,,room-1692875
3586,,,3063,no,17,320,room,Uncarpeted,320,room-1692868
3587,,,3064,no,12,575,room,Furnished,575,room-1692855
3588,,,3065,no,20,425,room,Uncarpeted,850,room-1692851
3589,,,3066,no,23,550,studio,Unfurnished,550,studio-1692848
3590,,,3067,no,16,375,room,Uncarpeted,375,room-1692847
3591,,,3068,no,21,425,room,Unfurnished,425,room-1692840
3592,,,2935,no,20,750,room,Furnished,750,room-1692839
3593,,,3069,no,35,740,studio,Unfurnished,1500,studio-1692830
3594,,,2789,no,16,375,room,Furnished,375,room-1692836
3595,,,1192,no,40,1250,apartment,Unfurnished,1250,apartment-1692829
3596,,,3070,no,20,800,room,Furnished,800,room-1692820
3597,,,2878,no,56,800,apartment,Furnished,,apartment-1692821
3598,,,3071,no,40,1100,apartment,Furnished,600,apartment-1692854
3599,,,3072,no,16,625,room,Unfurnished,600,room-1692797
3600,,,3073,no,20,615,room,Furnished,615,room-1692813
3601,,,1469,no,12,100,room,Unfurnished,,room-1692812
3602,,,3074,no,10,390,room,Furnished,250,room-1692800
3603,,,3075,no,30,710,studio,Furnished,,studio-1692803
3604,,,3076,no,16,520,room,Uncarpeted,,room-1692798
3605,,,3077,no,10,400,room,Furnished,300,room-1692794
3606,,,3078,no,26,915,studio,Furnished,915,studio-1692734
3607,,,2232,no,95,1950,apartment,Furnished,,apartment-1692784
3608,,,1075,no,56,845,apartment,Unfurnished,,apartment-1692782
3609,,,3079,no,115,1395,apartment,Unfurnished,,apartment-1692780
3610,,,3080,no,65,860,apartment,Unfurnished,,apartment-1692779
3611,,,3081,no,100,1450,apartment,Furnished,,apartment-1692778
3612,,,3082,no,45,1875,apartment,Furnished,,apartment-1692777
3613,,,3083,no,18,410,room,Uncarpeted,410,room-1692841
3614,,,3084,no,100,1495,apartment,Unfurnished,,apartment-1692776
3615,,,3085,no,109,1395,apartment,Unfurnished,,apartment-1692775
3616,,,3086,no,140,1650,apartment,Unfurnished,,apartment-1692773
3617,,,3087,no,160,1495,apartment,Unfurnished,,apartment-1692768
3618,,,3088,no,105,1655,apartment,Unfurnished,,apartment-1692767
3619,,,3089,no,70,875,apartment,Unfurnished,,apartment-1692765
3620,,,3090,no,55,949,apartment,Unfurnished,,apartment-1692764
3621,,,3091,no,140,1595,apartment,Unfurnished,,apartment-1692763
3622,,,3092,no,10,630,room,Unfurnished,1000,room-1692824
3623,,,3093,no,98,1650,apartment,Furnished,,apartment-1692762
3624,,,2198,no,160,1795,apartment,Unfurnished,,apartment-1692761
3625,,,1927,no,20,600,room,Furnished,,room-1692759
3626,,,3094,no,22,450,room,Unfurnished,,room-1692825
3627,,,3095,no,12,630,room,Furnished,600,room-1692745
3628,,,1533,no,30,999,room,Furnished,1000,room-1692746
3629,,,3096,no,12,450,room,Furnished,500,room-1692733
3630,,,3097,no,55,1400,studio,Unfurnished,,studio-1692739
3631,,,2615,no,63,985,apartment,Unfurnished,985,apartment-1692729
3632,,,2501,no,13,290,room,Uncarpeted,,room-1692823
3633,,,2570,no,27,755,studio,Unfurnished,1510,studio-1692737
3634,,,3098,no,140,1350,apartment,Unfurnished,3600,apartment-1691156
3635,,,1203,no,20,327,room,Furnished,,room-1692726
3636,,,3094,no,9,275,room,Unfurnished,246,room-1692818
3637,,,2570,no,30,800,studio,Unfurnished,1600,studio-1692730
3638,,,2890,no,12,375,room,Furnished,,room-1692814
3639,,,1641,no,40,970,apartment,Furnished,,apartment-1692735
3640,,,3099,no,12,420,room,Furnished,420,room-1692717
3641,,,1818,no,15,320,room,Unfurnished,,room-1692806
3642,,,3100,no,14,800,room,Unfurnished,800,room-1692796
3643,,,1205,no,15,780,room,Furnished,0,room-1692793
3644,,,3101,no,6,300,room,Unfurnished,,room-1692755
3645,,,3102,no,75,950,apartment,Unfurnished,950,apartment-1692758
3646,,,3103,no,15,550,room,Furnished,1300,room-1692749
3647,,,2848,no,16,880,room,Furnished,0,room-1692750
3648,,,2972,no,11,295,room,Unfurnished,,room-1692752
3649,,,3104,no,18,375,room,Uncarpeted,375,room-1692713
3650,,,3105,no,106,2500,apartment,Unfurnished,,apartment-1692709
3651,,,2212,no,10,295,room,Unfurnished,350,room-1692742
3652,,,3106,no,85,1075,apartment,Unfurnished,,apartment-1692707
3653,,,3107,no,62,750,apartment,Unfurnished,,apartment-1692706
3654,,,3108,no,45,750,apartment,Unfurnished,,apartment-1692695
3655,,,3109,no,45,750,apartment,Unfurnished,,apartment-1692694
3656,,,3109,no,54,825,apartment,Unfurnished,,apartment-1692693
3657,,,1391,no,16,600,room,Furnished,600,room-1692738
3658,,,1592,no,18,800,room,Furnished,800,room-1692691
3659,,,1560,no,15,433,room,Unfurnished,433,room-1692682
3660,,,3110,no,18,335,room,Unfurnished,,room-1692565
3661,,,1646,no,60,1450,apartment,Furnished,,apartment-1692672
3662,,,1802,no,79,1500,apartment,Furnished,,apartment-1692671
3663,,,2008,no,65,925,apartment,Uncarpeted,902,apartment-1692670
3664,,,3111,no,24,470,room,Unfurnished,800,room-1692668
3665,,,3112,no,70,880,apartment,Unfurnished,780,apartment-1692632
3666,,,1094,no,40,1245,apartment,Furnished,,apartment-1692651
3667,,,3113,no,11,650,room,Furnished,650,room-1692648
3668,,,3111,no,25,480,room,Unfurnished,800,room-1692639
3669,,,3114,no,50,900,apartment,Unfurnished,,apartment-1692645
3670,,,3115,no,12,290,room,Uncarpeted,0,room-1692643
3671,,,3116,no,56,975,apartment,Uncarpeted,1500,apartment-1692050
3672,,,2545,no,22,730,room,Furnished,,room-1692640
3673,,,3117,no,16,595,room,Furnished,150,room-1692629
3674,,,3118,no,14,340,room,Unfurnished,340,room-1692718
3675,,,1644,no,13,495,room,Furnished,,room-1692715
3676,,,3119,no,13,357,room,,,room-1692704
3677,,,3120,no,20,565,room,,,room-1692703
3678,,,3121,no,91,1250,apartment,Unfurnished,,apartment-1692701
3679,,,3122,no,85,1850,apartment,Unfurnished,,apartment-1692698
3680,,,3123,no,120,1600,apartment,Furnished,,apartment-1692697
3681,,,1509,no,102,1850,apartment,Uncarpeted,,apartment-1692696
3682,,,2868,no,20,450,room,Uncarpeted,0,room-1692684
3683,,,3124,no,16,350,room,Unfurnished,350,room-1692673
3684,,,1018,no,13,315,room,Furnished,630,room-1692968
3685,,,2904,no,23,828,room,Furnished,,room-1693075
3686,,,2904,no,23,805,room,Furnished,,room-1693027
3687,,,3125,no,15,385,room,Unfurnished,770,room-1692966
3688,,,3125,no,13,385,room,Unfurnished,770,room-1692960
3689,,,3126,no,12,310,room,Uncarpeted,310,room-1693241
3690,,,3127,no,11,460,room,Furnished,460,room-1693233
3691,,,3128,no,25,380,room,Furnished,250,room-1693227
3692,,,3129,no,12,395,room,Uncarpeted,395,room-1693224
3693,,,3130,no,9,250,room,Furnished,250,room-1693192
3694,,,1464,no,28,800,room,Unfurnished,1500,room-1693214
3695,,,2523,no,16,400,room,Uncarpeted,400,room-1693217
3696,,,3131,no,77,850,apartment,Furnished,850,apartment-1693200
3697,,,2182,no,14,325,room,Uncarpeted,383,room-1693199
3698,,,3132,no,15,670,room,Furnished,350,room-1693195
3699,,,2981,no,17,355,room,Uncarpeted,,room-1693152
3700,,,2485,no,33,795,apartment,Unfurnished,795,apartment-1693148
3701,,,1088,no,10,650,room,Furnished,1000,room-1693188
3702,,,3133,no,18,400,room,Unfurnished,,room-1693176
3703,,,3134,no,16,445,room,Unfurnished,,room-1693143
3704,,,3135,no,10,400,room,Furnished,800,room-1693123
3705,,,1018,no,13,315,room,Furnished,630,room-1693141
3706,,,1018,no,13,315,room,Furnished,630,room-1693140
3707,,,1018,no,13,315,room,Furnished,630,room-1693138
3708,,,2485,no,16,395,room,Unfurnished,395,room-1693137
3709,,,1018,no,13,315,room,Furnished,630,room-1693135
3710,,,1572,no,19,310,room,Unfurnished,750,room-1693136
3711,,,3134,no,24,545,room,Unfurnished,,room-1693133
3712,,,1549,no,18,445,studio,Unfurnished,445,studio-1693134
3713,,,1018,no,13,315,room,Furnished,630,room-1693132
3714,,,1549,no,22,495,room,Unfurnished,495,room-1693127
3715,,,1018,no,13,315,room,Furnished,630,room-1693130
3716,,,2506,no,80,1300,apartment,Furnished,1300,apartment-1693175
3717,,,1018,no,13,315,room,Furnished,630,room-1693122
3718,,,1018,no,13,315,room,Furnished,630,room-1693121
3719,,,3136,no,18,550,room,Furnished,550,room-1693120
3720,,,3137,no,15,500,room,Uncarpeted,100,room-1693110
3721,,,3138,no,8,400,room,Unfurnished,,room-1693117
3722,,,3138,no,8,400,room,Unfurnished,,room-1693115
3723,,,3139,no,20,450,room,Uncarpeted,,room-1693111
3724,,,3140,no,14,550,room,Uncarpeted,450,room-1693171
3725,,,3141,no,24,600,room,Unfurnished,600,room-1693169
3726,,,1401,no,12,400,room,Furnished,,room-1693112
3727,,,2961,no,65,1100,apartment,Unfurnished,2200,apartment-1693170
3728,,,3142,no,42,1150,apartment,Furnished,250,apartment-1693159
3729,,,1239,no,16,350,room,Uncarpeted,350,room-1693151
3730,,,2100,no,13,308,room,Unfurnished,295,room-1693145
3731,,,3143,no,14,680,room,Uncarpeted,,room-1693125
3732,,,1600,no,12,395,room,Unfurnished,,room-1693118
3733,,,1544,no,15,330,room,Uncarpeted,,room-1693107
3734,,,2537,no,22,600,room,Furnished,600,room-1693105
3735,,,3144,no,52,1500,apartment,Furnished,1500,apartment-1693098
3736,,,3145,no,18,850,room,Furnished,1600,room-1693096
3737,,,2544,no,11,360,room,Furnished,,room-1693102
3738,,,2544,no,18,420,apartment,Furnished,,apartment-1693101
3739,,,1281,no,20,650,room,Furnished,,room-1693094
3740,,,1362,no,10,550,room,Furnished,,room-1693086
3741,,,2486,no,28,750,studio,Furnished,,studio-1693083
3742,,,3146,no,28,840,studio,Furnished,500,studio-1693077
3743,,,3147,no,47,850,apartment,Furnished,950,apartment-1693071
3744,,,3148,no,9,475,room,Furnished,,room-1693067
3745,,,3149,no,15,500,room,Furnished,,room-1693066
3746,,,3150,no,12,612,room,Furnished,1000,room-1693044
3747,,,1119,no,20,625,room,Furnished,500,room-1693099
3748,,,2524,no,15,600,room,Furnished,600,room-1693097
3749,,,3151,no,16,550,room,Unfurnished,550,room-1693093
3750,,,3152,no,11,420,room,Furnished,300,room-1660575
3751,,,3153,no,53,795,apartment,Unfurnished,,apartment-1693051
3752,,,2435,no,96,1395,apartment,Unfurnished,,apartment-1693050
3753,,,3154,no,13,345,room,Unfurnished,,room-1693049
3754,,,3155,no,26,675,studio,Unfurnished,,studio-1693048
3755,,,3156,no,45,900,studio,Unfurnished,1800,studio-1693043
3756,,,1588,no,12,550,room,Furnished,,room-1693036
3757,,,2485,no,20,315,room,Unfurnished,,room-1693031
3758,,,3157,yes,45,650,apartment,Furnished,1000,apartment-1693028
3759,,,1084,yes,32,719,studio,Unfurnished,1540,studio-1693026
3760,,,3158,no,10,516,room,Unfurnished,1000,room-1693025
3761,,,2540,no,18,550,room,Furnished,,room-1693024
3762,,,3159,no,34,995,studio,Furnished,,studio-1693016
3763,,,3159,no,25,895,studio,Furnished,,studio-1693015
3764,,,3160,no,180,2250,apartment,Unfurnished,3250,apartment-1693079
3765,,,3159,no,21,795,studio,Furnished,,studio-1693014
3766,,,3161,no,63,995,apartment,Furnished,,apartment-1693013
3767,,,2194,no,38,645,apartment,Unfurnished,,apartment-1693012
3768,,,2194,no,40,755,apartment,Furnished,,apartment-1693011
3769,,,1463,no,35,690,apartment,Unfurnished,,apartment-1693003
3770,,,3162,no,42,750,apartment,Unfurnished,,apartment-1692998
3771,,,2300,no,45,1475,apartment,Furnished,,apartment-1692990
3772,,,3163,no,12,326,room,Furnished,,room-1693073
3773,,,1383,no,10,750,room,Furnished,1000,room-1693072
3774,,,3164,no,30,550,room,Furnished,550,room-1692989
3775,,,1879,no,30,1150,studio,Furnished,1150,studio-1693070
3776,,,2585,no,20,950,apartment,Furnished,950,apartment-1693068
3777,,,2585,no,15,850,apartment,Furnished,850,apartment-1693045
3778,,,3165,no,13,400,room,Furnished,400,room-1693034
3779,,,3166,no,12,875,room,Furnished,1700,room-1691667
3780,,,3167,no,15,300,room,Unfurnished,400,room-1692995
3781,,,3168,no,87,2500,apartment,Furnished,,apartment-1693010
3782,,,3169,no,27,695,room,,,room-1693006
3783,,,3032,no,30,1095,apartment,Furnished,,apartment-1693005
3784,,,1675,no,15,375,room,Uncarpeted,,room-1693000
3785,,,1561,no,45,500,apartment,Furnished,500,apartment-1674135
3786,,,3170,no,15,1500,room,Furnished,,room-1692986
3787,,,3171,no,18,1164,room,Furnished,,room-1692961
3788,,,3172,no,14,425,room,Furnished,0,room-1692959
3789,,,1409,no,12,510,room,Furnished,0,room-1692956
3790,,,1588,no,10,550,studio,Furnished,,studio-1692685
3791,,,2996,no,13,250,apartment,Unfurnished,,apartment-1692438
3792,,,1006,no,17,857,room,Furnished,857,room-1693167
3793,,,3173,no,25,500,room,Unfurnished,200,room-1693483
3794,,,2079,no,8,300,room,Furnished,,room-1693475
3795,,,3174,no,29,475,room,Uncarpeted,475,room-1693474
3796,,,3175,no,13,380,room,Unfurnished,,room-1693471
3797,,,3175,no,13,380,room,Uncarpeted,,room-1693470
3798,,,1028,no,14,275,room,Uncarpeted,,room-1693465
3799,,,3176,no,50,750,room,Furnished,750,room-1693464
3800,,,3176,no,40,685,room,Furnished,685,room-1693462
3801,,,3176,no,40,685,room,Furnished,,room-1693461
3802,,,3176,no,8,450,room,Furnished,450,room-1693460
3803,,,1634,no,36,600,room,Furnished,1000,room-1693455
3804,,,1020,no,16,285,room,Uncarpeted,,room-1693456
3805,,,1784,no,20,575,room,Furnished,575,room-1693452
3806,,,3177,no,12,500,room,Unfurnished,,room-1693423
3807,,,3178,no,6,500,room,Furnished,,room-1693439
3808,,,3179,no,10,410,room,Furnished,,room-1693434
3809,,,1629,no,11,310,room,Unfurnished,,room-1693432
3810,,,3180,no,20,550,room,Unfurnished,,room-1693431
3811,,,3181,no,8,510,room,Unfurnished,510,room-1693430
3812,,,3182,no,14,600,room,Unfurnished,600,room-1693429
3813,,,2117,no,16,325,room,Furnished,,room-1693425
3814,,,1019,no,16,240,room,Uncarpeted,,room-1693424
3815,,,3183,no,25,330,room,Unfurnished,330,room-1693422
3816,,,3184,no,10,550,room,Unfurnished,1000,room-1687249
3817,,,3185,no,20,450,room,Furnished,450,room-1693459
3818,,,2454,no,16,600,room,Furnished,600,room-1693458
3819,,,2046,no,11,270,room,Unfurnished,,room-1693419
3820,,,3186,no,12,360,room,Uncarpeted,650,room-1693408
3821,,,3187,no,35,520,studio,Unfurnished,675,studio-1693414
3822,,,3188,no,28,410,room,Furnished,,room-1693412
3823,,,3189,no,65,890,apartment,Unfurnished,2000,apartment-1693362
3824,,,2467,no,15,600,room,Furnished,1000,room-1693453
3825,,,3190,no,65,1300,apartment,Unfurnished,1300,apartment-1693437
3826,,,1274,no,50,1250,apartment,Unfurnished,1600,apartment-1693446
3827,,,3191,no,11,700,room,Furnished,150,room-1693398
3828,,,3192,no,45,1250,apartment,Unfurnished,1250,apartment-1693436
3829,,,1226,no,28,485,room,Furnished,435,room-1693435
3830,,,3193,no,13,550,room,Uncarpeted,550,room-1693359
3831,,,1630,no,12,650,room,Furnished,650,room-1693417
3832,,,3194,no,50,950,apartment,Furnished,1800,apartment-1693416
3833,,,1115,no,15,500,room,Furnished,1000,room-1693418
3834,,,2858,no,15,440,studio,Unfurnished,440,studio-1693392
3835,,,3195,no,24,475,room,Unfurnished,475,room-1693391
3836,,,3196,no,25,750,room,Uncarpeted,,room-1693385
3837,,,1222,no,59,1650,apartment,Furnished,3000,apartment-1693394
3838,,,2939,no,17,550,room,Furnished,625,room-1693380
3839,,,3197,no,35,810,apartment,Unfurnished,1620,apartment-1693308
3840,,,3198,no,15,310,room,Uncarpeted,310,room-1693372
3841,,,3199,no,15,425,room,Uncarpeted,0,room-1693374
3842,,,3200,no,20,850,room,Furnished,,room-1693373
3843,,,3201,no,20,900,room,Furnished,,room-1693371
3844,,,1944,no,100,1400,apartment,Furnished,1400,apartment-1693368
3845,,,3202,no,18,320,room,Uncarpeted,,room-1693393
3846,,,2495,no,10,275,room,Furnished,,room-1693354
3847,,,3203,no,81,1250,apartment,Unfurnished,,apartment-1693342
3848,,,3204,no,50,1500,apartment,Furnished,,apartment-1693341
3849,,,3205,no,65,1650,apartment,Furnished,,apartment-1693340
3850,,,2439,no,44,895,apartment,Unfurnished,,apartment-1693337
3851,,,3206,no,16,395,room,Unfurnished,,room-1693336
3852,,,3207,no,26,875,apartment,Unfurnished,,apartment-1693333
3853,,,3208,no,15,346,room,Unfurnished,,room-1693332
3854,,,3209,yes,20,400,studio,Unfurnished,800,studio-1693316
3855,,,3210,no,47,799,apartment,Unfurnished,1600,apartment-1693306
3856,,,3211,no,24,700,room,Furnished,,room-1693309
3857,,,2078,no,12,580,room,Furnished,580,room-1693390
3858,,,3212,no,35,530,room,Furnished,50,room-1693304
3859,,,1622,no,115,1750,apartment,Unfurnished,1750,apartment-1693301
3860,,,3213,no,97,1425,apartment,Uncarpeted,1425,apartment-1693299
3861,,,3213,no,50,895,apartment,Uncarpeted,895,apartment-1693298
3862,,,3214,no,25,1295,studio,Furnished,,studio-1693296
3863,,,3215,no,58,975,apartment,Uncarpeted,975,apartment-1693282
3864,,,3216,no,102,1350,apartment,Unfurnished,2700,apartment-1693297
3865,,,1353,no,10,780,room,Furnished,,room-1693290
3866,,,3217,no,12,355,room,Furnished,510,room-1693379
3867,,,3218,no,80,730,apartment,Furnished,730,apartment-1693363
3868,,,3219,no,70,1200,apartment,Unfurnished,1200,apartment-1693216
3869,,,1767,no,15,681,room,Furnished,,room-1693365
3870,,,3220,no,12,350,room,Furnished,350,room-1693356
3871,,,3220,no,60,675,apartment,Furnished,675,apartment-1693328
3872,,,3221,no,14,500,room,Furnished,400,room-1693355
3873,,,3222,no,7,350,room,Unfurnished,400,room-1693330
3874,,,3223,no,40,365,room,Furnished,0,room-1693325
3875,,,3224,no,53,900,apartment,Unfurnished,1200,apartment-1693320
3876,,,3225,no,16,380,room,Uncarpeted,,room-1693315
3877,,,3226,no,12,245,room,Furnished,490,room-1693313
3878,,,3227,no,60,1295,apartment,Unfurnished,2590,apartment-1693305
3879,,,3228,no,55,1195,apartment,Unfurnished,2390,apartment-1693303
3880,,,1239,no,17,350,room,Uncarpeted,350,room-1693289
3881,,,3229,no,58,1650,apartment,Unfurnished,,apartment-1693280
3882,,,2547,no,52,1000,apartment,Furnished,,apartment-1693279
3883,,,3230,no,100,1495,apartment,Unfurnished,,apartment-1693264
3884,,,1072,no,32,907,apartment,Unfurnished,907,apartment-1693262
3885,,,3231,no,8,500,room,Furnished,,room-1693260
3886,,,3232,no,6,400,room,Furnished,450,room-1693257
3887,,,3233,no,26,895,apartment,Unfurnished,895,apartment-1693256
3888,,,1072,no,24,818,studio,Unfurnished,818,studio-1693254
3889,,,3234,no,11,950,room,Furnished,250,room-1693249
3890,,,3235,no,20,850,room,Unfurnished,,room-1693247
3891,,,2776,no,20,590,room,Furnished,590,room-1693244
3892,,,1834,no,16,495,room,Furnished,,room-1693243
3893,,,3236,no,20,650,room,Furnished,,room-1692931
3894,,,3237,no,12,450,room,Furnished,900,room-1693239
3895,,,3238,no,17,405,room,Unfurnished,,room-1693237
3896,,,3239,no,110,2250,apartment,Furnished,,apartment-1693267
3897,,,1122,no,24,950,room,Furnished,500,room-1693234
3898,,,1122,no,22,850,room,Furnished,500,room-1693231
3899,,,3240,no,60,1400,apartment,Uncarpeted,,apartment-1693266
3900,,,3241,no,15,365,studio,Uncarpeted,,studio-1693265
3901,,,3242,no,12,320,room,Uncarpeted,0,room-1693226
3902,,,3243,no,24,400,room,Furnished,,room-1693229
3903,,,1122,no,17,750,room,Furnished,500,room-1693228
3904,,,3244,no,28,800,studio,Unfurnished,1200,studio-1693220
3905,,,1541,no,42,975,studio,Unfurnished,1462,studio-1693219
3906,,,3245,no,18,635,room,Furnished,635,room-1693212
3907,,,3246,yes,27,510,studio,Furnished,510,studio-1693209
3908,,,3247,no,58,1650,apartment,Furnished,3500,apartment-1693206
3909,,,3248,no,69,1200,apartment,Furnished,500,apartment-1693210
3910,,,1516,no,65,1500,apartment,Unfurnished,,apartment-1693207
3911,,,3249,no,55,1000,apartment,Furnished,1000,apartment-1693203
3912,,,3136,no,18,500,room,Furnished,500,room-1693202
3913,,,3250,no,8,290,room,Unfurnished,0,room-1620001
3914,,,1051,no,20,399,room,Furnished,,room-1693193
3915,,,3251,no,16,335,room,Uncarpeted,,room-1692904
3916,,,2050,no,16,325,room,Uncarpeted,0,room-1693191
3917,,,3252,no,12,500,room,Uncarpeted,500,room-1693189
3918,,,3253,no,56,895,apartment,Unfurnished,895,apartment-1693184
3919,,,3133,no,9,320,room,Unfurnished,375,room-1693185
3920,,,3254,no,27,799,room,Unfurnished,1598,room-1693187
3921,,,3255,no,12,600,room,Furnished,,room-1693182
3922,,,3256,no,65,900,apartment,Unfurnished,900,apartment-1693144
3923,,,3257,no,45,960,apartment,Unfurnished,1920,apartment-1693174
3924,,,2293,no,60,850,apartment,Furnished,850,apartment-1693164
3925,,,3258,no,8,220,room,Uncarpeted,,room-1693160
3926,,,3259,no,74,1300,apartment,Furnished,,apartment-1693158
3927,,,3260,yes,60,500,studio,Furnished,150,studio-1693150
3928,,,3261,no,16,500,room,Furnished,500,room-1693155
3929,,,1173,no,22,650,room,Furnished,,room-1693156
3930,,,3262,no,33,875,apartment,Unfurnished,1750,apartment-1693147
3931,,,3263,no,52,950,room,Furnished,900,room-1693248
3932,,,3264,no,12,350,room,Uncarpeted,500,room-1693242
3933,,,3154,no,13,345,apartment,Unfurnished,,apartment-1693049
3934,,,3154,no,10,310,room,Unfurnished,,room-1693047
3935,,,2676,no,10,600,room,Uncarpeted,1100,room-1692591
3936,,,3265,no,22,420,room,Unfurnished,420,room-1693688
3937,,,3266,no,20,400,room,Furnished,400,room-1693683
3938,,,3267,no,94,1550,apartment,Furnished,1200,apartment-1693623
3939,,,1227,no,80,990,apartment,Uncarpeted,325,apartment-1693377
3940,,,2944,no,18,320,room,Furnished,300,room-1693666
3941,,,3268,no,16,610,room,Unfurnished,1000,room-1693646
3942,,,1205,no,15,780,room,Furnished,,room-1693653
3943,,,3269,no,60,900,apartment,Furnished,100,apartment-1693644
3944,,,3270,no,14,740,room,Unfurnished,1200,room-1693639
3945,,,3271,no,14,600,room,Furnished,,room-1693634
3946,,,3272,no,10,305,room,Furnished,302,room-1693621
3947,,,3273,no,45,1500,apartment,Furnished,1000,apartment-1693553
3948,,,3274,no,45,795,apartment,Unfurnished,,apartment-1693548
3949,,,3275,no,15,500,room,Furnished,,room-1693543
3950,,,3276,no,29,1200,studio,Furnished,1200,studio-1693533
3951,,,3277,no,16,340,room,Furnished,340,room-1693449
3952,,,2441,no,13,425,room,Uncarpeted,,room-1693542
3953,,,1146,no,12,420,room,Uncarpeted,,room-1693541
3954,,,1543,yes,15,425,studio,Unfurnished,,studio-1693540
3955,,,3278,no,13,750,room,Uncarpeted,1500,room-1693539
3956,,,3278,no,10,700,room,Uncarpeted,1400,room-1693535
3957,,,3278,no,10,650,room,Uncarpeted,1300,room-1693534
3958,,,3279,no,12,220,room,Unfurnished,405,room-1693531
3959,,,3280,no,160,2595,apartment,Furnished,,apartment-1693527
3960,,,2965,no,50,995,apartment,Unfurnished,,apartment-1693525
3961,,,3281,no,135,985,apartment,Unfurnished,,apartment-1693522
3962,,,2474,no,26,605,studio,Unfurnished,,studio-1693521
3963,,,1148,no,19,285,room,Unfurnished,,room-1693514
3964,,,3282,no,13,375,room,Unfurnished,375,room-1693513
3965,,,3283,no,20,700,room,Furnished,1400,room-1693505
3966,,,3284,no,17,450,room,Furnished,500,room-1693497
3967,,,1686,no,18,700,room,Furnished,1100,room-1693577
3968,,,3285,no,10,295,room,Unfurnished,295,room-1693493
3969,,,1804,yes,23,650,studio,Furnished,650,studio-1693489
3970,,,3286,no,18,395,room,Uncarpeted,,room-1693491
3971,,,3287,no,30,400,room,Unfurnished,,room-1693484
3972,,,2103,no,14,528,room,Uncarpeted,,room-1693481
3973,,,3288,no,20,850,room,Furnished,800,room-1693601
3974,,,3289,no,18,500,room,Furnished,200,room-1693591
3975,,,1568,no,16,800,room,Furnished,700,room-1693586
3976,,,3290,no,18,625,room,Furnished,625,room-1693582
3977,,,1748,no,35,650,apartment,Furnished,1000,apartment-1693578
3978,,,1383,no,10,750,room,Furnished,1000,room-1693579
3979,,,3291,no,60,895,apartment,Unfurnished,,apartment-1693557
3980,,,2332,no,25,510,room,Furnished,510,room-1693556
3981,,,3292,no,9,275,room,Furnished,275,room-1693554
3982,,,3293,no,89,1400,apartment,Furnished,,apartment-1693523
3983,,,1924,no,65,1495,apartment,Furnished,,apartment-1693520
3984,,,1221,no,52,950,apartment,Unfurnished,,apartment-1693519
3985,,,3294,no,68,990,apartment,Uncarpeted,,apartment-1693517
3986,,,1257,no,13,293,room,Uncarpeted,,room-1693515
3987,,,3295,no,25,415,room,Furnished,0,room-1693508
3988,,,3296,no,9,400,room,Uncarpeted,500,room-1693502
3989,,,3296,no,16,500,room,Uncarpeted,500,room-1693500
3990,,,2494,no,70,1400,apartment,Unfurnished,2000,apartment-1693628
3991,,,3297,no,15,370,room,Furnished,370,room-1693859
3992,,,3298,no,30,750,room,Unfurnished,750,room-1693864
3993,,,1276,no,18,425,room,Unfurnished,500,room-1693851
3994,,,1258,no,18,390,room,Unfurnished,,room-1693847
3995,,,3299,no,12,250,room,Unfurnished,0,room-1693840
3996,,,3300,no,72,1270,apartment,Unfurnished,1270,apartment-1693812
3997,,,3301,no,25,485,room,Furnished,485,room-1693815
3998,,,2419,no,9,650,room,Unfurnished,,room-1693801
3999,,,3302,no,15,380,room,Unfurnished,380,room-1693788
4000,,,1517,no,16,480,room,Furnished,,room-1693796
4001,,,3303,no,11,800,room,Furnished,1800,room-1693780
4002,,,1524,no,56,1695,apartment,Unfurnished,,apartment-1693787
4003,,,3304,no,9,468,room,Furnished,468,room-1693401
4004,,,3305,no,14,343,room,Unfurnished,,room-1693599
4005,,,3306,yes,53,720,apartment,Unfurnished,1440,apartment-1693782
4006,,,3307,no,40,799,apartment,Furnished,799,apartment-1693776
4007,,,3308,no,10,382,room,Unfurnished,0,room-1693760
4008,,,3309,no,22,650,room,Furnished,,room-1693762
4009,,,3310,no,8,290,room,Unfurnished,,room-1693748
4010,,,3311,no,14,600,room,Furnished,0,room-1693738
4011,,,2779,no,15,780,room,Furnished,,room-1693736
4012,,,3312,no,16,675,room,Furnished,1350,room-1693735
4013,,,2966,no,12,675,room,Furnished,150,room-1693725
4014,,,3078,no,26,915,studio,Furnished,915,studio-1693722
4015,,,3313,no,12,500,room,Furnished,200,room-1693783
4016,,,3302,no,17,378,room,Unfurnished,380,room-1693770
4017,,,3170,no,15,1500,room,Furnished,,room-1693712
4018,,,3314,no,20,405,studio,Unfurnished,505,studio-1693709
4019,,,3315,no,18,375,room,Unfurnished,4575,room-1693708
4020,,,2650,no,26,545,room,Unfurnished,,room-1693699
4021,,,3316,no,15,820,room,Unfurnished,1450,room-1693694
4022,,,3317,no,14,660,room,Furnished,,room-1693692
4023,,,3318,no,70,1250,apartment,Furnished,500,apartment-1693778
4024,,,3319,no,75,1220,apartment,Furnished,1220,apartment-1693684
4025,,,3320,no,34,295,room,Furnished,,room-1693662
4026,,,1261,no,15,650,room,Furnished,,room-1693691
4027,,,1197,no,13,316,room,Unfurnished,,room-1693687
4028,,,3321,no,11,300,room,Unfurnished,300,room-1693667
4029,,,3322,no,12,295,room,Unfurnished,295,room-1693682
4030,,,1812,no,9,325,room,Unfurnished,325,room-1693672
4031,,,2269,no,12,300,room,Uncarpeted,,room-1693670
4032,,,3323,no,13,545,room,Unfurnished,250,room-1693657
4033,,,1651,no,16,345,room,Unfurnished,,room-1693655
4034,,,2405,no,9,600,room,Furnished,,room-1693649
4035,,,3324,no,90,800,apartment,Furnished,,apartment-1693647
4036,,,3325,no,12,295,room,Unfurnished,,room-1693633
4037,,,3326,no,20,800,room,Furnished,800,room-1693629
4038,,,3327,no,10,595,room,Uncarpeted,300,room-1693631
4039,,,3327,no,10,550,room,Uncarpeted,300,room-1693627
4040,,,3328,no,15,395,room,Unfurnished,,room-1693625
4041,,,1245,no,18,299,room,Unfurnished,,room-1693619
4042,,,3327,no,20,975,apartment,Uncarpeted,450,apartment-1693607
4043,,,1073,no,53,1350,apartment,Furnished,1000,apartment-1693617
4044,,,1582,no,26,579,room,Furnished,975,room-1693615
4045,,,3329,no,49,568,room,Unfurnished,,room-1693614
4046,,,3330,no,15,475,room,Furnished,475,room-1693613
4047,,,3331,no,15,680,room,Unfurnished,,room-1693610
4048,,,3332,no,14,370,room,Unfurnished,370,room-1693761
4049,,,3333,no,15,700,apartment,Furnished,,apartment-1693609
4050,,,3329,no,14,310,room,Unfurnished,,room-1693608
4051,,,3334,no,70,1100,studio,Furnished,1000,studio-1693605
4052,,,3335,no,12,850,room,Furnished,850,room-1693602
4053,,,2420,no,7,375,room,Furnished,100,room-1693600
4054,,,3336,no,20,475,room,Furnished,,room-1693596
4055,,,2934,no,20,475,room,Furnished,,room-1693594
4056,,,2948,yes,26,418,studio,Furnished,418,studio-1692852
4057,,,1942,no,16,330,room,Uncarpeted,,room-1693589
4058,,,3337,no,12,450,room,Unfurnished,,room-1693581
4059,,,3338,no,75,1500,apartment,Furnished,1575,apartment-1693576
4060,,,2341,no,16,315,room,Unfurnished,395,room-1693573
4061,,,3339,no,18,875,room,Furnished,,room-1693569
4062,,,3340,no,40,1000,studio,Furnished,1000,studio-1693566
4063,,,3341,no,40,380,apartment,Furnished,,apartment-1693555
4064,,,1177,no,11,385,room,Unfurnished,265,room-1693746
4065,,,2644,no,145,2950,apartment,Unfurnished,,apartment-1693565
4066,,,2609,no,47,845,apartment,Furnished,,apartment-1693564
4067,,,1432,no,91,1260,apartment,Unfurnished,,apartment-1693563
4068,,,3206,no,16,495,room,Unfurnished,,room-1693562
4069,,,3342,no,12,430,room,Unfurnished,860,room-1693737
4070,,,3343,no,14,750,room,Furnished,75,room-1693728
4071,,,2425,no,65,1800,apartment,Furnished,3600,apartment-1693729
4072,,,3344,no,20,415,room,Unfurnished,415,room-1693720
4073,,,1997,yes,24,400,room,Furnished,0,room-1693700
4074,,,3345,no,70,430,room,Unfurnished,1000,room-1693696
4075,,,2904,no,23,805,room,Furnished,,room-1693885
4076,,,2904,no,23,828,room,Furnished,,room-1693884
4077,,,3346,no,25,700,room,Furnished,700,room-1694099
4078,,,2767,no,17,595,room,Unfurnished,595,room-1694096
4079,,,3347,no,70,1400,apartment,Furnished,1400,apartment-1694093
4080,,,3348,yes,32,654,studio,Furnished,450,studio-1694088
4081,,,3349,no,50,895,apartment,Unfurnished,,apartment-1694087
4082,,,3350,no,11,330,room,Unfurnished,,room-1694085
4083,,,3351,no,12,450,room,Furnished,450,room-1694076
4084,,,2823,no,16,750,room,Furnished,,room-1694075
4085,,,2859,no,13,620,room,Furnished,250,room-1694072
4086,,,3352,no,71,1300,apartment,Furnished,1300,apartment-1693875
4087,,,3353,no,15,470,room,Unfurnished,450,room-1694068
4088,,,3354,no,28,500,room,Unfurnished,500,room-1694060
4089,,,3355,no,47,850,studio,Furnished,,studio-1694059
4090,,,3356,no,30,450,room,Unfurnished,,room-1694053
4091,,,3357,no,15,390,room,Unfurnished,,room-1694052
4092,,,3076,no,16,520,room,Uncarpeted,,room-1694051
4093,,,2403,no,16,675,room,Furnished,450,room-1694049
4094,,,3358,no,14,425,room,Unfurnished,,room-1694045
4095,,,2586,no,60,1250,apartment,Uncarpeted,2500,apartment-1694034
4096,,,3359,no,44,895,apartment,Uncarpeted,,apartment-1694032
4097,,,3360,no,82,1135,apartment,Furnished,,apartment-1694086
4098,,,3361,no,15,450,room,Unfurnished,,room-1694078
4099,,,3185,no,16,350,room,Furnished,350,room-1694074
4100,,,3362,no,12,350,room,Uncarpeted,0,room-1694067
4101,,,2866,no,10,325,room,Unfurnished,325,room-1694066
4102,,,3363,no,10,500,room,Unfurnished,500,room-1694054
4103,,,3364,no,28,410,room,Furnished,410,room-1694048
4104,,,1239,no,14,351,room,Uncarpeted,351,room-1694046
4105,,,3365,no,60,1450,apartment,Furnished,1450,apartment-1694037
4106,,,3366,no,16,600,room,Unfurnished,0,room-1694033
4107,,,3367,no,15,345,room,Unfurnished,345,room-1694007
4108,,,3368,no,15,525,room,Unfurnished,125,room-1694029
4109,,,3369,no,15,600,room,Furnished,,room-1694028
4110,,,3370,no,14,470,room,Unfurnished,460,room-1694026
4111,,,1582,no,29,685,room,Furnished,1370,room-1694019
4112,,,3371,no,14,500,room,Furnished,,room-1694016
4113,,,2178,no,9,540,room,Furnished,0,room-1694012
4114,,,3372,yes,15,450,studio,Furnished,,studio-1694005
4115,,,1349,no,13,800,room,Furnished,700,room-1693999
4116,,,3373,no,14,1000,room,Furnished,1000,room-1693992
4117,,,3374,no,20,575,room,Furnished,,room-1693994
4118,,,3375,no,11,235,room,Unfurnished,400,room-1693976
4119,,,3376,no,20,700,room,Furnished,,room-1693975
4120,,,1842,no,11,925,room,Furnished,925,room-1693968
4121,,,1629,no,11,310,room,Unfurnished,,room-1693970
4122,,,3307,no,40,799,apartment,Furnished,799,apartment-1693966
4123,,,3262,no,33,875,apartment,Unfurnished,1750,apartment-1693965
4124,,,1624,no,16,600,room,Furnished,600,room-1693954
4125,,,3377,yes,40,100,room,Unfurnished,0,room-1693763
4126,,,3378,no,34,625,room,Uncarpeted,1250,room-1693971
4127,,,2019,yes,32,550,room,Furnished,550,room-1693952
4128,,,3379,no,28,825,room,Unfurnished,1600,room-1693409
4129,,,3380,no,70,1600,apartment,Furnished,1600,apartment-1693942
4130,,,3381,no,12,530,room,Unfurnished,,room-1694010
4131,,,3156,no,45,875,studio,Unfurnished,1800,studio-1693934
4132,,,3382,no,19,575,room,Furnished,1000,room-1693987
4133,,,1740,no,39,850,apartment,Unfurnished,900,apartment-1693991
4134,,,3383,no,55,1875,apartment,Furnished,1875,apartment-1693986
4135,,,3384,no,10,300,room,Unfurnished,300,room-1693989
4136,,,3385,no,12,660,room,Unfurnished,660,room-1693980
4137,,,1514,no,12,890,room,Furnished,,room-1693981
4138,,,3386,no,8,400,room,Uncarpeted,400,room-1693977
4139,,,3387,no,10,500,room,Furnished,,room-1693967
4140,,,1067,no,18,850,room,Furnished,800,room-1693969
4141,,,3388,no,12,335,room,Unfurnished,335,room-1693956
4142,,,3389,no,75,1500,apartment,Furnished,2500,apartment-1693584
4143,,,3390,no,30,1200,apartment,Furnished,1500,apartment-1693878
4144,,,3391,no,22,360,room,Unfurnished,500,room-1693958
4145,,,2501,no,13,315,room,Unfurnished,,room-1693944
4146,,,3392,no,19,850,room,Unfurnished,,room-1693948
4147,,,3392,no,15,700,room,Unfurnished,,room-1693941
4148,,,3393,no,14,525,room,Unfurnished,1050,room-1693936
4149,,,3393,no,19,575,room,Unfurnished,1150,room-1693935
4150,,,3394,no,10,650,room,Unfurnished,100,room-1693923
4151,,,2874,no,15,500,room,Furnished,500,room-1693929
4152,,,3303,no,7,600,room,Furnished,1500,room-1693916
4153,,,3303,no,10,750,room,Furnished,1700,room-1693911
4154,,,3395,no,10,400,room,Furnished,350,room-1693908
4155,,,3396,no,10,535,room,Furnished,0,room-1693904
4156,,,3214,no,25,1295,studio,Furnished,,studio-1693906
4157,,,3397,no,16,485,room,Furnished,0,room-1693902
4158,,,3398,no,50,1000,studio,Furnished,300,studio-1693901
4159,,,1173,no,22,650,room,Furnished,,room-1693895
4160,,,3399,no,28,800,studio,Furnished,250,studio-1693927
4161,,,3400,no,20,655,room,Furnished,,room-1693922
4162,,,3401,no,19,625,room,Furnished,1250,room-1693917
4163,,,3401,no,16,550,room,Furnished,1100,room-1693915
4164,,,3401,no,15,575,room,Furnished,1150,room-1693913
4165,,,1481,no,63,850,apartment,Furnished,,apartment-1693910
4166,,,3402,no,90,1100,apartment,Furnished,,apartment-1693912
4167,,,2964,no,20,350,room,Furnished,,room-1693900
4168,,,3403,no,9,375,room,Unfurnished,500,room-1693903
4169,,,3404,no,10,270,room,Unfurnished,,room-1693899
4170,,,3405,no,55,950,apartment,Unfurnished,950,apartment-1693896
4171,,,3406,no,101,1675,apartment,,,apartment-1693892
4172,,,3407,no,65,1325,apartment,,,apartment-1693891
4173,,,3408,no,39,950,studio,Furnished,1900,studio-1693882
4174,,,3409,no,16,355,room,Unfurnished,,room-1693881
4175,,,3410,no,76,1255,apartment,Furnished,2540,apartment-1693880
4176,,,3411,no,9,265,room,Furnished,150,room-1693877
4177,,,3412,yes,40,460,studio,Unfurnished,,studio-1693872
4178,,,3413,no,16,370,room,Furnished,370,room-1693857
4179,,,3414,no,9,450,room,Furnished,,room-1693867
4180,,,3415,no,10,550,room,Furnished,550,room-1693854
4181,,,3416,no,100,1150,apartment,Unfurnished,1150,apartment-1693853
4182,,,1181,yes,22,700,studio,Furnished,700,studio-1693852
4183,,,3417,no,12,365,room,Unfurnished,,room-1693821
4184,,,3418,no,22,800,room,Furnished,600,room-1693834
4185,,,3419,no,13,300,room,Uncarpeted,,room-1693890
4186,,,3420,no,33,800,apartment,Uncarpeted,,apartment-1693889
4187,,,3421,no,13,335,room,Uncarpeted,,room-1693888
4188,,,3422,no,13,275,room,Uncarpeted,,room-1693887
4189,,,3423,no,20,454,room,Uncarpeted,,room-1693886
4190,,,3424,no,20,472,room,Furnished,472,room-1693839
4191,,,3425,no,10,375,room,Furnished,0,room-1693838
4192,,,3343,no,12,650,room,Furnished,,room-1693823
4193,,,3426,no,45,1300,studio,Furnished,,studio-1693816
4194,,,1626,no,17,550,room,Furnished,,room-1693814
4195,,,1266,no,60,720,apartment,Unfurnished,400,apartment-1693883
4196,,,1533,no,14,800,room,Furnished,1000,room-1693810
4197,,,1032,no,70,1000,apartment,Furnished,,apartment-1693806
4198,,,1032,no,60,1100,apartment,Furnished,,apartment-1693804
4199,,,3427,no,17,365,room,Uncarpeted,,room-1693516
4200,,,3377,no,45,100,room,Unfurnished,0,room-1692539
4201,,,1902,no,26,725,room,Uncarpeted,900,room-1694389
4202,,,2134,no,15,711,room,Uncarpeted,,room-1694385
4203,,,3428,no,38,950,studio,Unfurnished,950,studio-1694384
4204,,,3429,no,50,780,apartment,Unfurnished,,apartment-1694382
4205,,,3061,no,45,500,apartment,Furnished,500,apartment-1694376
4206,,,3430,no,12,305,room,Furnished,,room-1694373
4207,,,3431,no,25,600,room,Furnished,0,room-1694367
4208,,,3271,no,14,600,room,Furnished,,room-1694369
4209,,,3432,no,22,365,room,Uncarpeted,50,room-1694364
4210,,,1027,no,18,550,room,Furnished,300,room-1694362
4211,,,3433,no,15,385,room,Uncarpeted,385,room-1694359
4212,,,3434,no,18,375,room,Unfurnished,375,room-1694355
4213,,,3435,no,12,650,room,Furnished,,room-1694288
4214,,,3130,no,9,250,room,Furnished,250,room-1694351
4215,,,2414,no,16,515,room,Unfurnished,515,room-1694285
4216,,,3130,no,9,250,room,Furnished,250,room-1694346
4217,,,3436,no,19,350,room,Furnished,350,room-1694329
4218,,,1304,no,12,450,room,Unfurnished,450,room-1694336
4219,,,1170,yes,90,500,apartment,Furnished,,apartment-1694335
4220,,,1707,no,66,1200,apartment,Unfurnished,1200,apartment-1694333
4221,,,2334,no,24,900,room,Furnished,,room-1694320
4222,,,1685,no,20,260,room,Uncarpeted,0,room-1694312
4223,,,3437,no,11,550,room,Furnished,,room-1694305
4224,,,3154,no,15,335,room,Unfurnished,335,room-1694298
4225,,,3154,no,15,335,room,Unfurnished,335,room-1694295
4226,,,3438,no,20,375,room,Unfurnished,,room-1694294
4227,,,3439,no,18,370,room,Uncarpeted,,room-1694283
4228,,,2055,no,20,360,room,Uncarpeted,,room-1694272
4229,,,3440,no,10,575,room,Uncarpeted,477,room-1694277
4230,,,2464,no,25,675,studio,Furnished,,studio-1694276
4231,,,3441,no,13,400,room,Unfurnished,400,room-1694275
4232,,,3442,no,10,345,room,Unfurnished,345,room-1694273
4233,,,3443,no,14,700,room,Unfurnished,700,room-1694266
4234,,,3444,no,51,1020,apartment,Unfurnished,,apartment-1694249
4235,,,3445,no,25,900,studio,Furnished,900,studio-1694252
4236,,,2892,no,80,990,apartment,Uncarpeted,1820,apartment-1694258
4237,,,3446,no,19,500,room,Furnished,500,room-1694262
4238,,,2828,no,16,775,room,Furnished,1550,room-1694242
4239,,,1650,no,10,645,room,Furnished,650,room-1694245
4240,,,3447,no,8,200,room,Furnished,200,room-1694238
4241,,,3058,no,10,600,room,Furnished,,room-1694240
4242,,,3057,no,14,750,room,Furnished,,room-1694239
4243,,,3448,no,26,730,apartment,Furnished,730,apartment-1694231
4244,,,2817,no,14,600,room,Furnished,,room-1694225
4245,,,3449,no,70,1600,apartment,Unfurnished,2000,apartment-1694217
4246,,,3450,no,80,1250,apartment,Unfurnished,,apartment-1694211
4247,,,3451,no,50,1550,apartment,Furnished,,apartment-1694210
4248,,,3452,no,59,1675,apartment,Unfurnished,,apartment-1694209
4249,,,3453,no,50,1550,apartment,Furnished,,apartment-1694208
4250,,,3454,no,54,1500,apartment,Furnished,,apartment-1694207
4251,,,3455,no,83,1250,apartment,Unfurnished,,apartment-1694201
4252,,,2029,no,74,995,apartment,Unfurnished,,apartment-1694200
4253,,,3456,no,59,800,apartment,Unfurnished,,apartment-1694197
4254,,,2050,no,13,300,room,Unfurnished,300,room-1694256
4255,,,3457,no,14,725,room,Unfurnished,725,room-1694194
4256,,,2267,yes,38,710,studio,Furnished,,studio-1694183
4257,,,3458,no,40,800,studio,Furnished,,studio-1694165
4258,,,3459,no,8,500,room,Furnished,500,room-1694163
4259,,,1147,no,65,1830,apartment,Furnished,1830,apartment-1694159
4260,,,3460,no,21,460,room,Furnished,,room-1694160
4261,,,2446,no,6,300,room,Furnished,,room-1694254
4262,,,3461,no,35,1350,apartment,Unfurnished,,apartment-1694155
4263,,,3229,no,58,1650,apartment,Unfurnished,,apartment-1694154
4264,,,1669,no,120,2300,apartment,Unfurnished,,apartment-1694153
4265,,,1780,no,70,1850,apartment,Unfurnished,,apartment-1694152
4266,,,2546,no,55,1650,apartment,Unfurnished,,apartment-1694151
4267,,,2634,no,60,1750,apartment,Unfurnished,,apartment-1694150
4268,,,2637,no,118,2350,apartment,Unfurnished,,apartment-1694149
4269,,,2638,no,120,2450,apartment,Unfurnished,,apartment-1694148
4270,,,1924,no,70,1450,apartment,Unfurnished,,apartment-1694146
4271,,,2688,no,160,3850,apartment,Unfurnished,,apartment-1694145
4272,,,2695,no,100,2100,apartment,Unfurnished,,apartment-1694144
4273,,,1668,no,50,1650,apartment,Unfurnished,,apartment-1694143
4274,,,1467,no,60,1850,apartment,Unfurnished,,apartment-1694142
4275,,,3011,no,160,3650,apartment,Unfurnished,,apartment-1694141
4276,,,3462,no,45,895,apartment,Furnished,,apartment-1694140
4277,,,3463,no,73,705,apartment,Unfurnished,,apartment-1694132
4278,,,2944,no,18,320,room,Furnished,300,room-1694243
4279,,,3464,no,14,375,room,Unfurnished,750,room-1694241
4280,,,3465,no,51,1499,apartment,Furnished,1000,apartment-1694228
4281,,,1320,no,17,300,room,Unfurnished,,room-1694237
4282,,,3466,no,50,840,apartment,Unfurnished,,apartment-1694131
4283,,,1771,no,37,850,apartment,Unfurnished,,apartment-1694130
4284,,,3467,no,80,1500,apartment,Uncarpeted,3000,apartment-1694124
4285,,,3468,no,55,850,apartment,Furnished,850,apartment-1694121
4286,,,2095,no,70,1350,apartment,Furnished,1350,apartment-1694120
4287,,,2095,no,35,950,studio,Furnished,0,studio-1694116
4288,,,3469,no,32,780,studio,Furnished,0,studio-1694114
4289,,,2405,no,14,750,room,Furnished,,room-1694107
4290,,,2776,no,20,595,room,Furnished,,room-1694105
4291,,,1834,no,16,499,room,Furnished,,room-1694104
4292,,,2236,no,12,335,room,Furnished,670,room-1694102
4293,,,3470,no,7,850,room,Furnished,,room-1694101
4294,,,2178,no,12,600,room,Furnished,0,room-1694103
4295,,,3471,no,12,290,room,Unfurnished,290,room-1694095
4296,,,3472,no,45,1050,apartment,Unfurnished,1050,apartment-1694227
4297,,,1698,no,20,310,room,Unfurnished,,room-1694230
4298,,,2515,no,16,390,room,Uncarpeted,,room-1694223
4299,,,1939,no,90,950,apartment,Unfurnished,950,apartment-1694222
4300,,,2514,no,20,390,room,Uncarpeted,400,room-1694221
4301,,,3473,no,15,633,room,Furnished,,room-1694212
4302,,,2716,no,75,1995,apartment,Furnished,,apartment-1694202
4303,,,3474,no,24,800,room,Furnished,,room-1694190
4304,,,3475,no,18,450,room,Furnished,450,room-1694186
4305,,,3476,no,9,650,room,Furnished,,room-1694180
4306,,,1073,no,53,1350,apartment,Furnished,1000,apartment-1694171
4307,,,3477,no,15,600,room,Furnished,,room-1694174
4308,,,3478,no,8,380,room,Unfurnished,360,room-1694166
4309,,,3479,no,16,450,room,Furnished,,room-1694167
4310,,,1545,no,18,600,room,Furnished,600,room-1687253
4311,,,1686,no,18,700,room,Furnished,1100,room-1694158
4312,,,2083,no,10,495,room,Furnished,565,room-1694137
4313,,,3480,no,45,575,apartment,,,apartment-1694136
4314,,,1790,no,8,210,room,,,room-1694135
4315,,,3481,no,100,1200,apartment,,,apartment-1694134
4316,,,3482,no,16,335,room,Uncarpeted,,room-1694128
4317,,,3483,no,75,865,apartment,Uncarpeted,,apartment-1694127
4318,,,3484,no,27,515,room,Uncarpeted,,room-1694126
4319,,,3485,no,40,750,apartment,Uncarpeted,,apartment-1694125
4320,,,3486,no,18,600,room,Furnished,600,room-1694117
4321,,,1545,no,18,600,room,Furnished,550,room-1694030
4322,,,3268,no,50,610,apartment,Unfurnished,1000,apartment-1693646
4323,,,3131,no,77,850,room,Furnished,850,room-1693200
4324,,,3487,no,28,475,room,Furnished,,room-1694597
4325,,,3488,no,7,325,room,Furnished,325,room-1694643
4326,,,2072,yes,70,700,apartment,Furnished,500,apartment-1694640
4327,,,3489,no,61,1350,apartment,Unfurnished,,apartment-1694638
4328,,,2784,no,15,975,room,Furnished,1750,room-1694637
4329,,,3372,yes,15,475,studio,Furnished,475,studio-1694635
4330,,,2325,no,15,750,room,Unfurnished,750,room-1694634
4331,,,2534,no,16,375,room,Unfurnished,375,room-1694628
4332,,,3490,no,28,847,apartment,Unfurnished,1694,apartment-1694619
4333,,,2228,no,15,330,room,Uncarpeted,,room-1694624
4334,,,3491,no,14,540,room,Uncarpeted,540,room-1694623
4335,,,1495,no,20,450,room,Unfurnished,,room-1694618
4336,,,3491,no,7,400,room,Uncarpeted,369,room-1694621
4337,,,3492,no,25,650,apartment,Unfurnished,,apartment-1694615
4338,,,3493,no,10,255,room,Unfurnished,265,room-1694546
4339,,,3494,no,10,450,room,Furnished,,room-1694556
4340,,,3495,no,105,1250,apartment,Furnished,1250,apartment-1694563
4341,,,3496,no,18,300,room,Furnished,,room-1694577
4342,,,3436,no,9,350,room,Furnished,350,room-1694569
4343,,,2386,no,18,625,room,Furnished,500,room-1694562
4344,,,3436,no,9,350,room,Furnished,350,room-1694560
4345,,,3358,no,18,550,room,Uncarpeted,550,room-1694550
4346,,,3497,no,15,192,room,Furnished,350,room-1694535
4347,,,2415,no,9,501,room,Uncarpeted,501,room-1694542
4348,,,3498,no,15,350,room,Uncarpeted,350,room-1694538
4349,,,3499,no,90,900,apartment,Furnished,,apartment-1694541
4350,,,2310,no,10,450,room,Unfurnished,,room-1694537
4351,,,3500,yes,60,380,apartment,Uncarpeted,,apartment-1694534
4352,,,3501,no,69,950,apartment,Uncarpeted,950,apartment-1694529
4353,,,3502,no,18,650,room,Furnished,650,room-1694521
4354,,,1019,no,16,240,room,Uncarpeted,,room-1694522
4355,,,3187,yes,35,520,studio,Unfurnished,675,studio-1694513
4356,,,2223,no,16,400,room,Unfurnished,800,room-1694515
4357,,,3503,no,18,410,room,Unfurnished,,room-1694509
4358,,,3504,no,28,885,studio,Furnished,,studio-1694505
4359,,,3505,no,72,850,apartment,Uncarpeted,850,apartment-1694502
4360,,,3506,no,28,745,studio,Furnished,1490,studio-1694523
4361,,,1427,no,18,299,room,Unfurnished,,room-1694488
4362,,,3507,no,20,900,room,Furnished,900,room-1694429
4363,,,3508,no,137,2000,apartment,Unfurnished,,apartment-1694480
4364,,,1671,no,40,1250,apartment,Furnished,,apartment-1694478
4365,,,3016,no,45,918,apartment,Unfurnished,,apartment-1694475
4366,,,3509,no,20,550,room,Furnished,550,room-1694514
4367,,,3510,no,13,330,room,Furnished,500,room-1694504
4368,,,3511,no,211,1750,apartment,Unfurnished,,apartment-1694469
4369,,,3103,no,25,750,room,Furnished,1700,room-1694497
4370,,,2295,no,12,650,room,Furnished,650,room-1694464
4371,,,3512,no,58,2000,apartment,Furnished,3950,apartment-1694456
4372,,,3513,no,22,250,room,Furnished,,room-1694455
4373,,,3514,no,14,280,room,Unfurnished,225,room-1694454
4374,,,3006,no,60,2000,apartment,Furnished,2000,apartment-1694451
4375,,,3515,no,10,500,room,Furnished,600,room-1694446
4376,,,3516,no,15,380,room,Unfurnished,380,room-1694441
4377,,,3052,no,27,500,studio,Unfurnished,,studio-1694442
4378,,,3517,no,14,640,room,Furnished,500,room-1694409
4379,,,3518,no,18,765,room,Unfurnished,1267,room-1694439
4380,,,3519,no,21,365,room,Furnished,,room-1694494
4381,,,2188,no,15,300,room,Uncarpeted,,room-1694434
4382,,,2655,no,10,190,room,Unfurnished,370,room-1694433
4383,,,3520,no,12,600,room,Furnished,200,room-1694416
4384,,,1922,no,26,587,studio,Unfurnished,,studio-1694424
4385,,,1227,no,80,990,apartment,Uncarpeted,325,apartment-1693378
4386,,,3038,no,61,1250,apartment,Furnished,1250,apartment-1694484
4387,,,3460,yes,26,700,studio,Furnished,700,studio-1694485
4388,,,3521,no,10,350,room,Unfurnished,,room-1694414
4389,,,3521,no,10,350,room,Unfurnished,,room-1694413
4390,,,3522,no,16,500,room,Furnished,0,room-1694462
4391,,,3523,no,24,650,room,Furnished,650,room-1694402
4392,,,3524,no,30,1049,apartment,Unfurnished,2098,apartment-1694400
4393,,,3525,no,30,750,apartment,Furnished,,apartment-1694474
4394,,,3526,no,173,1995,apartment,Unfurnished,,apartment-1694473
4395,,,3234,no,70,1400,apartment,Furnished,1400,apartment-1694397
4396,,,3527,no,9,345,room,Furnished,,room-1694396
4397,,,2927,no,15,375,room,Unfurnished,375,room-1694393
4398,,,3528,no,14,425,room,Unfurnished,,room-1694391
4399,,,3529,no,20,300,room,Unfurnished,,room-1694392
4400,,,2554,no,9,367,room,Unfurnished,367,room-1694390
4401,,,3530,no,10,615,room,Furnished,615,room-1694381
4402,,,3531,no,16,570,room,Unfurnished,500,room-1694388
4403,,,3532,no,16,200,room,Furnished,,room-1694387
4404,,,3533,no,15,600,room,Furnished,650,room-1694365
4405,,,3534,no,85,1190,apartment,Furnished,,apartment-1694372
4406,,,2097,no,10,495,room,Furnished,495,room-1694445
4407,,,3535,no,14,450,room,Furnished,,room-1694348
4408,,,3536,yes,35,700,apartment,Furnished,,apartment-1694358
4409,,,3537,no,8,600,room,Furnished,500,room-1694353
4410,,,3538,no,12,350,room,Uncarpeted,,room-1694047
4411,,,3539,no,10,450,room,Unfurnished,415,room-1694334
4412,,,2896,no,14,350,room,Unfurnished,,room-1694349
4413,,,3540,no,70,1500,apartment,Furnished,2000,apartment-1694347
4414,,,3536,yes,25,700,apartment,Furnished,300,apartment-1694342
4415,,,3541,no,65,800,studio,Unfurnished,800,studio-1694304
4416,,,3542,no,12,295,room,Uncarpeted,295,room-1694340
4417,,,2728,no,25,500,room,Furnished,,room-1694341
4418,,,3543,no,12,390,room,Furnished,,room-1694331
4419,,,3543,no,12,390,room,Furnished,,room-1694324
4420,,,1417,no,7,530,room,Furnished,500,room-1694323
4421,,,3544,no,20,800,room,Unfurnished,800,room-1694311
4422,,,3545,no,14,550,room,Unfurnished,550,room-1694309
4423,,,3546,yes,25,650,studio,Unfurnished,650,studio-1694313
4424,,,2586,no,14,285,room,Uncarpeted,120,room-1694308
4425,,,3547,no,12,400,room,Furnished,,room-1694307
4426,,,3548,no,15,550,room,Uncarpeted,,room-1694300
4427,,,1097,no,57,1050,apartment,Unfurnished,,apartment-1694301
4428,,,1064,no,49,780,apartment,Uncarpeted,,apartment-1694419
4429,,,1724,no,21,450,room,Uncarpeted,,room-1694418
4430,,,3549,no,20,325,room,Uncarpeted,487,room-1694405
4431,,,3550,no,16,250,apartment,Furnished,250,apartment-1694401
4432,,,2017,no,25,650,room,Unfurnished,650,room-1694394
4433,,,3551,no,11,390,room,Furnished,200,room-1630830
4434,,,3552,no,80,1100,apartment,Uncarpeted,1100,apartment-1694849
4435,,,1006,no,17,857,room,Furnished,857,room-1694802
4436,,,1006,no,22,1021,room,Furnished,1021,room-1694741
4437,,,2904,no,23,828,room,Furnished,,room-1694744
4438,,,1006,no,17,871,room,Furnished,871,room-1694717
4439,,,1245,no,18,299,room,Unfurnished,,room-1694868
4440,,,3553,no,33,835,studio,Uncarpeted,,studio-1694866
4441,,,3373,no,20,1000,room,Furnished,1000,room-1694861
4442,,,3554,no,14,550,room,Unfurnished,,room-1694859
4443,,,3555,no,16,370,room,Unfurnished,,room-1694856
4444,,,3556,no,16,340,room,Uncarpeted,,room-1694855
4445,,,3557,no,35,599,room,Uncarpeted,600,room-1694864
4446,,,3558,no,55,1300,apartment,Furnished,2000,apartment-1694860
4447,,,2450,no,10,650,room,Furnished,650,room-1694834
4448,,,3559,no,14,420,room,Unfurnished,350,room-1694852
4449,,,1889,no,20,500,room,Unfurnished,,room-1694851
4450,,,3560,no,70,1700,apartment,Unfurnished,3400,apartment-1694596
4451,,,2892,no,90,903,apartment,Unfurnished,,apartment-1694842
4452,,,3561,no,9,500,room,Furnished,,room-1694836
4453,,,3562,no,70,1400,apartment,Furnished,,apartment-1694835
4454,,,1115,no,15,500,room,Furnished,1000,room-1694840
4455,,,2301,no,21,850,studio,Furnished,,studio-1694843
4456,,,2331,no,76,1750,apartment,Unfurnished,,apartment-1694838
4457,,,3563,no,13,475,room,Unfurnished,,room-1694833
4458,,,3564,no,11,450,room,Furnished,,room-1694829
4459,,,1623,no,16,405,room,Uncarpeted,,room-1694826
4460,,,3565,no,16,435,room,Furnished,,room-1694822
4461,,,3092,no,10,630,room,Unfurnished,,room-1694821
4462,,,3566,no,9,254,room,Unfurnished,260,room-1694644
4463,,,3284,no,15,500,room,Furnished,500,room-1694816
4464,,,3567,no,20,525,apartment,Furnished,600,apartment-1694812
4465,,,3568,no,30,650,room,Uncarpeted,,room-1694813
4466,,,3569,no,32,820,studio,Uncarpeted,,studio-1694810
4467,,,1250,no,30,850,studio,Furnished,,studio-1694807
4468,,,1250,no,30,850,studio,Furnished,,studio-1694804
4469,,,1630,no,10,730,room,Furnished,,room-1694793
4470,,,3232,no,6,400,room,Furnished,450,room-1694795
4471,,,3570,no,12,450,room,Furnished,450,room-1694792
4472,,,2240,no,19,395,room,Unfurnished,,room-1694791
4473,,,1282,no,8,300,room,Furnished,800,room-1694786
4474,,,3571,no,10,230,room,Unfurnished,240,room-1694783
4475,,,3059,no,12,300,room,Uncarpeted,315,room-1694782
4476,,,3572,no,20,432,room,Unfurnished,432,room-1694777
4477,,,1257,no,16,395,room,Unfurnished,,room-1694780
4478,,,1560,no,69,850,apartment,Furnished,850,apartment-1694824
4479,,,1257,no,16,385,room,Unfurnished,,room-1694779
4480,,,1750,no,8,500,room,Furnished,640,room-1694768
4481,,,2771,no,15,750,room,Furnished,750,room-1694778
4482,,,3573,no,12,250,room,Furnished,,room-1694771
4483,,,3574,no,35,350,room,Furnished,,room-1694769
4484,,,3575,no,16,700,apartment,Furnished,,apartment-1694815
4485,,,3576,no,90,1650,apartment,Furnished,1150,apartment-1694459
4486,,,1623,no,24,495,room,Uncarpeted,490,room-1694760
4487,,,3577,no,35,750,studio,Unfurnished,750,studio-1694809
4488,,,3578,no,6,300,room,Furnished,0,room-1694805
4489,,,2083,no,10,495,room,Furnished,565,room-1694808
4490,,,3579,no,8,620,room,Furnished,620,room-1694799
4491,,,3580,no,65,995,apartment,Unfurnished,,apartment-1694796
4492,,,3581,no,10,350,room,Unfurnished,350,room-1694775
4493,,,3582,no,20,420,room,Unfurnished,420,room-1694770
4494,,,3583,no,70,780,room,Uncarpeted,1350,room-1694761
4495,,,3584,no,14,322,room,Furnished,,room-1694762
4496,,,2776,no,20,595,room,Furnished,595,room-1694758
4497,,,1834,no,16,499,room,Furnished,,room-1694756
4498,,,3585,yes,30,625,apartment,Unfurnished,625,apartment-1694755
4499,,,3586,no,8,395,room,Unfurnished,395,room-1694752
4500,,,1081,no,13,400,room,Unfurnished,,room-1694753
4501,,,3586,no,12,450,room,Unfurnished,450,room-1694751
4502,,,3587,no,25,450,room,Unfurnished,,room-1694750
4503,,,3588,no,14,580,room,Furnished,1060,room-1694742
4504,,,3589,no,33,600,studio,Unfurnished,600,studio-1694745
4505,,,3590,no,33,530,room,Furnished,,room-1694740
4506,,,3591,no,35,453,room,Uncarpeted,333,room-1694728
4507,,,2895,no,60,1200,apartment,Furnished,500,apartment-1694731
4508,,,3592,yes,10,575,room,Furnished,500,room-1694732
4509,,,2313,no,65,650,apartment,Furnished,500,apartment-1694727
4510,,,3593,no,60,950,apartment,Furnished,900,apartment-1694720
4511,,,3594,no,30,1500,studio,Furnished,100,studio-1694696
4512,,,3595,no,12,850,room,Unfurnished,850,room-1694714
4513,,,3333,no,100,725,room,Unfurnished,,room-1490231
4514,,,3173,no,25,500,room,Unfurnished,,room-1694716
4515,,,3596,no,10,585,room,Furnished,585,room-1694702
4516,,,3597,no,23,600,room,Furnished,600,room-1694710
4517,,,3597,no,30,550,room,Furnished,650,room-1694709
4518,,,3598,no,18,384,room,Unfurnished,,room-1694706
4519,,,2415,no,14,523,room,Uncarpeted,523,room-1694707
4520,,,1062,no,16,300,room,Uncarpeted,,room-1694224
4521,,,2346,no,13,750,room,Furnished,750,room-1694724
4522,,,3599,no,16,365,room,Uncarpeted,,room-1694718
4523,,,3600,no,15,680,room,Furnished,0,room-1694708
4524,,,2878,no,60,850,apartment,Furnished,,apartment-1694703
4525,,,3601,no,13,800,room,Furnished,,room-1694705
4526,,,2882,no,105,1695,apartment,Unfurnished,,apartment-1694695
4527,,,2822,no,17,548,room,Furnished,548,room-1694693
4528,,,3602,no,47,750,apartment,Unfurnished,750,apartment-1694690
4529,,,2055,no,20,360,room,Uncarpeted,360,room-1694669
4530,,,2878,no,56,800,apartment,Furnished,,apartment-1694689
4531,,,2221,no,12,425,room,Furnished,425,room-1694688
4532,,,2221,no,30,825,studio,Furnished,825,studio-1694686
4533,,,2221,no,24,506,room,Furnished,506,room-1694670
4534,,,3603,no,53,795,apartment,Unfurnished,,apartment-1694672
4535,,,3604,no,42,495,apartment,Unfurnished,,apartment-1694671
4536,,,3605,no,80,2000,apartment,Furnished,,apartment-1694683
4537,,,3606,no,55,1250,apartment,Furnished,,apartment-1694677
4538,,,3607,no,35,835,apartment,Uncarpeted,,apartment-1694674
4539,,,3608,no,19,460,studio,Uncarpeted,,studio-1694673
4540,,,3609,no,26,1000,studio,Furnished,,studio-1694663
4541,,,1073,no,53,1350,apartment,Furnished,1000,apartment-1694660
4542,,,3610,no,70,650,room,Furnished,,room-1694661
4543,,,3610,no,50,650,room,Furnished,,room-1694659
4544,,,3611,no,20,418,room,Furnished,418,room-1694654
4545,,,3283,no,20,600,room,Furnished,1200,room-1694668
4546,,,3488,no,7,325,room,Furnished,325,room-1694647
4547,,,1688,no,17,450,room,Unfurnished,450,room-1694646
4548,,,3612,no,46,1350,apartment,Furnished,1350,apartment-1694636
4549,,,3472,no,32,890,apartment,Unfurnished,1780,apartment-1694630
4550,,,3613,no,12,315,room,Furnished,315,room-1694625
4551,,,1269,yes,35,500,studio,Furnished,,studio-1694652
4552,,,1148,no,16,245,room,Unfurnished,700,room-1694620
4553,,,3614,no,16,525,room,Furnished,,room-1694616
4554,,,3615,no,40,1150,apartment,Furnished,,apartment-1694613
4555,,,3616,no,7,400,room,Furnished,,room-1694610
4556,,,3617,no,80,1550,apartment,Unfurnished,700,apartment-1694608
4557,,,3327,no,16,675,room,Uncarpeted,350,room-1694605
4558,,,3618,no,16,399,room,Furnished,,room-1694602
4559,,,2341,no,45,850,apartment,Furnished,1500,apartment-1694601
4560,,,3619,no,18,345,room,Unfurnished,0,room-1694600
4561,,,3519,no,21,368,room,Furnished,,room-1694599
4562,,,3620,no,13,255,room,Uncarpeted,,room-1694648
4563,,,3621,no,81,700,room,Furnished,,room-1694582
4564,,,3622,no,22,500,room,Unfurnished,,room-1694510
4565,,,3623,no,9,450,room,Furnished,450,room-1695076
4566,,,3624,no,20,420,room,Furnished,50,room-1695074
4567,,,3625,no,15,450,room,Unfurnished,500,room-1695054
4568,,,3626,no,18,385,room,Uncarpeted,385,room-1695039
4569,,,1426,no,18,850,room,Furnished,,room-1695040
4570,,,3627,no,11,750,room,Furnished,,room-1695037
4571,,,2399,no,14,600,room,Furnished,200,room-1679767
4572,,,3628,no,31,525,room,Unfurnished,525,room-1695032
4573,,,3629,no,12,320,room,Unfurnished,310,room-1695059
4574,,,3629,no,11,280,room,Unfurnished,300,room-1695055
4575,,,3630,no,35,500,apartment,Furnished,500,apartment-1695052
4576,,,1635,no,12,290,room,Unfurnished,,room-1695053
4577,,,1905,no,25,500,room,Furnished,,room-1695033
4578,,,3631,no,90,1595,apartment,Furnished,,apartment-1695027
4579,,,3632,no,12,260,room,Unfurnished,260,room-1694811
4580,,,2015,no,20,390,room,Unfurnished,390,room-1695008
4581,,,3633,no,60,800,apartment,Unfurnished,,apartment-1695005
4582,,,2400,no,7,500,room,Unfurnished,,room-1695001
4583,,,3634,no,12,450,room,Furnished,390,room-1695019
4584,,,3635,no,9,700,room,Furnished,350,room-1694985
4585,,,2794,yes,30,500,room,Furnished,,room-1694986
4586,,,3636,no,52,1800,apartment,Furnished,,apartment-1694982
4587,,,3637,no,14,350,room,Furnished,,room-1694978
4588,,,3638,no,85,850,apartment,Unfurnished,840,apartment-1694975
4589,,,1609,no,11,550,room,Furnished,,room-1694973
4590,,,3639,no,15,575,room,Furnished,,room-1694972
4591,,,3640,no,10,550,room,Unfurnished,1100,room-1695014
4592,,,2952,no,20,650,room,Unfurnished,650,room-1695013
4593,,,3641,no,14,600,room,Furnished,600,room-1694035
4594,,,3642,no,13,385,room,Unfurnished,300,room-1695006
4595,,,3643,no,18,470,room,Furnished,450,room-1694995
4596,,,1831,yes,25,450,studio,Uncarpeted,450,studio-1694989
4597,,,1241,no,27,700,studio,Furnished,,studio-1694984
4598,,,3644,no,30,1250,apartment,Unfurnished,2500,apartment-1694976
4599,,,3645,no,10,700,room,Uncarpeted,,room-1694971
4600,,,2890,no,12,375,room,Furnished,0,room-1694966
4601,,,3646,no,50,800,apartment,Furnished,400,apartment-1694967
4602,,,1659,no,10,550,room,Unfurnished,550,room-1694963
4603,,,2874,no,15,500,room,Furnished,500,room-1694964
4604,,,3647,no,48,780,apartment,Furnished,780,apartment-1694958
4605,,,1609,no,13,550,room,Furnished,,room-1694940
4606,,,3648,no,60,1750,apartment,Furnished,,apartment-1694944
4607,,,1114,no,111,1895,apartment,Furnished,,apartment-1694942
4608,,,3649,no,62,695,apartment,Unfurnished,,apartment-1694941
4609,,,3650,no,17,260,room,Uncarpeted,260,room-1694936
4610,,,3651,no,7,640,room,Unfurnished,665,room-1694929
4611,,,3652,no,24,500,apartment,Uncarpeted,500,apartment-1694918
4612,,,3653,no,11,275,room,Uncarpeted,275,room-1694925
4613,,,3654,no,10,425,room,Furnished,425,room-1694923
4614,,,3655,no,20,550,room,Furnished,550,room-1694922
4615,,,3307,no,40,799,apartment,Furnished,799,apartment-1694916
4616,,,3254,no,30,750,room,Unfurnished,,room-1694909
4617,,,1312,no,14,725,room,Unfurnished,1000,room-1694954
4618,,,3656,no,10,500,room,Furnished,500,room-1694955
4619,,,3657,no,60,1600,apartment,Unfurnished,,apartment-1694906
4620,,,3229,no,58,1650,apartment,Unfurnished,,apartment-1694905
4621,,,3658,no,63,695,apartment,Unfurnished,,apartment-1694901
4622,,,2433,no,24,925,studio,Furnished,1000,studio-1694927
4623,,,2299,no,22,550,room,Furnished,,room-1694917
4624,,,3659,no,25,595,apartment,Unfurnished,595,apartment-1694915
4625,,,3660,no,18,395,room,Uncarpeted,,room-1694903
4626,,,3427,no,17,365,room,Uncarpeted,,room-1694902
4627,,,1239,no,15,351,room,Uncarpeted,351,room-1694885
4628,,,1180,no,10,430,room,Unfurnished,430,room-1694896
4629,,,3661,no,20,475,room,Furnished,475,room-1664410
4630,,,2258,no,55,1300,apartment,Furnished,,apartment-1694882
4631,,,3662,no,26,415,room,Furnished,415,room-1694879
4632,,,3663,no,64,1500,apartment,Furnished,1500,apartment-1694880
4633,,,3664,no,10,650,room,Uncarpeted,1100,room-1694875
4634,,,1294,no,17,420,room,Uncarpeted,,room-1694876
4635,,,1927,no,20,600,room,Furnished,,room-1694877
4636,,,2100,no,17,350,room,Furnished,350,room-1694900
4637,,,3665,no,25,700,studio,Furnished,,studio-1694897
4638,,,3666,no,20,440,room,Furnished,900,room-1694316
4639,,,3667,no,15,250,room,Unfurnished,250,room-1694890
4640,,,3668,no,18,460,room,Unfurnished,460,room-1695287
4641,,,3669,no,18,475,room,Furnished,,room-1695286
4642,,,3669,no,18,475,room,Furnished,,room-1695285
4643,,,3670,no,15,415,room,Furnished,550,room-1695262
4644,,,3671,no,14,1100,room,Furnished,1100,room-1695258
4645,,,2257,no,13,800,room,Furnished,,room-1695257
4646,,,3672,no,16,385,room,Unfurnished,385,room-1695250
4647,,,3673,no,61,1584,apartment,Unfurnished,1768,apartment-1695245
4648,,,3674,no,80,1350,apartment,Uncarpeted,1350,apartment-1695242
4649,,,3675,no,15,350,room,Furnished,,room-1695247
4650,,,3676,no,14,700,room,Furnished,200,room-1695244
4651,,,3673,no,21,800,studio,Unfurnished,925,studio-1695237
4652,,,3677,no,11,320,room,Unfurnished,252,room-1695235
4653,,,3678,no,15,450,room,Unfurnished,500,room-1695233
4654,,,2203,no,13,600,room,Uncarpeted,,room-1695236
4655,,,3679,no,10,550,room,Furnished,0,room-1695211
4656,,,3680,no,64,1400,apartment,Furnished,500,apartment-1695234
4657,,,3681,no,14,420,room,Furnished,,room-1695230
4658,,,3678,no,15,450,room,Unfurnished,500,room-1695218
4659,,,1478,no,24,430,room,Furnished,430,room-1695212
4660,,,2484,no,24,800,room,Furnished,800,room-1695213
4661,,,1395,no,13,800,room,Furnished,800,room-1695198
4662,,,3682,no,12,510,apartment,Furnished,510,apartment-1695299
4663,,,3683,no,30,750,studio,Unfurnished,1500,studio-1695296
4664,,,2330,no,12,690,room,Furnished,500,room-1695272
4665,,,3684,no,25,379,room,Furnished,0,room-1695260
4666,,,3685,no,20,588,room,Furnished,588,room-1695267
4667,,,3686,no,16,365,room,Unfurnished,365,room-1695265
4668,,,2459,no,15,440,room,Uncarpeted,,room-1695228
4669,,,3687,no,11,350,room,Unfurnished,350,room-1695224
4670,,,3688,no,20,520,room,Furnished,,room-1695216
4671,,,2104,no,22,415,room,Uncarpeted,415,room-1695217
4672,,,1874,no,13,360,room,Furnished,,room-1695199
4673,,,3689,no,10,275,room,Uncarpeted,375,room-1695196
4674,,,3689,no,13,300,room,Uncarpeted,400,room-1695190
4675,,,3690,no,15,850,room,Furnished,850,room-1695205
4676,,,3691,no,55,1225,apartment,Unfurnished,,apartment-1695176
4677,,,3692,no,12,400,room,Furnished,300,room-1695204
4678,,,3290,no,18,625,room,Furnished,,room-1695185
4679,,,3693,no,25,325,room,Furnished,600,room-1695201
4680,,,3694,no,10,520,room,Unfurnished,300,room-1695173
4681,,,3695,no,55,1045,apartment,Unfurnished,,apartment-1692929
4682,,,3696,no,25,450,room,Uncarpeted,450,room-1695200
4683,,,1107,no,10,750,room,Furnished,350,room-1695164
4684,,,3649,no,64,695,apartment,Unfurnished,,apartment-1695159
4685,,,2228,no,14,315,room,Uncarpeted,,room-1695202
4686,,,3697,no,16,650,room,Furnished,,room-1695154
4687,,,3698,no,10,450,room,Unfurnished,400,room-1695146
4688,,,1802,no,79,1500,apartment,Furnished,,apartment-1695145
4689,,,1646,no,60,1450,apartment,Furnished,,apartment-1695144
4690,,,3699,no,9,400,room,Furnished,450,room-1695142
4691,,,1485,no,12,500,room,Furnished,500,room-1695197
4692,,,3700,no,25,1200,studio,Furnished,1200,studio-1695136
4693,,,3329,no,14,305,room,Unfurnished,,room-1695133
4694,,,3701,no,20,500,room,Furnished,500,room-1695123
4695,,,3702,no,45,1100,apartment,Furnished,2600,apartment-1695127
4696,,,1206,no,16,700,room,Furnished,700,room-1695126
4697,,,3057,no,14,750,room,Furnished,,room-1695124
4698,,,3058,no,10,600,room,Furnished,,room-1695122
4699,,,3703,no,18,450,room,Furnished,,room-1695117
4700,,,3704,no,11,550,room,Furnished,275,room-1695114
4701,,,3705,no,10,650,room,Furnished,600,room-1695115
4702,,,3706,no,50,2000,apartment,Unfurnished,,apartment-1695112
4703,,,3707,no,9,450,room,Furnished,,room-1695095
4704,,,1637,no,16,725,room,Furnished,500,room-1695189
4705,,,3708,no,10,500,room,Furnished,1000,room-1695091
4706,,,3409,no,16,355,room,Unfurnished,,room-1695092
4707,,,3709,no,19,550,room,Furnished,,room-1695085
4708,,,3386,no,12,575,room,Uncarpeted,450,room-1695187
4709,,,3710,no,68,900,apartment,Unfurnished,1040,apartment-1695084
4710,,,1874,no,14,330,room,Furnished,330,room-1695183
4711,,,1617,no,8,750,room,Furnished,775,room-1695156
4712,,,3711,no,75,800,room,Furnished,0,room-1695081
4713,,,3712,no,20,800,room,Furnished,,room-1695080
4714,,,2203,no,13,600,room,Uncarpeted,,room-1695079
4715,,,1519,no,70,900,apartment,Unfurnished,900,apartment-1695077
4716,,,3713,no,25,750,studio,Furnished,0,studio-1695075
4717,,,3714,no,7,300,room,Furnished,300,room-1695072
4718,,,3714,no,14,525,room,Furnished,525,room-1695064
4719,,,3715,no,13,325,room,Furnished,325,room-1695066
4720,,,3716,no,50,750,apartment,Unfurnished,,apartment-1695065
4721,,,3717,no,30,440,room,Uncarpeted,,room-1695169
4722,,,2033,no,23,425,room,Unfurnished,425,room-1695060
4723,,,2203,no,15,600,room,Uncarpeted,,room-1695063
4724,,,2203,no,14,600,room,Uncarpeted,,room-1695061
4725,,,3718,no,45,925,apartment,Uncarpeted,,apartment-1695134
4726,,,3719,no,14,400,room,Furnished,1000,room-1695129
4727,,,1170,yes,90,340,apartment,Furnished,,apartment-1695119
4728,,,3553,yes,33,705,studio,Uncarpeted,835,studio-1695118
4729,,,3720,no,117,2750,apartment,Furnished,,apartment-1695111
4730,,,3721,no,45,1400,apartment,Furnished,,apartment-1695110
4731,,,3722,no,101,1950,apartment,Furnished,,apartment-1695109
4732,,,3723,no,57,1650,apartment,Furnished,,apartment-1695108
4733,,,3724,no,56,1500,apartment,Furnished,,apartment-1695107
4734,,,3725,no,28,890,studio,Furnished,,studio-1695106
4735,,,3726,no,87,1395,apartment,Furnished,,apartment-1695105
4736,,,3727,no,105,1450,apartment,Furnished,,apartment-1695104
4737,,,3728,no,140,1600,apartment,Unfurnished,,apartment-1695101
4738,,,3729,no,18,340,room,Uncarpeted,,room-1695098
4739,,,3730,no,12,270,room,Uncarpeted,,room-1695097
4740,,,3731,no,13,327,room,Uncarpeted,,room-1695096
4741,,,3732,yes,20,630,studio,Unfurnished,,studio-1695492
4742,,,3346,no,25,700,room,Furnished,700,room-1695490
4743,,,2767,no,17,595,room,Unfurnished,595,room-1695462
4744,,,3733,no,16,450,room,Uncarpeted,,room-1695451
4745,,,3734,no,20,370,room,Uncarpeted,300,room-1369422
4746,,,3735,no,23,300,room,Uncarpeted,,room-1695438
4747,,,3103,no,25,750,room,Furnished,1700,room-1695431
4748,,,3736,no,24,550,room,Furnished,600,room-1695428
4749,,,2848,no,8,750,room,Furnished,,room-1695407
4750,,,3737,no,81,2000,apartment,Furnished,4000,apartment-1695404
4751,,,3738,no,6,300,room,Furnished,,room-1695394
4752,,,2204,no,20,225,room,Furnished,0,room-1695384
4753,,,3739,no,16,500,room,Unfurnished,500,room-1695406
4754,,,3740,no,25,500,room,Furnished,,room-1695385
4755,,,3741,no,34,1000,apartment,Unfurnished,,apartment-1695375
4756,,,2785,no,20,665,room,Furnished,,room-1695366
4757,,,3742,no,13,399,room,Furnished,399,room-1695405
4758,,,3743,yes,25,670,studio,Unfurnished,670,studio-1695400
4759,,,2659,no,12,347,room,Unfurnished,694,room-1695399
4760,,,3744,no,11,796,room,Furnished,796,room-1695395
4761,,,3571,no,18,330,room,Furnished,330,room-1695389
4762,,,3745,no,42,850,apartment,Furnished,850,apartment-1695381
4763,,,3746,no,8,700,room,Uncarpeted,0,room-1695379
4764,,,3747,no,30,585,apartment,Unfurnished,,apartment-1695370
4765,,,3748,no,30,580,room,Unfurnished,1810,room-1695363
4766,,,3749,no,15,450,room,Furnished,450,room-1695359
4767,,,3750,no,19,400,room,Unfurnished,400,room-1695350
4768,,,3751,no,35,1350,studio,Furnished,,studio-1695341
4769,,,3515,no,10,500,room,Furnished,,room-1695344
4770,,,3469,no,77,1200,apartment,Unfurnished,,apartment-1695338
4771,,,1463,no,26,639,studio,Unfurnished,,studio-1695333
4772,,,1463,no,26,645,studio,Unfurnished,,studio-1695332
4773,,,3752,no,65,719,apartment,Unfurnished,,apartment-1695331
4774,,,2153,no,30,775,studio,Unfurnished,,studio-1695330
4775,,,3753,yes,34,625,apartment,Unfurnished,625,apartment-1695323
4776,,,3669,no,18,475,room,Furnished,,room-1695319
4777,,,3754,no,14,800,room,Furnished,800,room-1695312
4778,,,3755,no,16,350,room,Furnished,,room-1695313
4779,,,3756,no,9,298,room,Uncarpeted,298,room-1695358
4780,,,3757,no,40,735,apartment,Unfurnished,735,apartment-1695360
4781,,,3012,no,10,450,room,Uncarpeted,372,room-1695354
4782,,,3758,no,14,490,room,Furnished,450,room-1695345
4783,,,3759,no,10,550,room,Furnished,0,room-1695336
4784,,,3760,no,20,766,room,Furnished,766,room-1695327
4785,,,1884,no,65,1500,apartment,Furnished,1500,apartment-1695314
4786,,,1834,no,16,499,room,Furnished,,room-1695311
4787,,,1019,no,20,290,room,Furnished,,room-1695306
4788,,,3617,no,80,1500,apartment,Unfurnished,1500,apartment-1695291
4789,,,3761,no,14,550,room,Furnished,550,room-1695252
4790,,,3596,no,10,585,apartment,Furnished,,apartment-1694702
4791,,,1006,no,17,865,room,Furnished,865,room-1695691
4792,,,1006,no,19,942,room,Furnished,942,room-1695646
4793,,,2904,no,23,828,room,Furnished,,room-1695558
4794,,,3762,no,20,375,room,Unfurnished,375,room-1695541
4795,,,3763,no,35,800,studio,Unfurnished,800,studio-1695846
4796,,,3764,no,22,1250,studio,Furnished,300,studio-1695826
4797,,,3765,no,25,500,studio,Furnished,50,studio-1695827
4798,,,3766,no,12,283,room,Uncarpeted,,room-1695817
4799,,,3767,no,21,375,room,Unfurnished,,room-1695822
4800,,,3767,no,12,315,room,Furnished,,room-1695814
4801,,,3768,no,9,400,room,Furnished,0,room-1695813
4802,,,3769,no,16,450,apartment,Uncarpeted,0,apartment-1695808
4803,,,3770,no,40,775,room,Unfurnished,775,room-1695789
4804,,,3771,yes,30,720,studio,Uncarpeted,720,studio-1695781
4805,,,3772,no,73,1195,apartment,Unfurnished,1200,apartment-1695777
4806,,,2129,no,14,335,room,Unfurnished,,room-1695782
4807,,,3773,no,65,750,apartment,Furnished,,apartment-1695776
4808,,,1416,no,45,1350,studio,Furnished,,studio-1695770
4809,,,3774,no,22,425,room,Furnished,425,room-1695759
4810,,,1327,no,15,760,room,Furnished,614,room-1695743
4811,,,3775,no,13,418,room,Furnished,,room-1695373
4812,,,3776,no,87,800,apartment,Furnished,750,apartment-1695750
4813,,,1957,no,24,800,room,Furnished,,room-1695751
4814,,,3777,no,38,950,apartment,Furnished,950,apartment-1695748
4815,,,3778,no,15,360,room,Furnished,,room-1695747
4816,,,3779,no,36,920,studio,Unfurnished,920,studio-1695735
4817,,,3780,no,10,550,room,Unfurnished,800,room-1695738
4818,,,3781,no,12,350,room,Furnished,,room-1695809
4819,,,3782,no,6,520,room,Furnished,,room-1695740
4820,,,2776,no,6,360,room,Furnished,,room-1695739
4821,,,3782,no,15,790,room,Furnished,,room-1695737
4822,,,3783,no,8,600,room,Uncarpeted,200,room-1695295
4823,,,3784,no,15,330,room,Furnished,0,room-1695723
4824,,,3785,no,6,500,room,Furnished,,room-1695709
4825,,,3786,no,10,330,room,Uncarpeted,,room-1695707
4826,,,2896,no,15,350,room,Unfurnished,0,room-1695710
4827,,,3787,no,11,450,room,Furnished,,room-1695705
4828,,,1763,no,10,540,room,Unfurnished,540,room-1695807
4829,,,3788,no,19,400,room,Unfurnished,,room-1695803
4830,,,3789,no,9,295,room,Uncarpeted,300,room-1695806
4831,,,3790,no,16,555,room,Furnished,555,room-1695698
4832,,,3791,no,10,850,room,Furnished,900,room-1695802
4833,,,3789,no,11,315,room,Uncarpeted,300,room-1695801
4834,,,3792,no,30,750,room,Furnished,750,room-1695796
4835,,,3793,no,72,995,apartment,Unfurnished,1990,apartment-1695799
4836,,,3794,no,24,860,room,Furnished,,room-1695788
4837,,,3795,no,30,850,apartment,Furnished,425,apartment-1695765
4838,,,3796,no,8,350,room,Furnished,316,room-1695702
4839,,,3797,no,43,1550,apartment,Furnished,1550,apartment-1695763
4840,,,3798,no,11,390,room,Furnished,,room-1695760
4841,,,1067,no,18,800,room,Furnished,800,room-1695756
4842,,,3299,no,13,230,room,Unfurnished,0,room-1695749
4843,,,3799,yes,24,550,studio,Furnished,,studio-1695731
4844,,,3800,no,22,469,room,Unfurnished,469,room-1695727
4845,,,1937,no,110,1800,apartment,Furnished,1550,apartment-1695714
4846,,,3392,no,8,550,room,Unfurnished,,room-1695713
4847,,,3801,no,90,1000,apartment,Furnished,1000,apartment-1695712
4848,,,2878,no,52,745,apartment,Furnished,,apartment-1695675
4849,,,3802,no,10,750,room,Furnished,,room-1695700
4850,,,3663,no,65,1650,apartment,Furnished,1750,apartment-1695088
4851,,,3803,no,23,390,room,Uncarpeted,585,room-1695688
4852,,,3803,no,12,260,room,Uncarpeted,390,room-1695684
4853,,,3803,no,12,260,room,Uncarpeted,390,room-1695683
4854,,,1167,no,12,850,room,Furnished,850,room-1695677
4855,,,3068,no,21,425,room,Unfurnished,,room-1695676
4856,,,3738,no,6,300,room,Furnished,,room-1695671
4857,,,3804,no,15,740,room,Furnished,,room-1695387
4858,,,3805,no,50,1000,apartment,Unfurnished,500,apartment-1695694
4859,,,3806,no,20,500,room,Furnished,500,room-1695663
4860,,,3543,no,12,300,room,Unfurnished,300,room-1695660
4861,,,3807,no,18,420,room,Furnished,,room-1695658
4862,,,2052,no,27,520,studio,Furnished,,studio-1666379
4863,,,3808,no,16,420,room,Unfurnished,420,room-1695670
4864,,,3809,no,35,450,room,Unfurnished,450,room-1695648
4865,,,3810,no,16,500,room,Furnished,,room-1695653
4866,,,3811,no,20,500,room,Furnished,500,room-1695652
4867,,,3562,no,70,1400,apartment,Furnished,,apartment-1695650
4868,,,3812,no,35,1200,room,Furnished,,room-1695640
4869,,,3813,yes,65,686,apartment,Unfurnished,1356,apartment-1695621
4870,,,2878,no,56,800,apartment,Furnished,,apartment-1695634
4871,,,3814,no,15,330,room,Uncarpeted,330,room-1695633
4872,,,3815,no,9,415,room,Furnished,,room-1695597
4873,,,1294,no,12,300,room,Uncarpeted,300,room-1695599
4874,,,3816,no,13,725,room,Furnished,,room-1695598
4875,,,3817,no,11,400,room,Unfurnished,400,room-1695655
4876,,,3818,no,20,460,room,Unfurnished,460,room-1695656
4877,,,3819,no,20,300,room,Uncarpeted,0,room-1695574
4878,,,1717,no,17,515,studio,Unfurnished,515,studio-1695630
4879,,,3820,no,12,385,room,Unfurnished,,room-1695627
4880,,,3821,no,18,395,room,Uncarpeted,395,room-1695626
4881,,,3822,no,55,950,room,Furnished,950,room-1695619
4882,,,3100,no,14,800,room,Unfurnished,800,room-1695618
4883,,,1629,no,13,310,room,Uncarpeted,,room-1695585
4884,,,3823,no,22,425,room,Furnished,245,room-1695573
4885,,,1673,no,13,600,room,Unfurnished,1200,room-1692992
4886,,,3824,no,11,325,room,Unfurnished,325,room-1695583
4887,,,3825,no,60,1050,apartment,Unfurnished,2100,apartment-1695578
4888,,,3826,no,26,525,room,Unfurnished,525,room-1695571
4889,,,3827,no,45,900,apartment,Furnished,1800,apartment-1695569
4890,,,3828,no,9,280,room,Furnished,280,room-1695570
4891,,,3829,no,17,407,room,Uncarpeted,390,room-1695561
4892,,,3830,no,18,345,room,Unfurnished,,room-1695566
4893,,,3831,yes,22,635,studio,Unfurnished,635,studio-1695522
4894,,,3832,no,60,1150,studio,Furnished,,studio-1695532
4895,,,1767,no,15,645,room,Furnished,645,room-1695559
4896,,,3833,no,10,350,room,Furnished,500,room-1695557
4897,,,3834,no,55,1800,apartment,Furnished,2000,apartment-1695554
4898,,,3835,no,16,550,room,Unfurnished,500,room-1695555
4899,,,1771,no,19,340,room,Unfurnished,,room-1695551
4900,,,3836,no,65,709,apartment,Unfurnished,,apartment-1695550
4901,,,3837,no,80,899,apartment,Unfurnished,,apartment-1695549
4902,,,3838,no,30,700,room,Furnished,,room-1695539
4903,,,3839,no,13,800,room,Furnished,800,room-1695534
4904,,,3414,no,9,460,room,Furnished,,room-1695523
4905,,,3840,no,61,1010,apartment,Uncarpeted,,apartment-1695548
4906,,,3841,no,6,550,room,Furnished,,room-1695518
4907,,,3294,no,32,560,apartment,Uncarpeted,,apartment-1695547
4908,,,3419,no,13,316,room,Uncarpeted,,room-1695546
4909,,,3564,no,20,387,room,Uncarpeted,,room-1695545
4910,,,3660,no,18,395,room,Uncarpeted,,room-1695544
4911,,,3018,no,35,490,room,Unfurnished,445,room-1695504
4912,,,3842,no,76,1475,room,Unfurnished,1475,room-1695499
4913,,,3843,no,9,425,room,Furnished,,room-1695496
4914,,,3843,no,14,475,room,Furnished,,room-1695493
4915,,,1942,no,15,330,room,Unfurnished,,room-1695491
4916,,,3844,no,16,800,room,Furnished,,room-1695458
4917,,,2706,no,44,995,studio,Unfurnished,995,studio-1695485
4918,,,3845,no,10,700,room,Furnished,,room-1695484
4919,,,3846,no,11,480,room,Furnished,250,room-1695423
4920,,,3156,no,45,875,studio,Unfurnished,1800,studio-1695477
4921,,,3847,no,15,800,room,Furnished,1600,room-1695469
4922,,,3848,yes,20,650,studio,Furnished,975,studio-1695443
4923,,,3849,no,15,430,room,Unfurnished,430,room-1695467
4924,,,2859,no,23,664,room,Furnished,,room-1695446
4925,,,1853,no,20,420,room,Furnished,,room-1694586
4926,,,3850,no,10,240,room,Uncarpeted,239,room-1695444
4927,,,3851,no,13,430,room,Unfurnished,30,room-1695206
4928,,,3852,no,20,400,room,Furnished,,room-1695437
4929,,,3853,no,16,365,room,Unfurnished,,room-1695435
4930,,,2195,no,11,800,room,Furnished,,room-1695430
4931,,,2262,no,30,825,apartment,Furnished,,apartment-1695429
4932,,,1620,no,40,800,studio,Furnished,800,studio-1591048
4933,,,3854,no,45,400,room,Unfurnished,200,room-1695422
4934,,,3855,no,16,440,room,Unfurnished,,room-1695414
4935,,,1728,no,15,360,room,Uncarpeted,300,room-1695524
4936,,,2516,no,20,850,studio,Furnished,900,studio-1665345
4937,,,3856,no,20,400,room,Uncarpeted,400,room-1696134
4938,,,1047,yes,18,490,studio,Furnished,488,studio-1696124
4939,,,3857,no,44,870,apartment,Furnished,1500,apartment-1696127
4940,,,1115,no,14,500,room,Furnished,1000,room-1696129
4941,,,1240,no,8,143,room,Furnished,10,room-1696106
4942,,,3858,no,50,1200,apartment,Furnished,500,apartment-1696112
4943,,,3859,yes,25,640,studio,Furnished,440,studio-1696108
4944,,,3047,no,17,600,room,Furnished,600,room-1696099
4945,,,2228,no,14,320,room,Uncarpeted,0,room-1696096
4946,,,3860,no,77,1100,apartment,Unfurnished,,apartment-1696085
4947,,,2119,no,13,780,room,Furnished,,room-1696071
4948,,,3861,no,52,1515,apartment,Unfurnished,1515,apartment-1696064
4949,,,3862,no,65,1150,apartment,Unfurnished,2300,apartment-1696054
4950,,,1535,no,12,750,room,Furnished,,room-1696050
4951,,,3863,no,20,700,room,Furnished,1400,room-1696040
4952,,,3864,no,20,750,room,Furnished,750,room-1695990
4953,,,3865,no,30,500,room,Unfurnished,500,room-1695983
4954,,,1554,no,9,650,room,Furnished,,room-1695981
4955,,,3865,no,20,500,room,Unfurnished,500,room-1695969
4956,,,2295,no,16,750,room,Furnished,500,room-1695978
4957,,,3866,no,16,365,room,Uncarpeted,,room-1695957
4958,,,3867,no,21,670,room,Furnished,,room-1695418
4959,,,3868,no,15,375,room,Unfurnished,,room-1695965
4960,,,3869,no,12,450,room,Unfurnished,,room-1695967
4961,,,3870,no,14,350,room,Unfurnished,,room-1695961
4962,,,3871,no,26,925,studio,Unfurnished,925,studio-1695958
4963,,,3872,no,15,360,room,Furnished,,room-1695954
4964,,,3873,no,13,417,room,Unfurnished,417,room-1696026
4965,,,1883,no,80,1400,apartment,Unfurnished,2800,apartment-1696024
4966,,,2386,no,18,675,apartment,Furnished,750,apartment-1696019
4967,,,3874,no,11,345,room,Unfurnished,173,room-1695998
4968,,,3875,no,18,270,room,Furnished,0,room-1696013
4969,,,3876,no,15,800,room,Furnished,800,room-1696002
4970,,,2526,no,18,500,room,Unfurnished,500,room-1696006
4971,,,3877,no,19,500,room,Uncarpeted,500,room-1696004
4972,,,3878,no,16,400,room,Uncarpeted,400,room-1695989
4973,,,3879,no,13,750,room,Furnished,,room-1695988
4974,,,3880,no,18,450,room,Furnished,450,room-1695986
4975,,,3881,no,45,875,studio,Unfurnished,875,studio-1695985
4976,,,3882,no,11,240,room,Furnished,240,room-1695973
4977,,,3883,no,17,499,room,Unfurnished,,room-1695977
4978,,,3884,no,14,290,room,Furnished,0,room-1695980
4979,,,2375,no,11,575,room,Unfurnished,325,room-1695982
4980,,,3885,no,24,435,room,Furnished,435,room-1695972
4981,,,3886,no,20,375,room,Unfurnished,375,room-1695959
4982,,,3887,no,15,400,room,Furnished,0,room-1695928
4983,,,3888,no,12,295,room,Uncarpeted,295,room-1695940
4984,,,2610,no,87,1600,apartment,Unfurnished,,apartment-1695933
4985,,,3889,no,60,1150,apartment,Furnished,,apartment-1695932
4986,,,1139,no,12,290,room,Unfurnished,,room-1695920
4987,,,1804,no,64,715,apartment,Unfurnished,,apartment-1695927
4988,,,1139,no,16,290,room,Unfurnished,,room-1695918
4989,,,3890,no,12,500,room,Furnished,750,room-1695948
4990,,,3891,no,12,700,room,Furnished,,room-1695916
4991,,,2019,yes,32,550,room,Furnished,550,room-1695914
4992,,,1174,no,18,800,room,Furnished,0,room-1695904
4993,,,3892,no,15,377,room,Unfurnished,,room-1695912
4994,,,3893,no,10,550,room,Furnished,300,room-1695910
4995,,,1698,no,19,310,room,Unfurnished,,room-1695911
4996,,,3894,no,60,750,apartment,Furnished,,apartment-1695909
4997,,,3401,no,15,575,room,Furnished,,room-1695903
4998,,,3895,no,14,256,room,Uncarpeted,,room-1695899
4999,,,3896,no,80,1750,apartment,Furnished,,apartment-1695882
5000,,,1686,no,16,700,room,Furnished,1100,room-1695906
5001,,,3897,no,115,1400,apartment,Unfurnished,,apartment-1695878
5002,,,3898,no,55,900,apartment,Unfurnished,,apartment-1695877
5003,,,1295,no,35,882,apartment,Unfurnished,,apartment-1695869
5004,,,3899,no,65,750,apartment,Unfurnished,,apartment-1695868
5005,,,1664,no,60,775,apartment,Unfurnished,,apartment-1695867
5006,,,1922,no,26,587,studio,Unfurnished,,studio-1695864
5007,,,3900,no,51,1250,apartment,Unfurnished,,apartment-1695853
5008,,,3901,no,9,550,room,Uncarpeted,150,room-1695852
5009,,,1001,no,14,500,room,Unfurnished,,room-1695850
5010,,,3902,no,8,900,room,Furnished,900,room-1695832
5011,,,3767,no,21,385,room,Unfurnished,,room-1695825
5012,,,3903,no,19,550,room,Uncarpeted,550,room-1695886
5013,,,3904,no,13,387,room,Unfurnished,387,room-1695883
5014,,,3905,no,51,1530,apartment,Unfurnished,,apartment-1695876
5015,,,3906,no,55,1600,apartment,Furnished,,apartment-1695874
5016,,,2643,no,145,1350,apartment,,,apartment-1695871
5017,,,3907,no,22,625,room,,,room-1695870
5018,,,3908,no,75,1700,apartment,Unfurnished,,apartment-1695863
5019,,,3263,no,52,950,room,Furnished,950,room-1695856
5020,,,3909,no,32,750,studio,Furnished,750,studio-1695834
5021,,,3652,no,24,500,room,Uncarpeted,500,room-1694918
5022,,,3355,no,47,975,studio,Furnished,,studio-1696193
5023,,,2705,no,16,775,room,Uncarpeted,,room-1696154
5024,,,3910,no,12,495,room,Furnished,0,room-1696474
5025,,,3911,no,18,660,studio,Unfurnished,570,studio-1696471
5026,,,1360,no,17,400,room,Unfurnished,400,room-1696463
5027,,,1828,no,18,385,room,Unfurnished,,room-1696462
5028,,,3912,no,72,1650,apartment,Furnished,3600,apartment-1696458
5029,,,3185,no,16,350,room,Furnished,350,room-1696446
5030,,,2967,no,20,415,room,Uncarpeted,,room-1696339
5031,,,3913,no,17,529,room,Uncarpeted,529,room-1696337
5032,,,1178,no,15,536,room,Uncarpeted,536,room-1696332
5033,,,2808,no,34,570,room,Uncarpeted,570,room-1696331
5034,,,2808,no,34,570,room,Uncarpeted,570,room-1696328
5035,,,3914,no,14,268,room,Furnished,,room-1696316
5036,,,3915,no,16,565,room,Furnished,565,room-1696324
5037,,,3916,no,60,1850,apartment,Unfurnished,3700,apartment-1696321
5038,,,3915,no,17,574,room,Furnished,574,room-1696315
5039,,,1124,no,13,699,room,Furnished,,room-1696317
5040,,,1292,no,16,525,room,Uncarpeted,1050,room-1696305
5041,,,3917,no,16,375,room,Uncarpeted,0,room-1696302
5042,,,1362,no,60,1300,apartment,Furnished,,apartment-1696304
5043,,,3750,no,34,785,studio,Unfurnished,865,studio-1696288
5044,,,3918,no,24,455,room,Unfurnished,250,room-1696287
5045,,,3919,yes,40,575,studio,Furnished,300,studio-1696280
5046,,,2776,no,20,599,room,Furnished,599,room-1696282
5047,,,1834,no,16,499,room,Furnished,499,room-1696279
5048,,,3920,no,15,520,room,Furnished,520,room-1696223
5049,,,3921,no,14,520,room,Uncarpeted,520,room-1696274
5050,,,3921,no,17,545,room,Furnished,545,room-1696273
5051,,,3922,yes,60,420,apartment,Uncarpeted,650,apartment-1696268
5052,,,3923,no,14,335,room,Unfurnished,,room-1696267
5053,,,3924,yes,68,430,apartment,Uncarpeted,850,apartment-1696262
5054,,,3923,no,11,227,room,Unfurnished,,room-1696263
5055,,,3925,no,10,285,room,Uncarpeted,285,room-1696261
5056,,,2445,no,65,1425,apartment,Furnished,0,apartment-1696441
5057,,,2517,no,16,365,room,Unfurnished,,room-1696430
5058,,,3926,no,36,780,studio,Unfurnished,1820,studio-1663976
5059,,,3927,no,16,415,room,Furnished,,room-1696439
5060,,,3926,yes,26,654,studio,Unfurnished,1598,studio-1645061
5061,,,3928,no,20,425,room,Unfurnished,425,room-1696427
5062,,,3929,yes,35,630,studio,Unfurnished,630,studio-1696419
5063,,,3438,no,17,395,room,Unfurnished,395,room-1696388
5064,,,3930,no,11,315,room,Unfurnished,280,room-1696381
5065,,,1968,no,14,500,room,Furnished,500,room-1696380
5066,,,3154,no,15,335,room,Unfurnished,335,room-1696379
5067,,,3931,no,22,320,room,Uncarpeted,200,room-1696373
5068,,,2767,no,17,595,room,Unfurnished,595,room-1696370
5069,,,3932,no,19,605,studio,Unfurnished,605,studio-1696364
5070,,,2272,yes,16,615,studio,Furnished,,studio-1696358
5071,,,2272,yes,16,600,studio,Furnished,675,studio-1696354
5072,,,3933,no,17,320,room,Unfurnished,,room-1696353
5073,,,1022,no,16,600,room,Furnished,350,room-1492301
5074,,,3731,no,38,552,room,Uncarpeted,250,room-1696340
5075,,,3934,no,17,523,room,Uncarpeted,523,room-1696347
5076,,,3935,no,78,1150,apartment,Furnished,1200,apartment-1696346
5077,,,3936,no,130,1800,apartment,Unfurnished,,apartment-1696257
5078,,,3937,no,177,2150,apartment,Unfurnished,,apartment-1696249
5079,,,3937,no,85,895,apartment,Unfurnished,,apartment-1696248
5080,,,3937,no,92,1295,apartment,Unfurnished,,apartment-1696247
5081,,,3938,no,49,895,apartment,Unfurnished,,apartment-1696246
5082,,,3274,no,60,975,apartment,Unfurnished,,apartment-1696239
5083,,,3939,no,80,1150,apartment,Furnished,2200,apartment-1696225
5084,,,2267,no,17,335,room,Uncarpeted,335,room-1696229
5085,,,3940,no,14,315,room,Uncarpeted,315,room-1696228
5086,,,3807,no,10,310,room,Furnished,500,room-1696215
5087,,,3941,no,20,460,room,Unfurnished,,room-1696329
5088,,,3942,no,25,495,room,Unfurnished,990,room-1696327
5089,,,3943,no,13,550,room,Furnished,550,room-1696298
5090,,,3944,no,20,445,room,Furnished,100,room-1696289
5091,,,3945,no,20,300,room,Unfurnished,,room-1696306
5092,,,2312,no,90,1300,apartment,Furnished,,apartment-1696278
5093,,,3946,no,20,650,room,Furnished,600,room-1696272
5094,,,3947,no,16,800,room,Furnished,800,room-1693213
5095,,,3948,no,80,1200,apartment,Furnished,1200,apartment-1696258
5096,,,3949,no,85,1570,apartment,Unfurnished,,apartment-1696251
5097,,,3950,no,135,1700,apartment,Furnished,,apartment-1696250
5098,,,3951,no,12,950,room,Furnished,350,room-1696222
5099,,,3952,no,35,1375,apartment,Furnished,1375,apartment-1696212
5100,,,1391,no,12,550,room,Furnished,550,room-1696217
5101,,,1189,no,15,485,room,Furnished,150,room-1696211
5102,,,2995,no,54,725,apartment,Unfurnished,1400,apartment-1696213
5103,,,3307,no,40,799,apartment,Furnished,799,apartment-1696202
5104,,,2459,no,15,440,room,Uncarpeted,,room-1696218
5105,,,1177,no,16,537,room,Unfurnished,537,room-1696205
5106,,,3269,no,8,680,room,Furnished,650,room-1696192
5107,,,2793,no,10,350,room,Furnished,,room-1696194
5108,,,3192,no,45,1250,apartment,Unfurnished,1250,apartment-1696214
5109,,,3033,no,23,438,room,Uncarpeted,,room-1696208
5110,,,1418,no,16,345,room,Uncarpeted,,room-1696204
5111,,,3953,no,20,440,room,Furnished,,room-1696206
5112,,,1960,no,35,800,apartment,Furnished,,apartment-1696199
5113,,,3954,no,70,900,apartment,Unfurnished,1750,apartment-1696203
5114,,,3955,no,34,800,room,Furnished,300,room-1696198
5115,,,3956,no,9,155,room,Unfurnished,320,room-1696185
5116,,,3957,no,25,400,studio,Unfurnished,,studio-1696179
5117,,,3958,no,41,714,apartment,Unfurnished,,apartment-1696178
5118,,,3959,no,120,1150,apartment,Unfurnished,,apartment-1696177
5119,,,1653,no,9,330,room,Unfurnished,330,room-1696188
5120,,,2125,no,65,1150,apartment,Furnished,500,apartment-1696170
5121,,,3960,no,14,370,room,Furnished,350,room-1696187
5122,,,3961,no,28,600,room,,,room-1696181
5123,,,3962,no,110,1480,apartment,Furnished,,apartment-1696180
5124,,,3963,no,19,395,room,Uncarpeted,,room-1696174
5125,,,3963,no,21,420,room,Uncarpeted,,room-1696173
5126,,,3660,no,18,395,room,Uncarpeted,,room-1696171
5127,,,3654,no,18,675,room,Furnished,675,room-1696169
5128,,,2305,no,13,550,room,Uncarpeted,550,room-1696168
5129,,,1073,no,53,1350,apartment,Furnished,1000,apartment-1696166
5130,,,3964,no,10,490,room,Furnished,550,room-1696163
5131,,,3965,no,90,1100,apartment,Unfurnished,,apartment-1696161
5132,,,3610,no,100,750,room,Furnished,,room-1696160
5133,,,3966,no,35,750,room,Furnished,,room-1696157
5134,,,3967,no,12,830,room,Uncarpeted,1400,room-1696156
5135,,,3968,no,10,525,room,Furnished,500,room-1696153
5136,,,3969,no,70,950,apartment,Unfurnished,1900,apartment-1696135
5137,,,1054,no,30,650,room,Unfurnished,650,room-1696148
5138,,,3970,yes,80,700,apartment,Furnished,,apartment-1696142
5139,,,3971,no,10,800,room,Furnished,,room-1696140
5140,,,3972,no,9,325,room,Unfurnished,0,room-1696117
5141,,,1624,no,16,600,room,Furnished,600,room-1696131
5142,,,1239,no,15,351,room,Uncarpeted,351,room-1696128
5143,,,1083,no,11,228,room,,,room-1696116
5144,,,1083,no,11,228,room,,,room-1696115
5145,,,3973,no,12,395,room,Unfurnished,395,room-1696110
5146,,,1647,no,8,199,room,Unfurnished,,room-1696109
5147,,,3974,no,15,750,room,Furnished,,room-1696098
5148,,,2912,no,60,1000,apartment,Furnished,,apartment-1696101
5149,,,3975,no,17,350,room,Unfurnished,,room-1696086
5150,,,3976,no,6,520,room,Unfurnished,,room-1696084
5151,,,3977,no,8,350,room,Furnished,350,room-1696078
5152,,,3978,no,10,350,room,Uncarpeted,,room-1696076
5153,,,3977,no,17,550,room,Furnished,550,room-1696074
5154,,,3977,no,27,700,room,Furnished,700,room-1696066
5155,,,3979,no,16,400,room,Unfurnished,0,room-1696031
5156,,,3980,no,20,625,room,Furnished,100,room-1696059
5157,,,1079,no,12,300,room,Furnished,,room-1696030
5158,,,1872,no,12,418,room,Unfurnished,670,room-1696029
5159,,,3981,no,25,595,studio,Unfurnished,595,studio-1696015
5160,,,3336,no,20,475,room,Furnished,,room-1696016
5161,,,3982,no,140,900,apartment,Uncarpeted,900,apartment-1695999
5162,,,3983,no,9,780,room,Furnished,,room-1695960
5163,,,1946,no,30,490,room,Uncarpeted,490,room-1696005
5164,,,3984,no,12,685,room,Furnished,685,room-1695991
5165,,,3741,no,38,1000,studio,Unfurnished,,studio-1695375
5166,,,3985,no,25,445,room,Unfurnished,445,room-1696681
5167,,,1006,no,23,1121,studio,Furnished,1121,studio-1696646
5168,,,1006,no,17,871,room,Furnished,871,room-1696593
5169,,,3986,no,12,550,room,Furnished,1100,room-1696774
5170,,,3469,no,16,410,room,Unfurnished,,room-1696744
5171,,,1707,no,66,1100,apartment,Unfurnished,1100,apartment-1696742
5172,,,1122,yes,30,600,room,Furnished,,room-1418659
5173,,,3987,no,15,600,room,Furnished,600,room-1696736
5174,,,3988,no,22,399,room,Unfurnished,,room-1696730
5175,,,3989,no,21,550,room,Uncarpeted,,room-1696727
5176,,,3336,no,15,425,room,Furnished,,room-1696725
5177,,,2491,no,35,750,apartment,Unfurnished,750,apartment-1696726
5178,,,3990,no,16,325,room,Unfurnished,,room-1696722
5179,,,3991,no,10,438,room,Furnished,,room-1696706
5180,,,3992,no,24,530,room,Unfurnished,,room-1696707
5181,,,3993,no,15,925,room,Furnished,0,room-1696711
5182,,,3663,no,65,1650,apartment,Furnished,1750,apartment-1696708
5183,,,1629,no,12,310,room,Uncarpeted,,room-1696701
5184,,,3994,no,16,375,room,Furnished,375,room-1696687
5185,,,2062,no,80,1100,apartment,Unfurnished,1500,apartment-1696699
5186,,,3995,no,16,375,room,Uncarpeted,,room-1696692
5187,,,3996,no,20,650,room,Furnished,,room-1696683
5188,,,3997,no,11,285,room,Unfurnished,285,room-1696678
5189,,,3998,no,21,595,room,Furnished,,room-1696675
5190,,,1476,no,10,475,room,Furnished,500,room-1696668
5191,,,3999,no,45,1050,apartment,Unfurnished,1100,apartment-1696667
5192,,,3999,no,88,1300,apartment,Unfurnished,1350,apartment-1696663
5193,,,4000,no,14,600,room,Furnished,,room-1696666
5194,,,4001,no,12,309,room,Unfurnished,0,room-1696662
5195,,,4002,no,100,1599,apartment,Furnished,1000,apartment-1696772
5196,,,4003,no,55,1450,apartment,Furnished,3600,apartment-1696769
5197,,,1083,no,25,420,room,Unfurnished,420,room-1696764
5198,,,4004,no,9,745,room,Furnished,1490,room-1696762
5199,,,4005,no,43,1250,apartment,Furnished,2500,apartment-1696760
5200,,,1115,no,14,500,room,Furnished,1000,room-1696743
5201,,,4006,no,25,514,room,Uncarpeted,399,room-1696738
5202,,,1794,no,24,340,room,Uncarpeted,,room-1696405
5203,,,4007,no,30,550,room,Furnished,550,room-1696729
5204,,,4008,no,12,345,room,Uncarpeted,245,room-1696721
5205,,,4009,no,45,900,apartment,Furnished,600,apartment-1696715
5206,,,3546,no,16,345,room,Unfurnished,345,room-1696694
5207,,,2109,no,31,675,room,Furnished,675,room-1696702
5208,,,4010,no,15,750,room,Furnished,750,room-1696673
5209,,,4011,no,15,700,room,Furnished,700,room-1696679
5210,,,2143,no,55,900,apartment,Furnished,1000,apartment-1696659
5211,,,4012,no,20,359,room,Unfurnished,,room-1696657
5212,,,2992,no,12,600,room,Furnished,,room-1696655
5213,,,1276,no,17,410,room,Unfurnished,475,room-1696660
5214,,,1113,no,15,365,room,Furnished,,room-1696651
5215,,,4013,no,13,405,room,Furnished,720,room-1696647
5216,,,4014,no,12,352,room,Unfurnished,,room-1696644
5217,,,3299,no,13,230,room,Unfurnished,,room-1696635
5218,,,4015,no,22,425,room,Unfurnished,425,room-1696630
5219,,,1001,no,50,545,room,Unfurnished,645,room-1696626
5220,,,3439,no,16,350,room,Furnished,,room-1696618
5221,,,4016,no,40,1500,apartment,Furnished,1500,apartment-1696607
5222,,,4017,no,21,430,room,Furnished,,room-1696621
5223,,,4018,no,14,290,room,Unfurnished,290,room-1696553
5224,,,2963,no,18,800,room,Furnished,800,room-1696619
5225,,,4019,no,12,730,room,Unfurnished,,room-1696610
5226,,,3058,no,10,650,room,Furnished,,room-1696614
5227,,,4020,no,17,950,room,Furnished,950,room-1696606
5228,,,1806,no,27,1650,studio,Furnished,1500,studio-1696605
5229,,,4021,no,16,420,room,Furnished,480,room-1696602
5230,,,3441,no,13,400,room,Unfurnished,,room-1696594
5231,,,4022,no,16,400,room,Furnished,400,room-1696584
5232,,,3334,no,25,600,room,Unfurnished,600,room-1696582
5233,,,4023,no,86,1050,apartment,Furnished,,apartment-1696576
5234,,,2474,no,28,655,apartment,Unfurnished,,apartment-1696574
5235,,,4024,no,21,400,room,Furnished,,room-1696654
5236,,,4025,no,35,845,apartment,Unfurnished,,apartment-1696573
5237,,,4026,no,14,300,room,Unfurnished,,room-1696569
5238,,,4027,no,30,950,studio,Furnished,1900,studio-1696559
5239,,,4028,yes,60,200,apartment,Furnished,100,apartment-1696555
5240,,,4029,no,18,475,room,Unfurnished,,room-1696546
5241,,,4030,no,8,450,room,Furnished,0,room-1696537
5242,,,4031,no,10,215,room,Unfurnished,,room-1696538
5243,,,3156,no,45,875,studio,Unfurnished,1800,studio-1696540
5244,,,4032,no,18,570,room,Furnished,570,room-1696536
5245,,,3507,no,12,550,room,Furnished,600,room-1696527
5246,,,4033,no,58,975,apartment,Uncarpeted,975,apartment-1696499
5247,,,4034,no,102,789,apartment,Furnished,,apartment-1696523
5248,,,4035,no,25,530,studio,Unfurnished,630,studio-1696521
5249,,,4036,no,45,725,apartment,Unfurnished,,apartment-1696507
5250,,,4036,no,45,709,apartment,Unfurnished,,apartment-1696506
5251,,,4037,no,44,550,apartment,Unfurnished,,apartment-1696504
5252,,,3466,no,40,945,apartment,Unfurnished,,apartment-1696503
5253,,,1922,no,16,482,studio,Unfurnished,,studio-1696502
5254,,,1836,no,37,700,studio,Unfurnished,,studio-1696501
5255,,,4038,no,60,750,apartment,Furnished,,apartment-1696494
5256,,,1622,no,81,1500,apartment,Unfurnished,1500,apartment-1696490
5257,,,2508,no,80,1800,apartment,Furnished,,apartment-1696493
5258,,,4039,no,14,290,room,Unfurnished,300,room-1696485
5259,,,4040,no,22,600,room,Furnished,1200,room-1696541
5260,,,3860,yes,77,500,room,Unfurnished,0,room-1696639
5261,,,4041,no,40,1200,apartment,Furnished,1200,apartment-1696617
5262,,,4042,yes,18,550,room,Uncarpeted,1,room-1696611
5263,,,4043,no,16,350,apartment,Unfurnished,350,apartment-1696609
5264,,,4044,no,8,370,room,Furnished,740,room-1696604
5265,,,4045,no,60,1500,apartment,Unfurnished,3000,apartment-1696522
5266,,,4046,no,24,320,studio,Unfurnished,0,studio-1696585
5267,,,3793,no,72,895,apartment,Unfurnished,1600,apartment-1696581
5268,,,4047,no,64,1150,apartment,Furnished,2300,apartment-1696575
5269,,,2393,no,20,700,room,Furnished,,room-1696565
5270,,,2078,no,75,1350,apartment,Furnished,1500,apartment-1696377
5271,,,4048,no,25,690,room,Furnished,690,room-1696556
5272,,,3836,no,18,384,room,Unfurnished,384,room-1696544
5273,,,4049,no,16,451,studio,Unfurnished,451,studio-1696533
5274,,,2909,no,50,825,apartment,Furnished,825,apartment-1696539
5275,,,1355,no,120,1000,apartment,Furnished,1000,apartment-1696487
5276,,,3510,no,9,550,room,Furnished,500,room-1696525
5277,,,4050,no,90,1500,apartment,Furnished,1500,apartment-1696529
5278,,,4051,no,120,2250,apartment,Furnished,,apartment-1696517
5279,,,4052,no,65,1600,apartment,Furnished,,apartment-1696514
5280,,,4053,no,18,445,room,,,room-1696510
5281,,,4054,no,80,1370,apartment,Furnished,,apartment-1696508
5282,,,4055,no,65,1550,apartment,Unfurnished,,apartment-1696500
5283,,,4056,no,60,875,apartment,Unfurnished,1750,apartment-1696495
5284,,,4057,no,20,550,room,Furnished,,room-1696481
5285,,,1425,no,18,800,room,Furnished,1600,room-1696478
5286,,,4058,no,10,450,room,Unfurnished,450,room-1696476
5287,,,4059,no,20,380,room,Uncarpeted,380,room-1696473
5288,,,4060,no,10,600,room,Furnished,100,room-1696469
5289,,,4061,no,8,425,room,Furnished,,room-1696457
5290,,,4062,no,18,390,room,Unfurnished,390,room-1696448
5291,,,4063,no,11,600,room,Furnished,600,room-1696449
5292,,,4064,no,37,800,room,Furnished,800,room-1696445
5293,,,4065,no,15,500,room,Furnished,,room-1696444
5294,,,4066,no,13,400,room,Unfurnished,400,room-1696433
5295,,,4067,no,12,750,room,Furnished,930,room-1696435
5296,,,1535,no,20,600,room,Furnished,,room-1696432
5297,,,1264,no,50,1100,apartment,Uncarpeted,,apartment-1696424
5298,,,4068,no,96,1600,apartment,Furnished,1600,apartment-1696407
5299,,,1649,no,20,550,room,Furnished,,room-1696416
5300,,,1904,no,65,1450,apartment,Furnished,1450,apartment-1696404
5301,,,3663,no,82,2000,apartment,Furnished,2500,apartment-1696397
5302,,,2143,no,70,800,apartment,Unfurnished,,apartment-1696385
5303,,,4069,no,14,500,room,Furnished,,room-1696389
5304,,,3173,no,25,500,room,Unfurnished,,room-1696395
5305,,,4070,no,43,1400,apartment,Furnished,2800,apartment-1696291
5306,,,4071,no,22,768,studio,Furnished,768,studio-1661321
5307,,,2549,no,24,475,room,Furnished,150,room-1696369
5308,,,4072,no,30,728,studio,Furnished,728,studio-1696366
5309,,,3181,no,15,600,room,Unfurnished,600,room-1696352
5310,,,1022,no,15,600,room,Furnished,,room-1696351
5311,,,1805,no,36,700,studio,Furnished,,studio-1696350
5312,,,2222,no,15,490,room,Uncarpeted,490,room-1696345
5313,,,2222,no,12,490,room,Uncarpeted,490,room-1696342
5314,,,4073,no,18,550,room,Furnished,,room-1696343
5315,,,4074,yes,18,630,studio,Furnished,630,studio-1696333
5316,,,3206,no,16,395,apartment,Unfurnished,,apartment-1693336
5317,,,4075,no,15,530,room,Furnished,,room-1697033
5318,,,4076,no,20,450,room,Unfurnished,450,room-1697038
5319,,,4077,no,19,385,room,Unfurnished,,room-1697032
5320,,,4078,no,17,575,room,Furnished,575,room-1696989
5321,,,4079,no,55,850,apartment,Unfurnished,1000,apartment-1696985
5322,,,4080,no,14,350,studio,Unfurnished,350,studio-1696975
5323,,,4081,no,20,600,room,Uncarpeted,250,room-1696977
5324,,,4082,no,15,500,room,Furnished,500,room-1696963
5325,,,4083,no,105,1700,apartment,Furnished,2000,apartment-1696927
5326,,,4084,no,20,460,room,Unfurnished,780,room-1696951
5327,,,4085,no,35,750,room,Furnished,375,room-1696954
5328,,,4086,no,15,400,room,Unfurnished,385,room-1696938
5329,,,4087,no,18,350,room,Furnished,,room-1696937
5330,,,4088,no,22,450,room,Unfurnished,,room-1696936
5331,,,4089,no,10,700,room,Uncarpeted,500,room-1696933
5332,,,4090,no,50,815,apartment,Unfurnished,,apartment-1696929
5333,,,4091,no,73,2100,apartment,Furnished,2000,apartment-1696908
5334,,,3884,yes,40,720,studio,Unfurnished,810,studio-1696912
5335,,,3884,yes,40,720,studio,Unfurnished,810,studio-1696909
5336,,,4092,no,73,1550,apartment,Uncarpeted,1550,apartment-1696903
5337,,,2105,no,62,1750,apartment,Furnished,3500,apartment-1696885
5338,,,2292,yes,45,569,apartment,Unfurnished,569,apartment-1696884
5339,,,2034,no,10,280,room,Furnished,,room-1696879
5340,,,2044,no,9,500,room,Furnished,500,room-1696868
5341,,,3288,no,20,850,room,Furnished,850,room-1696864
5342,,,4093,no,16,600,room,Furnished,1500,room-1696859
5343,,,4094,no,22,800,studio,Furnished,500,studio-1696848
5344,,,1946,no,20,395,room,Uncarpeted,0,room-1696851
5345,,,1294,no,110,1500,apartment,Unfurnished,3000,apartment-1696833
5346,,,3359,no,43,995,studio,Uncarpeted,,studio-1696830
5347,,,3520,no,18,600,room,Furnished,200,room-1696826
5348,,,4095,no,20,375,room,Unfurnished,375,room-1696821
5349,,,1051,no,20,795,room,Furnished,795,room-1696813
5350,,,1560,no,70,1450,apartment,Furnished,,apartment-1696816
5351,,,1277,no,49,805,apartment,,,apartment-1696815
5352,,,1051,no,75,1375,apartment,Furnished,1375,apartment-1696797
5353,,,4096,no,76,850,apartment,Unfurnished,,apartment-1696799
5354,,,4097,no,76,1500,apartment,Uncarpeted,1500,apartment-1695667
5355,,,4098,no,23,690,room,Furnished,1000,room-1696790
5356,,,3007,no,20,575,room,Furnished,,room-1696786
5357,,,4099,no,10,475,room,Furnished,,room-1696785
5358,,,4100,no,12,525,room,Unfurnished,,room-1696780
5359,,,4101,no,49,1400,apartment,Furnished,300,apartment-1696778
5360,,,4102,no,30,500,room,Furnished,470,room-1696818
5361,,,3037,no,12,930,room,Unfurnished,,room-1696819
5362,,,4103,no,14,500,room,Furnished,,room-1696684
5363,,,1416,no,40,900,room,Furnished,900,room-1696817
5364,,,4104,no,55,1550,apartment,Unfurnished,,apartment-1696809
5365,,,1061,no,66,1675,apartment,Furnished,,apartment-1696806
5366,,,2686,no,64,1795,apartment,Furnished,,apartment-1696805
5367,,,4105,no,90,2100,apartment,Unfurnished,,apartment-1696804
5368,,,3908,no,75,1850,apartment,Unfurnished,,apartment-1696803
5369,,,4106,no,104,1100,apartment,Uncarpeted,,apartment-1696800
5370,,,4107,no,25,600,room,Furnished,,room-1695529
5371,,,4107,no,30,625,room,Furnished,,room-1695530
5372,,,4107,no,60,1000,studio,Furnished,,studio-1695531
5373,,,1416,no,40,900,room,Furnished,900,room-1696796
5374,,,3140,no,12,450,room,Unfurnished,,room-1696789
5375,,,4108,no,12,650,room,Furnished,750,room-1696777
5376,,,3264,no,12,350,room,Uncarpeted,500,room-1696761
5377,,,1361,no,16,470,room,Unfurnished,570,room-1696753
5378,,,4109,no,45,1490,apartment,Furnished,1500,apartment-1696750
5379,,,4110,no,17,355,room,Furnished,,room-1696747
5380,,,3469,no,11,385,room,Unfurnished,,room-1696745
5381,,,4111,no,100,1300,apartment,Furnished,300,apartment-1697209
5382,,,3099,no,12,440,room,Furnished,420,room-1697210
5383,,,2064,no,20,295,room,Unfurnished,310,room-1697208
5384,,,4112,no,34,400,room,Furnished,50,room-1697200
5385,,,4113,no,15,650,room,Uncarpeted,550,room-1697190
5386,,,4114,no,13,365,room,Uncarpeted,,room-1697256
5387,,,3849,no,18,450,studio,Unfurnished,450,studio-1697178
5388,,,4115,no,10,675,room,Furnished,,room-1697100
5389,,,4116,no,17,300,room,Uncarpeted,,room-1697254
5390,,,3020,no,14,500,room,Furnished,500,room-1697170
5391,,,3444,no,55,1025,apartment,Unfurnished,1025,apartment-1697172
5392,,,4015,no,22,425,room,Unfurnished,425,room-1697166
5393,,,1775,no,18,495,room,Unfurnished,,room-1697165
5394,,,2650,no,26,545,room,Unfurnished,,room-1697164
5395,,,4117,no,16,590,room,Furnished,250,room-1697154
5396,,,4118,no,12,540,room,Furnished,50,room-1697145
5397,,,2849,no,16,290,room,Unfurnished,,room-1697147
5398,,,4119,no,12,780,room,Furnished,1000,room-1697134
5399,,,4120,no,15,450,room,Uncarpeted,,room-1697138
5400,,,4121,no,70,1650,apartment,Furnished,,apartment-1697129
5401,,,4122,no,60,845,apartment,Unfurnished,,apartment-1697127
5402,,,4123,no,60,835,apartment,Unfurnished,,apartment-1697126
5403,,,4124,no,55,825,apartment,Unfurnished,,apartment-1697125
5404,,,4125,no,110,1150,apartment,Unfurnished,,apartment-1697124
5405,,,4126,no,16,400,room,Unfurnished,400,room-1696992
5406,,,1073,no,53,1300,apartment,Furnished,1000,apartment-1697112
5407,,,4127,no,18,430,room,Unfurnished,750,room-1697109
5408,,,4128,no,12,377,room,Furnished,0,room-1697104
5409,,,1522,no,16,350,room,Unfurnished,350,room-1697108
5410,,,3419,no,72,950,apartment,Furnished,0,apartment-1696528
5411,,,2189,no,25,665,apartment,Unfurnished,,apartment-1697091
5412,,,4129,no,50,825,apartment,Furnished,,apartment-1697089
5413,,,4130,no,140,1395,apartment,Unfurnished,,apartment-1697087
5414,,,4131,no,28,850,studio,Furnished,,studio-1697086
5415,,,4132,no,55,1350,apartment,Furnished,,apartment-1697085
5416,,,3395,no,75,719,apartment,Unfurnished,,apartment-1697066
5417,,,2586,no,35,525,apartment,Unfurnished,,apartment-1697065
5418,,,4133,no,26,540,studio,Unfurnished,,studio-1697064
5419,,,4133,no,24,540,studio,Unfurnished,,studio-1697063
5420,,,4134,no,18,395,room,Unfurnished,,room-1697044
5421,,,4135,no,10,265,room,Unfurnished,,room-1697043
5422,,,4136,no,22,405,room,Uncarpeted,,room-1697042
5423,,,4137,no,25,800,studio,Unfurnished,1600,studio-1696677
5424,,,1741,no,30,1150,studio,Furnished,,studio-1697025
5425,,,4138,no,55,1950,apartment,Furnished,,apartment-1697024
5426,,,1969,no,15,398,room,Furnished,350,room-1697022
5427,,,3083,no,14,328,room,Unfurnished,492,room-1697019
5428,,,4139,no,80,1500,apartment,Furnished,1500,apartment-1697016
5429,,,2422,no,12,286,room,Uncarpeted,,room-1697012
5430,,,4140,no,20,700,studio,Furnished,700,studio-1697009
5431,,,4140,no,21,700,studio,Furnished,700,studio-1697005
5432,,,4141,no,25,480,room,Furnished,480,room-1696991
5433,,,1423,no,18,490,room,Furnished,,room-1696990
5434,,,4141,no,20,480,room,Furnished,480,room-1696986
5435,,,1759,no,13,270,room,Uncarpeted,,room-1696982
5436,,,4142,no,16,550,room,Furnished,,room-1696978
5437,,,2789,no,16,390,room,Furnished,390,room-1696955
5438,,,3148,no,9,475,room,Furnished,,room-1696959
5439,,,2779,no,15,780,room,Furnished,,room-1696956
5440,,,4143,no,16,365,room,Unfurnished,275,room-1696613
5441,,,3507,no,20,400,room,Furnished,650,room-1696953
5442,,,4144,no,12,335,room,Unfurnished,305,room-1696949
5443,,,1533,no,30,999,apartment,Furnished,1200,apartment-1696947
5444,,,4145,no,18,370,room,Unfurnished,400,room-1697233
5445,,,4146,no,17,400,room,Unfurnished,,room-1696934
5446,,,4147,no,17,430,room,Unfurnished,430,room-1696931
5447,,,2851,no,25,750,room,Furnished,,room-1696928
5448,,,4148,no,7,375,room,Uncarpeted,385,room-1696910
5449,,,2294,no,17,410,room,Furnished,800,room-1696867
5450,,,3226,no,10,295,room,Unfurnished,590,room-1696915
5451,,,4149,no,25,550,room,Unfurnished,,room-1696911
5452,,,1081,no,18,575,room,Unfurnished,,room-1696906
5453,,,1333,no,35,750,studio,Unfurnished,,studio-1696904
5454,,,2313,no,65,650,apartment,Furnished,500,apartment-1694725
5455,,,3457,no,14,750,room,Unfurnished,750,room-1696905
5456,,,4150,no,42,750,studio,Unfurnished,,studio-1696896
5457,,,4151,no,16,795,room,Unfurnished,,room-1696898
5458,,,1333,no,55,1125,apartment,Unfurnished,,apartment-1696835
5459,,,4152,no,25,300,room,Furnished,150,room-1696877
5460,,,4153,no,15,450,room,Unfurnished,450,room-1696874
5461,,,4154,no,10,450,room,Furnished,0,room-1696872
5462,,,1072,no,18,355,room,Uncarpeted,355,room-1696869
5463,,,3561,no,15,490,room,Furnished,150,room-1696870
5464,,,1337,yes,25,685,studio,Unfurnished,685,studio-1696841
5465,,,4155,no,19,460,room,Furnished,,room-1696840
5466,,,4156,no,90,1975,apartment,Furnished,,apartment-1696858
5467,,,4157,no,85,1500,apartment,Furnished,,apartment-1696857
5468,,,4158,no,60,1495,apartment,Furnished,,apartment-1696856
5469,,,4159,no,103,1400,apartment,Furnished,,apartment-1696855
5470,,,4160,no,10,308,room,Unfurnished,308,room-1697226
5471,,,4161,no,13,335,room,Unfurnished,335,room-1697213
5472,,,1903,no,12,525,apartment,Unfurnished,,apartment-1697205
5473,,,2817,no,14,600,room,Furnished,,room-1696839
5474,,,3849,no,18,450,studio,Unfurnished,450,studio-1696838
5475,,,4162,no,12,385,room,Unfurnished,,room-1696836
5476,,,1653,no,20,400,room,Furnished,400,room-1696825
5477,,,4150,no,30,800,studio,Unfurnished,,studio-1696824
5478,,,3629,no,12,325,room,Unfurnished,325,room-1697194
5479,,,3640,no,10,550,room,Unfurnished,1100,room-1697192
5480,,,4163,no,51,1000,apartment,Unfurnished,1000,apartment-1697188
5481,,,4164,no,23,500,room,Furnished,500,room-1697185
5482,,,2386,no,18,675,apartment,Furnished,500,apartment-1697187
5483,,,4164,no,23,500,room,Furnished,500,room-1697183
5484,,,4165,no,68,1075,apartment,Unfurnished,1078,apartment-1697182
5485,,,4166,no,85,1350,apartment,Furnished,1350,apartment-1697174
5486,,,4167,no,16,625,room,Furnished,625,room-1697167
5487,,,1205,no,20,790,room,Unfurnished,900,room-1697168
5488,,,4168,no,22,495,room,Unfurnished,495,room-1696751
5489,,,4135,no,34,775,apartment,Unfurnished,775,apartment-1697160
5490,,,4169,no,16,330,room,Unfurnished,,room-1697136
5491,,,4108,no,12,690,room,Furnished,750,room-1697151
5492,,,1939,no,90,950,apartment,Unfurnished,950,apartment-1697142
5493,,,1112,no,16,380,room,Unfurnished,380,room-1697137
5494,,,3987,no,90,1495,apartment,Furnished,,apartment-1697128
5495,,,4170,no,80,2100,apartment,Furnished,,apartment-1697088
5496,,,4171,no,85,1450,apartment,Furnished,,apartment-1697067
5497,,,3427,no,15,375,room,Uncarpeted,,room-1697059
5498,,,2464,no,18,356,room,Uncarpeted,,room-1697058
5499,,,1157,no,22,410,room,Uncarpeted,,room-1697057
5500,,,4172,no,16,335,room,Uncarpeted,,room-1697056
5501,,,1156,no,30,630,apartment,Uncarpeted,,apartment-1697055
5502,,,4173,no,10,500,room,Furnished,500,room-1697049
5503,,,4174,no,22,875,studio,Furnished,875,studio-1697045
5504,,,4175,no,18,750,room,Furnished,750,room-1697447
5505,,,4176,yes,24,675,apartment,Unfurnished,,apartment-1697437
5506,,,1629,no,11,310,room,Unfurnished,,room-1697435
5507,,,4177,no,40,855,apartment,Furnished,600,apartment-1697418
5508,,,2554,no,12,367,room,Unfurnished,,room-1697414
5509,,,4178,no,18,495,room,Unfurnished,495,room-1697410
5510,,,3058,no,10,650,room,Furnished,,room-1697406
5511,,,2963,no,18,800,room,Furnished,800,room-1697404
5512,,,1058,no,17,365,room,Unfurnished,425,room-1697401
5513,,,4179,no,16,450,room,Uncarpeted,450,room-1697400
5514,,,4180,no,9,725,room,Unfurnished,,room-1697397
5515,,,2156,no,8,300,room,Unfurnished,,room-1697393
5516,,,4181,no,13,345,room,Unfurnished,,room-1697390
5517,,,3703,no,11,450,room,Furnished,,room-1697388
5518,,,1092,no,120,1850,apartment,Furnished,,apartment-1697389
5519,,,2269,no,12,280,room,Unfurnished,,room-1697385
5520,,,4182,no,10,350,room,Furnished,300,room-1697377
5521,,,2553,no,18,569,room,Unfurnished,415,room-1696672
5522,,,4183,no,14,465,room,Unfurnished,365,room-1697375
5523,,,1918,no,18,400,room,Furnished,,room-1697374
5524,,,2818,no,15,330,room,Uncarpeted,,room-1697372
5525,,,1759,no,14,280,room,Uncarpeted,,room-1697357
5526,,,1629,no,11,310,room,Unfurnished,310,room-1697353
5527,,,4184,no,23,365,room,Uncarpeted,365,room-1697323
5528,,,4185,no,14,400,room,Furnished,400,room-1697349
5529,,,3864,no,20,750,room,Furnished,750,room-1697345
5530,,,3058,no,10,650,room,Furnished,,room-1697342
5531,,,2963,no,18,800,room,Furnished,800,room-1697340
5532,,,4186,no,17,650,room,Uncarpeted,400,room-1697333
5533,,,4187,no,75,1150,apartment,Unfurnished,,apartment-1697304
5534,,,4188,no,15,600,room,Uncarpeted,600,room-1697471
5535,,,4189,no,30,590,room,Unfurnished,590,room-1697327
5536,,,1256,no,20,780,room,Furnished,450,room-1697321
5537,,,1069,no,14,330,room,Furnished,,room-1697314
5538,,,4190,no,13,335,room,Furnished,,room-1697302
5539,,,4191,no,29,600,room,Furnished,900,room-1696913
5540,,,4192,no,27,425,room,Unfurnished,425,room-1697301
5541,,,4193,no,72,1495,apartment,Unfurnished,,apartment-1697305
5542,,,4194,no,10,470,room,Furnished,470,room-1697297
5543,,,1174,no,18,800,room,Furnished,,room-1697295
5544,,,1613,no,16,350,room,Unfurnished,350,room-1697287
5545,,,1928,no,16,700,room,Furnished,,room-1697282
5546,,,4195,no,65,1076,apartment,Unfurnished,,apartment-1697280
5547,,,4196,no,16,499,room,Furnished,550,room-1697467
5548,,,3610,no,100,750,room,Furnished,,room-1697274
5549,,,3610,no,70,650,room,Furnished,,room-1697273
5550,,,4196,no,9,399,room,Furnished,399,room-1697460
5551,,,4197,no,23,435,room,Furnished,,room-1697448
5552,,,4198,no,13,270,room,Uncarpeted,270,room-1697442
5553,,,4199,no,12,390,room,Unfurnished,,room-1697445
5554,,,1838,no,12,600,room,Furnished,600,room-1697441
5555,,,4200,no,15,389,room,Unfurnished,,room-1697436
5556,,,1083,yes,35,720,studio,Furnished,,studio-1697429
5557,,,4201,no,12,380,room,Uncarpeted,,room-1697421
5558,,,1664,no,40,730,room,Uncarpeted,750,room-1697422
5559,,,3645,no,10,700,room,Uncarpeted,,room-1697420
5560,,,2983,no,18,395,room,Unfurnished,,room-1697416
5561,,,4087,no,16,320,room,Uncarpeted,,room-1697411
5562,,,4202,no,40,585,room,Uncarpeted,620,room-1697402
5563,,,4203,no,80,1500,apartment,Furnished,1500,apartment-1697394
5564,,,4204,no,26,435,room,Furnished,150,room-1697384
5565,,,4205,no,11,520,room,Furnished,520,room-1697386
5566,,,4206,no,29,495,room,Unfurnished,495,room-1697360
5567,,,4207,no,10,300,room,Furnished,100,room-1697381
5568,,,4208,no,23,595,room,Furnished,595,room-1697371
5569,,,4208,no,13,495,room,Furnished,495,room-1697370
5570,,,4209,no,20,550,room,Furnished,800,room-1697350
5571,,,4210,no,18,430,room,Uncarpeted,365,room-1697361
5572,,,4211,no,12,600,room,Furnished,,room-1697364
5573,,,4212,no,70,1490,apartment,Furnished,750,apartment-1697363
5574,,,4213,no,20,500,room,Unfurnished,,room-1697351
5575,,,4214,no,35,750,apartment,Unfurnished,750,apartment-1697348
5576,,,3188,no,16,325,room,Uncarpeted,,room-1697338
5577,,,4215,yes,30,700,apartment,Unfurnished,700,apartment-1697343
5578,,,1748,no,35,635,apartment,Furnished,1000,apartment-1697339
5579,,,4216,no,17,375,room,Unfurnished,325,room-1697332
5580,,,4217,no,20,535,room,Unfurnished,535,room-1697291
5581,,,4218,no,8,410,room,Unfurnished,,room-1697289
5582,,,1888,no,12,510,room,Furnished,510,room-1697285
5583,,,1675,no,16,396,room,Uncarpeted,,room-1697279
5584,,,1064,no,20,495,apartment,Uncarpeted,,apartment-1697278
5585,,,3564,no,20,407,room,Uncarpeted,,room-1697277
5586,,,4219,no,120,2750,apartment,Furnished,5000,apartment-1697271
5587,,,4220,no,16,550,room,Unfurnished,550,room-1697268
5588,,,1261,no,15,600,room,Furnished,,room-1697270
5589,,,3636,no,26,1200,apartment,Furnished,500,apartment-1697265
5590,,,2585,no,22,550,room,Furnished,0,room-1697257
5591,,,1868,no,11,900,room,Furnished,,room-1697264
5592,,,1868,no,11,900,room,Furnished,,room-1697263
5593,,,2496,no,19,700,room,Furnished,,room-1697262
5594,,,2496,no,19,700,room,Furnished,,room-1697261
5595,,,1913,no,35,730,studio,Furnished,,studio-1697252
5596,,,4221,no,10,390,room,Unfurnished,390,room-1697231
5597,,,4222,no,10,450,room,Uncarpeted,900,room-1697179
5598,,,2828,no,16,775,room,Furnished,1550,room-1697212
5599,,,4223,no,9,860,room,Furnished,880,room-1697130
5600,,,3578,no,6,250,room,Furnished,0,room-1697755
5601,,,4224,no,35,780,studio,Unfurnished,780,studio-1697752
5602,,,4225,no,23,595,room,Furnished,1090,room-1697748
5603,,,4226,no,12,450,room,Furnished,450,room-1697731
5604,,,4227,no,28,795,apartment,Unfurnished,795,apartment-1697728
5605,,,2501,no,12,295,room,Unfurnished,,room-1697723
5606,,,4228,no,14,330,room,Uncarpeted,,room-1697722
5607,,,4229,no,11,600,room,Uncarpeted,600,room-1697706
5608,,,4230,yes,22,600,studio,Unfurnished,,studio-1697717
5609,,,1239,no,15,351,room,Uncarpeted,351,room-1697714
5610,,,4231,no,35,750,studio,Unfurnished,,studio-1697715
5611,,,4232,yes,34,400,studio,Furnished,0,studio-1697700
5612,,,4233,no,58,1200,apartment,Unfurnished,1500,apartment-1697721
5613,,,2542,no,17,380,room,Unfurnished,380,room-1697699
5614,,,4234,no,18,335,room,Uncarpeted,,room-1697698
5615,,,4235,no,15,650,room,Furnished,650,room-1697696
5616,,,4234,no,22,385,room,Uncarpeted,,room-1697691
5617,,,3042,no,11,700,room,Furnished,700,room-1697688
5618,,,4236,yes,54,710,apartment,Furnished,605,apartment-1697669
5619,,,4237,no,14,350,room,Unfurnished,,room-1697685
5620,,,4238,no,16,310,room,Furnished,,room-1697683
5621,,,2549,no,21,425,room,Unfurnished,,room-1697684
5622,,,4239,no,16,335,room,Unfurnished,,room-1697681
5623,,,4240,no,12,680,room,Furnished,,room-1697672
5624,,,4241,no,12,500,room,Furnished,,room-1697676
5625,,,4242,no,58,995,apartment,Uncarpeted,995,apartment-1697668
5626,,,4243,no,45,1200,apartment,Furnished,,apartment-1697652
5627,,,3054,no,52,950,apartment,Unfurnished,1000,apartment-1697654
5628,,,4244,no,22,306,room,Uncarpeted,,room-1697650
5629,,,3054,no,52,950,apartment,Unfurnished,1000,apartment-1697651
5630,,,3054,no,52,940,apartment,Unfurnished,1000,apartment-1697645
5631,,,3895,no,13,267,room,Uncarpeted,,room-1697644
5632,,,1890,no,9,525,room,Furnished,,room-1697649
5633,,,4245,no,30,525,room,Uncarpeted,1050,room-1697642
5634,,,2146,no,29,375,room,Unfurnished,375,room-1697640
5635,,,3054,no,52,960,apartment,Unfurnished,1000,apartment-1697639
5636,,,4237,no,17,370,room,Unfurnished,,room-1697631
5637,,,4246,no,27,1050,room,Furnished,950,room-1697628
5638,,,4247,yes,25,600,studio,Unfurnished,400,studio-1697713
5639,,,4248,no,10,300,room,Furnished,250,room-1697686
5640,,,4249,no,35,275,room,Furnished,0,room-1697687
5641,,,4250,no,22,405,room,Unfurnished,405,room-1697682
5642,,,4251,no,17,750,room,Unfurnished,750,room-1697667
5643,,,4252,no,74,950,room,Furnished,1000,room-1697653
5644,,,4253,no,12,650,room,Furnished,300,room-1697660
5645,,,4254,no,55,1200,apartment,Furnished,500,apartment-1697572
5646,,,4255,no,15,575,room,Furnished,700,room-1697661
5647,,,4256,no,60,1250,apartment,Furnished,1200,apartment-1697657
5648,,,4257,no,15,500,room,Unfurnished,500,room-1697646
5649,,,4258,no,16,380,room,Furnished,,room-1697643
5650,,,4259,no,100,1250,apartment,Furnished,750,apartment-1697632
5651,,,4260,no,12,750,room,Furnished,,room-1697629
5652,,,4261,yes,23,720,studio,Unfurnished,720,studio-1697627
5653,,,4262,no,60,1105,apartment,Unfurnished,,apartment-1697626
5654,,,4263,no,78,1300,apartment,Unfurnished,1300,apartment-1697622
5655,,,3054,no,56,980,apartment,Unfurnished,1000,apartment-1697619
5656,,,4264,no,12,435,room,Unfurnished,435,room-1697617
5657,,,4265,no,27,800,room,Unfurnished,1600,room-1697625
5658,,,4266,no,66,1175,apartment,Furnished,500,apartment-1697606
5659,,,4058,no,10,450,room,Uncarpeted,450,room-1697607
5660,,,4267,no,49,900,apartment,Furnished,,apartment-1697601
5661,,,1083,no,16,380,room,Unfurnished,,room-1697595
5662,,,2817,no,14,600,room,Furnished,,room-1697593
5663,,,4268,yes,23,575,studio,Furnished,500,studio-1696413
5664,,,2013,no,10,350,room,Furnished,300,room-1696690
5665,,,1834,no,23,350,room,Unfurnished,,room-1697584
5666,,,4269,no,19,425,room,Furnished,425,room-1697577
5667,,,3992,no,28,375,room,Uncarpeted,375,room-1697621
5668,,,2510,no,13,650,room,Furnished,300,room-1697618
5669,,,1891,no,25,525,room,Furnished,525,room-1697616
5670,,,2510,no,13,650,room,Furnished,300,room-1697613
5671,,,4270,no,20,650,room,Furnished,650,room-1697602
5672,,,4271,no,100,1400,apartment,Unfurnished,1400,apartment-1697600
5673,,,1395,no,13,800,room,Furnished,800,room-1697590
5674,,,2673,no,16,410,room,Furnished,410,room-1697588
5675,,,1180,no,10,430,room,Unfurnished,430,room-1697580
5676,,,4272,yes,16,600,studio,Furnished,,studio-1697567
5677,,,2544,no,7,320,room,Furnished,380,room-1697558
5678,,,4273,no,44,700,room,Furnished,600,room-1697563
5679,,,2544,no,10,370,room,Furnished,430,room-1697559
5680,,,4274,no,61,1050,apartment,Unfurnished,1525,apartment-1697552
5681,,,4059,no,62,915,apartment,Unfurnished,1830,apartment-1697557
5682,,,4275,no,7,450,room,Furnished,450,room-1697545
5683,,,4276,no,60,745,apartment,Unfurnished,745,apartment-1697539
5684,,,4277,no,28,400,room,Uncarpeted,400,room-1697540
5685,,,3384,yes,23,650,studio,Furnished,720,studio-1697541
5686,,,4277,no,20,350,room,Uncarpeted,350,room-1697537
5687,,,3384,yes,21,650,studio,Furnished,720,studio-1697528
5688,,,4203,no,20,535,room,Unfurnished,535,room-1697506
5689,,,4278,no,27,735,studio,Unfurnished,,studio-1697523
5690,,,1814,no,70,1200,apartment,Furnished,1500,apartment-1697533
5691,,,2934,no,16,435,room,Furnished,,room-1697502
5692,,,4279,no,25,490,room,Furnished,450,room-1697555
5693,,,4280,no,24,475,room,Unfurnished,475,room-1697546
5694,,,4280,no,17,380,room,Uncarpeted,330,room-1697556
5695,,,3022,no,15,475,room,Furnished,,room-1697547
5696,,,4281,yes,35,700,studio,Unfurnished,700,studio-1697534
5697,,,4282,yes,33,670,studio,Unfurnished,670,studio-1697524
5698,,,4280,no,15,340,room,Uncarpeted,290,room-1697553
5699,,,4283,no,12,350,room,Unfurnished,350,room-1697522
5700,,,4284,no,70,1120,apartment,Unfurnished,1120,apartment-1697521
5701,,,4285,no,9,470,room,Furnished,470,room-1697495
5702,,,4286,no,70,1285,apartment,,,apartment-1697501
5703,,,1362,no,60,1300,apartment,Furnished,,apartment-1697516
5704,,,2035,no,10,440,room,Furnished,,room-1697513
5705,,,2208,no,31,799,room,Furnished,,room-1697490
5706,,,3013,yes,18,385,room,Unfurnished,,room-1697486
5707,,,1351,no,15,600,room,Unfurnished,,room-1697484
5708,,,2972,no,16,340,room,Unfurnished,,room-1697536
5709,,,4287,no,11,355,room,Unfurnished,355,room-1697535
5710,,,2972,no,11,295,room,Unfurnished,,room-1697529
5711,,,3228,no,55,1195,apartment,Unfurnished,2390,apartment-1697515
5712,,,1798,no,45,860,apartment,Unfurnished,1250,apartment-1697413
5713,,,4154,no,11,270,room,Furnished,270,room-1696979
5714,,,2784,no,16,900,room,Furnished,,room-1697504
5715,,,4288,no,19,385,room,Uncarpeted,,room-1697499
5716,,,4289,no,16,290,room,Uncarpeted,,room-1697498
5717,,,4290,no,103,2500,apartment,Furnished,2500,apartment-1697480
5718,,,4291,no,18,700,room,Furnished,700,room-1697470
5719,,,4292,no,80,1840,apartment,Furnished,1840,apartment-1697459
5720,,,4293,no,22,600,room,Furnished,200,room-1697466
5721,,,4293,no,20,600,room,Furnished,,room-1697465
5722,,,4294,no,71,1200,apartment,Furnished,1200,apartment-1697452
5723,,,4295,no,14,300,room,Uncarpeted,,room-1697462
5724,,,4293,no,20,600,room,Furnished,,room-1697464
5725,,,4296,no,20,615,room,Furnished,,room-1697461
5726,,,1032,no,70,1000,apartment,Furnished,,apartment-1697463
5727,,,4296,no,11,540,room,Furnished,,room-1697458
5728,,,4089,no,10,700,apartment,Uncarpeted,500,apartment-1696933
5729,,,4103,no,14,500,room,Furnished,,room-1696479
5730,,,1006,no,17,865,room,Furnished,865,room-1697863
5731,,,1006,no,17,857,room,Furnished,857,room-1697861
5732,,,4297,no,16,1125,room,Furnished,1125,room-1697716
5733,,,4298,no,12,850,room,Furnished,,room-1698005
5734,,,4299,no,11,313,room,Furnished,313,room-1697979
5735,,,4300,no,12,400,room,Furnished,,room-1697966
5736,,,4301,yes,24,550,studio,Furnished,400,studio-1697963
5737,,,4302,no,11,385,room,Uncarpeted,,room-1679537
5738,,,4303,no,14,420,room,Unfurnished,300,room-1697946
5739,,,4304,no,15,750,room,Uncarpeted,600,room-1697949
5740,,,4305,no,24,585,studio,Unfurnished,,studio-1697899
5741,,,4306,no,25,510,room,Furnished,300,room-1697948
5742,,,2404,no,10,800,room,Furnished,,room-1697944
5743,,,4307,no,19,545,room,Unfurnished,,room-1697938
5744,,,1423,no,18,860,apartment,Furnished,863,apartment-1697937
5745,,,4308,no,15,850,room,Unfurnished,1450,room-1697932
5746,,,1383,no,16,915,room,Furnished,915,room-1697935
5747,,,4309,no,15,425,room,Unfurnished,,room-1697936
5748,,,4310,no,75,895,apartment,Unfurnished,895,apartment-1697921
5749,,,4311,no,10,475,room,Uncarpeted,500,room-1697931
5750,,,4312,no,40,800,room,Furnished,800,room-1697922
5751,,,4313,no,25,325,room,Uncarpeted,325,room-1697916
5752,,,2404,no,14,850,room,Furnished,850,room-1697945
5753,,,1685,no,20,260,room,Uncarpeted,,room-1697943
5754,,,4314,no,15,850,room,Furnished,500,room-1697941
5755,,,4174,no,12,550,room,Furnished,550,room-1697942
5756,,,4315,no,16,550,room,Furnished,,room-1697939
5757,,,4316,no,11,500,room,Furnished,500,room-1697929
5758,,,4317,no,10,394,room,Furnished,600,room-1697924
5759,,,4318,no,16,1850,apartment,Unfurnished,1850,apartment-1697928
5760,,,4319,no,21,487,room,Unfurnished,487,room-1697918
5761,,,4320,no,40,610,apartment,Furnished,400,apartment-1697911
5762,,,2268,no,20,300,room,Uncarpeted,0,room-1697912
5763,,,4321,no,12,650,room,Unfurnished,750,room-1697896
5764,,,4322,no,20,425,room,Unfurnished,425,room-1697895
5765,,,4323,no,25,475,room,Unfurnished,,room-1697904
5766,,,1330,no,16,410,room,Unfurnished,,room-1697901
5767,,,4324,yes,30,500,apartment,Unfurnished,850,apartment-1697891
5768,,,3468,no,55,850,apartment,Furnished,850,apartment-1697879
5769,,,3516,no,16,322,room,Unfurnished,322,room-1697871
5770,,,1669,no,8,700,room,Unfurnished,,room-1697874
5771,,,4325,no,12,485,room,Furnished,485,room-1697873
5772,,,4326,no,10,350,room,Furnished,350,room-1697870
5773,,,4327,no,22,325,room,Unfurnished,,room-1697869
5774,,,2138,no,36,870,apartment,Furnished,1500,apartment-1697741
5775,,,4328,no,18,358,room,Unfurnished,,room-1696330
5776,,,4329,no,10,500,room,Furnished,,room-1697865
5777,,,1436,no,16,795,room,Uncarpeted,1200,room-1697858
5778,,,4330,no,80,980,apartment,Uncarpeted,1960,apartment-1697832
5779,,,4331,no,23,443,room,Unfurnished,443,room-1697853
5780,,,4332,no,85,1600,apartment,Furnished,,apartment-1697897
5781,,,4333,no,139,4000,apartment,Furnished,,apartment-1697846
5782,,,4333,no,200,5000,apartment,Unfurnished,,apartment-1697845
5783,,,4334,no,66,1650,apartment,Furnished,,apartment-1697885
5784,,,4044,no,8,350,room,Furnished,640,room-1697876
5785,,,4335,no,8,195,room,Unfurnished,,room-1697860
5786,,,4336,no,12,420,room,Furnished,420,room-1697856
5787,,,4337,no,80,1150,apartment,Unfurnished,,apartment-1697841
5788,,,2229,no,17,350,room,Uncarpeted,80,room-1697834
5789,,,4338,no,11,750,room,Furnished,1000,room-1697833
5790,,,4339,no,14,535,room,Uncarpeted,435,room-1697826
5791,,,2422,no,12,286,room,Uncarpeted,,room-1697822
5792,,,1630,no,11,730,room,Furnished,,room-1697821
5793,,,1020,no,16,285,room,Uncarpeted,,room-1697819
5794,,,4340,no,14,800,room,Furnished,350,room-1697811
5795,,,4341,no,21,700,room,Unfurnished,700,room-1697810
5796,,,4341,no,7,500,room,Unfurnished,500,room-1697801
5797,,,2655,no,10,190,room,Unfurnished,370,room-1697806
5798,,,4342,no,20,400,room,Furnished,450,room-1697829
5799,,,4343,no,22,485,studio,Unfurnished,,studio-1697789
5800,,,4344,no,65,670,apartment,Unfurnished,,apartment-1697788
5801,,,2083,no,10,495,room,Furnished,565,room-1697827
5802,,,4345,no,9,850,room,Unfurnished,850,room-1697774
5803,,,1834,no,17,505,room,Furnished,505,room-1697757
5804,,,1861,no,82,1100,room,Furnished,2200,room-1697288
5805,,,4346,no,11,485,room,Furnished,485,room-1697817
5806,,,4347,no,25,530,room,Unfurnished,,room-1697814
5807,,,4348,no,70,1125,apartment,Uncarpeted,1125,apartment-1697813
5808,,,4349,no,40,1200,apartment,Furnished,1200,apartment-1697815
5809,,,4350,no,16,600,room,Unfurnished,600,room-1697808
5810,,,3079,no,115,1425,apartment,Unfurnished,,apartment-1697791
5811,,,4054,no,87,1250,apartment,Furnished,,apartment-1697790
5812,,,1675,no,18,422,room,Uncarpeted,,room-1697785
5813,,,3422,no,28,415,apartment,Uncarpeted,,apartment-1697784
5814,,,2397,no,19,354,room,Uncarpeted,,room-1697783
5815,,,1159,no,20,425,room,Uncarpeted,,room-1697782
5816,,,4351,no,17,335,room,Uncarpeted,,room-1697781
5817,,,4352,no,100,1350,apartment,Uncarpeted,,apartment-1697780
5818,,,3241,no,28,450,apartment,Uncarpeted,,apartment-1697779
5819,,,4353,no,24,575,apartment,Uncarpeted,,apartment-1697777
5820,,,4064,no,16,375,room,Uncarpeted,375,room-1697776
5821,,,4354,no,11,700,room,Furnished,,room-1697775
5822,,,4355,no,16,560,room,Furnished,560,room-1697771
5823,,,4356,no,25,749,studio,Unfurnished,,studio-1697763
5824,,,4357,no,16,395,room,Furnished,395,room-1697754
5825,,,2164,no,31,850,room,Furnished,1500,room-1697739
5826,,,4358,no,40,765,apartment,Unfurnished,765,apartment-1697750
5827,,,4359,no,10,310,room,Uncarpeted,310,room-1697737
5828,,,4360,no,80,1800,apartment,Furnished,1800,apartment-1697736
5829,,,4360,no,20,600,room,Furnished,599,room-1697734
5830,,,4361,no,16,425,room,Unfurnished,425,room-1697765
5831,,,4362,no,20,400,room,Furnished,500,room-1697764
5832,,,4363,no,20,456,studio,Uncarpeted,,studio-1697756
5833,,,4364,no,12,450,room,Furnished,350,room-1697701
5834,,,1444,no,75,800,room,Furnished,750,room-1690513
5835,,,1391,no,12,550,room,Furnished,550,room-1698303
5836,,,4365,no,8,500,room,Unfurnished,500,room-1698289
5837,,,4366,no,16,410,room,Unfurnished,300,room-1698282
5838,,,4367,no,49,950,apartment,Furnished,800,apartment-1698274
5839,,,4368,no,11,400,room,Unfurnished,400,room-1698241
5840,,,1274,no,70,1300,apartment,Furnished,1300,apartment-1698238
5841,,,4369,no,70,1040,apartment,Unfurnished,1040,apartment-1698239
5842,,,1968,no,14,500,room,Furnished,500,room-1698223
5843,,,4347,no,25,490,room,Unfurnished,,room-1698115
5844,,,1735,no,9,150,room,Furnished,,room-1698209
5845,,,4370,no,20,999,studio,Furnished,1050,studio-1698197
5846,,,4371,no,12,450,room,Furnished,,room-1698201
5847,,,4372,no,15,375,apartment,Unfurnished,375,apartment-1698191
5848,,,3707,no,9,450,room,Furnished,,room-1698189
5849,,,2221,yes,26,717,studio,Furnished,717,studio-1698186
5850,,,4373,no,22,800,room,Furnished,,room-1698185
5851,,,3627,no,17,820,room,Furnished,,room-1698183
5852,,,4374,no,18,320,room,Uncarpeted,320,room-1698179
5853,,,4375,no,23,550,room,Furnished,550,room-1698170
5854,,,4376,no,10,315,room,Unfurnished,,room-1698172
5855,,,3964,no,10,490,apartment,Furnished,550,apartment-1698171
5856,,,4377,no,12,450,room,Furnished,500,room-1698163
5857,,,4376,no,10,315,room,Unfurnished,,room-1698164
5858,,,4378,no,20,450,room,Furnished,150,room-1698162
5859,,,4376,no,22,370,room,Unfurnished,,room-1698158
5860,,,1148,no,16,245,room,Unfurnished,700,room-1698156
5861,,,3346,no,25,700,room,Furnished,700,room-1698147
5862,,,4376,no,23,370,room,Unfurnished,,room-1698143
5863,,,4379,no,14,600,room,Furnished,1200,room-1698149
5864,,,1890,no,10,475,room,Furnished,,room-1698145
5865,,,4380,no,13,650,room,Furnished,500,room-1698137
5866,,,3922,yes,60,420,apartment,Uncarpeted,650,apartment-1698142
5867,,,1520,no,45,815,apartment,Unfurnished,,apartment-1698176
5868,,,1855,no,15,600,room,Furnished,600,room-1698141
5869,,,4381,no,16,535,studio,Unfurnished,,studio-1698175
5870,,,4382,no,30,545,studio,Furnished,,studio-1698174
5871,,,4383,no,7,350,room,Furnished,350,room-1698134
5872,,,4384,no,10,375,room,Furnished,375,room-1697868
5873,,,1927,no,18,450,room,Furnished,,room-1698129
5874,,,4385,no,10,500,room,Unfurnished,,room-1698116
5875,,,4386,no,20,600,room,Unfurnished,600,room-1698119
5876,,,4333,no,127,3700,apartment,Unfurnished,,apartment-1698111
5877,,,3346,no,25,600,room,Furnished,600,room-1698148
5878,,,4387,no,70,845,apartment,Unfurnished,,apartment-1698105
5879,,,4388,no,120,1350,apartment,Uncarpeted,2000,apartment-1698146
5880,,,4389,no,9,400,room,Furnished,400,room-1698160
5881,,,2198,no,38,795,apartment,Unfurnished,,apartment-1698100
5882,,,4390,no,65,945,apartment,Unfurnished,,apartment-1698099
5883,,,4391,no,70,1195,apartment,Unfurnished,,apartment-1698098
5884,,,4392,no,75,1195,apartment,Unfurnished,,apartment-1698097
5885,,,4393,no,16,275,room,Unfurnished,,room-1698082
5886,,,4394,no,24,650,room,Furnished,,room-1698087
5887,,,1522,no,16,299,room,Uncarpeted,250,room-1698084
5888,,,4395,no,20,416,room,Furnished,,room-1697884
5889,,,1730,no,28,875,room,Furnished,,room-1698070
5890,,,2441,no,13,425,room,Uncarpeted,,room-1698069
5891,,,4396,no,12,300,room,Unfurnished,,room-1698140
5892,,,4397,no,15,375,room,Uncarpeted,,room-1698139
5893,,,2259,no,25,515,room,Unfurnished,435,room-1698136
5894,,,4398,no,22,384,room,Unfurnished,384,room-1698133
5895,,,4399,no,52,1350,apartment,Unfurnished,1350,apartment-1698132
5896,,,4400,no,20,600,room,Furnished,1200,room-1698117
5897,,,4401,no,20,430,room,Furnished,430,room-1697953
5898,,,4402,no,57,1250,apartment,Unfurnished,,apartment-1698107
5899,,,3133,no,18,395,room,Unfurnished,,room-1698081
5900,,,4318,no,150,1850,apartment,Unfurnished,1850,apartment-1698078
5901,,,2212,no,18,385,room,Unfurnished,450,room-1698072
5902,,,3859,no,51,980,apartment,Unfurnished,1960,apartment-1698048
5903,,,4344,no,8,335,room,Unfurnished,600,room-1698065
5904,,,4073,no,18,550,room,Furnished,,room-1698063
5905,,,1648,no,14,675,room,Uncarpeted,,room-1698061
5906,,,4403,no,38,850,studio,Furnished,600,studio-1698058
5907,,,4404,no,20,750,room,Furnished,,room-1698059
5908,,,4405,no,49,899,room,Furnished,,room-1698052
5909,,,4406,no,50,820,apartment,Uncarpeted,0,apartment-1698046
5910,,,2190,no,13,411,room,Furnished,822,room-1697962
5911,,,4407,no,10,750,room,Furnished,0,room-1698049
5912,,,1278,no,59,893,apartment,,,apartment-1698039
5913,,,1278,no,40,695,apartment,,,apartment-1698038
5914,,,1780,no,70,1850,apartment,Unfurnished,,apartment-1698036
5915,,,4408,no,25,395,studio,Unfurnished,,studio-1698033
5916,,,1073,no,53,1350,apartment,Furnished,1000,apartment-1698026
5917,,,2197,no,14,500,room,Furnished,,room-1698025
5918,,,2315,no,12,245,room,Uncarpeted,,room-1698053
5919,,,3436,no,19,550,room,Furnished,350,room-1698028
5920,,,4409,no,16,649,room,Furnished,325,room-1698027
5921,,,4410,no,12,580,room,Furnished,580,room-1698022
5922,,,3559,no,14,429,room,Unfurnished,350,room-1698013
5923,,,4411,no,100,1595,apartment,Unfurnished,3190,apartment-1698016
5924,,,2356,no,80,2050,apartment,Furnished,2050,apartment-1698015
5925,,,1366,no,15,850,room,Furnished,850,room-1698009
5926,,,1688,no,23,550,room,Unfurnished,,room-1698011
5927,,,3405,no,13,280,room,Furnished,280,room-1697985
5928,,,1023,no,28,410,room,Unfurnished,820,room-1697986
5929,,,2579,no,18,380,room,Uncarpeted,380,room-1697977
5930,,,4412,no,10,350,room,Furnished,250,room-1697974
5931,,,2228,no,14,320,room,Uncarpeted,50,room-1697972
5932,,,4413,no,20,490,room,Uncarpeted,,room-1697959
5933,,,3492,no,25,650,room,Unfurnished,,room-1694615
5934,,,3206,no,16,495,apartment,Unfurnished,,apartment-1693562
5935,,,4414,yes,19,415,room,Furnished,503,room-1698583
5936,,,4415,no,74,1500,apartment,Unfurnished,1500,apartment-1698551
5937,,,4416,no,14,500,room,Furnished,500,room-1698572
5938,,,1864,no,40,800,apartment,Furnished,800,apartment-1698564
5939,,,4417,no,13,450,room,Furnished,950,room-1698578
5940,,,4418,no,9,380,room,Furnished,,room-1698565
5941,,,4419,no,16,600,room,Uncarpeted,,room-1698552
5942,,,4097,no,15,500,room,Uncarpeted,500,room-1698555
5943,,,4420,no,48,990,apartment,Unfurnished,,apartment-1698556
5944,,,4421,no,25,750,studio,Unfurnished,1500,studio-1698543
5945,,,4422,no,10,420,room,Furnished,0,room-1698544
5946,,,2878,no,50,750,apartment,Furnished,,apartment-1698540
5947,,,4423,no,10,270,room,Uncarpeted,,room-1698538
5948,,,1629,no,13,310,room,Uncarpeted,,room-1698539
5949,,,4424,no,13,415,room,Unfurnished,200,room-1698561
5950,,,4425,no,7,550,room,Furnished,550,room-1698525
5951,,,3615,no,40,1150,apartment,Furnished,,apartment-1698528
5952,,,4426,no,35,775,apartment,Furnished,1100,apartment-1698532
5953,,,4423,no,10,270,room,Uncarpeted,,room-1698542
5954,,,1753,no,95,1950,apartment,Furnished,2500,apartment-1698535
5955,,,4427,no,15,375,room,Furnished,325,room-1698534
5956,,,1753,no,20,625,room,Furnished,,room-1697952
5957,,,4428,no,15,300,room,Unfurnished,,room-1698530
5958,,,4429,yes,25,600,studio,Unfurnished,600,studio-1698531
5959,,,1629,no,12,300,room,Unfurnished,300,room-1698521
5960,,,4430,no,14,155,room,Uncarpeted,155,room-1698527
5961,,,4430,no,14,338,room,Unfurnished,,room-1698523
5962,,,1572,yes,40,650,apartment,Unfurnished,,apartment-1698517
5963,,,4431,no,7,675,room,Unfurnished,,room-1698455
5964,,,4432,no,44,800,room,Unfurnished,,room-1698516
5965,,,4433,no,92,1250,apartment,Unfurnished,1250,apartment-1698506
5966,,,4434,no,90,1200,apartment,Unfurnished,1200,apartment-1698499
5967,,,1564,no,10,850,room,Furnished,,room-1698502
5968,,,1580,no,7,550,room,Furnished,500,room-1698500
5969,,,4146,no,32,800,studio,Unfurnished,1600,studio-1698498
5970,,,4435,no,63,1100,room,Furnished,2200,room-1698495
5971,,,4436,no,15,400,room,Unfurnished,700,room-1698488
5972,,,4437,no,22,375,room,Unfurnished,375,room-1698490
5973,,,4438,no,10,375,room,Unfurnished,,room-1698489
5974,,,4439,no,60,1200,apartment,Furnished,1000,apartment-1698509
5975,,,4440,no,35,385,room,Uncarpeted,385,room-1698510
5976,,,1589,no,91,950,apartment,Unfurnished,1000,apartment-1698504
5977,,,4441,no,15,440,room,Furnished,,room-1698497
5978,,,4442,no,30,1500,studio,Furnished,1500,studio-1698491
5979,,,4443,no,7,375,room,Unfurnished,375,room-1698492
5980,,,4444,no,75,1499,apartment,Furnished,1500,apartment-1698479
5981,,,4445,no,32,525,room,Uncarpeted,1050,room-1698486
5982,,,4446,no,22,700,room,Furnished,700,room-1698483
5983,,,4447,no,48,1050,studio,Furnished,1500,studio-1698475
5984,,,4448,no,22,440,room,Unfurnished,1050,room-1698472
5985,,,4449,no,11,395,room,Uncarpeted,333,room-1698460
5986,,,2312,no,30,920,apartment,Unfurnished,920,apartment-1698461
5987,,,1635,no,12,270,room,Uncarpeted,,room-1698463
5988,,,4450,no,85,1600,apartment,Unfurnished,,apartment-1698458
5989,,,4451,no,15,750,room,Furnished,500,room-1698456
5990,,,1759,no,12,290,room,Unfurnished,0,room-1698453
5991,,,4452,no,11,650,room,Furnished,650,room-1698454
5992,,,4453,no,25,595,room,Furnished,1190,room-1698452
5993,,,4453,no,20,525,room,Furnished,1050,room-1698451
5994,,,3691,no,55,1225,apartment,Unfurnished,,apartment-1698449
5995,,,4453,no,25,595,room,Furnished,1190,room-1698450
5996,,,4454,no,11,325,room,Unfurnished,,room-1698442
5997,,,1877,no,12,290,room,Uncarpeted,,room-1698437
5998,,,4455,no,60,900,studio,Uncarpeted,900,studio-1698434
5999,,,4456,no,20,425,room,Uncarpeted,425,room-1698433
6000,,,4457,no,58,1900,apartment,Furnished,1900,apartment-1698421
6001,,,4458,no,65,1750,apartment,Unfurnished,3500,apartment-1698429
6002,,,3175,no,38,850,apartment,Unfurnished,1700,apartment-1698424
6003,,,4459,no,80,1800,apartment,Furnished,3600,apartment-1698428
6004,,,1877,no,12,290,room,Uncarpeted,,room-1698422
6005,,,2432,no,69,1098,apartment,Unfurnished,1098,apartment-1698423
6006,,,4460,no,98,1500,apartment,Unfurnished,3500,apartment-1698420
6007,,,4461,no,60,1650,apartment,Furnished,3300,apartment-1698417
6008,,,4462,no,16,750,room,Furnished,,room-1698377
6009,,,4463,no,82,1499,apartment,Furnished,3200,apartment-1698411
6010,,,4464,no,9,650,room,Furnished,,room-1698407
6011,,,2566,no,20,528,room,Furnished,528,room-1698383
6012,,,4465,no,30,540,apartment,Unfurnished,,apartment-1698401
6013,,,4333,no,173,3950,apartment,Furnished,,apartment-1698400
6014,,,4333,no,139,4000,apartment,Furnished,,apartment-1698399
6015,,,4333,no,139,3700,apartment,Unfurnished,,apartment-1698398
6016,,,4466,no,50,1500,apartment,Furnished,,apartment-1698396
6017,,,4467,no,90,1795,apartment,Furnished,,apartment-1698395
6018,,,4468,no,16,470,room,Furnished,,room-1698462
6019,,,2876,no,115,2950,apartment,Furnished,,apartment-1698394
6020,,,4469,no,28,730,apartment,Unfurnished,,apartment-1698389
6021,,,4133,no,28,695,apartment,Unfurnished,,apartment-1698388
6022,,,3208,no,28,776,studio,Unfurnished,,studio-1698386
6023,,,2592,no,21,450,room,Furnished,900,room-1698384
6024,,,4470,no,12,650,room,Furnished,650,room-1698446
6025,,,3819,no,19,350,room,Uncarpeted,,room-1698430
6026,,,4203,no,80,1450,apartment,Furnished,1500,apartment-1698408
6027,,,4406,no,50,820,apartment,Uncarpeted,0,apartment-1698403
6028,,,3479,no,16,450,room,Furnished,100,room-1698382
6029,,,1383,no,10,750,room,Furnished,1000,room-1698378
6030,,,2240,no,10,250,room,Unfurnished,400,room-1698372
6031,,,1559,no,14,600,room,Furnished,1200,room-1698370
6032,,,4471,no,84,1490,apartment,Furnished,750,apartment-1698364
6033,,,4472,no,15,332,room,Unfurnished,498,room-1698359
6034,,,4473,no,42,1300,apartment,Furnished,1000,apartment-1698355
6035,,,1239,no,15,351,room,Uncarpeted,351,room-1698358
6036,,,3095,no,12,630,room,Furnished,,room-1698348
6037,,,4474,no,40,995,apartment,Unfurnished,,apartment-1698345
6038,,,4475,no,40,800,apartment,Unfurnished,,apartment-1698344
6039,,,4476,no,27,635,studio,Unfurnished,,studio-1698340
6040,,,1922,no,26,587,studio,Unfurnished,,studio-1698339
6041,,,1922,no,26,587,studio,Unfurnished,,studio-1698338
6042,,,4469,no,28,645,studio,Unfurnished,,studio-1698337
6043,,,4477,no,30,575,studio,Unfurnished,,studio-1698336
6044,,,1058,no,12,303,room,Unfurnished,350,room-1698328
6045,,,1362,no,60,1300,apartment,Furnished,,apartment-1698323
6046,,,4478,no,12,800,room,Furnished,1600,room-1698314
6047,,,4479,no,55,800,studio,Furnished,200,studio-1698312
6048,,,4480,no,11,600,room,Furnished,1200,room-1698365
6049,,,3645,no,10,700,room,Uncarpeted,,room-1698360
6050,,,4481,yes,30,545,studio,Furnished,0,studio-1698354
6051,,,4482,no,20,380,room,Unfurnished,,room-1698349
6052,,,4483,no,80,1800,apartment,Furnished,,apartment-1698343
6053,,,4484,no,60,1750,apartment,Unfurnished,,apartment-1698335
6054,,,4484,no,60,1750,apartment,Furnished,,apartment-1698334
6055,,,4484,no,60,1695,apartment,Unfurnished,,apartment-1698333
6056,,,4485,no,20,590,room,Furnished,,room-1698330
6057,,,4486,no,20,900,room,Furnished,850,room-1698329
6058,,,4487,no,10,800,room,Furnished,800,room-1698327
6059,,,4488,no,10,500,room,Unfurnished,1000,room-1698320
6060,,,4489,no,14,650,room,Furnished,650,room-1698317
6061,,,4490,no,10,400,room,Furnished,500,room-1698307
6062,,,3712,no,20,800,room,Furnished,,room-1698309
6063,,,1707,no,50,1125,apartment,Unfurnished,1125,apartment-1698302
6064,,,4491,no,7,235,room,Unfurnished,,room-1698295
6065,,,4492,yes,18,650,studio,Uncarpeted,650,studio-1698288
6066,,,4493,yes,18,425,studio,Unfurnished,850,studio-1698267
6067,,,4494,no,17,650,room,Uncarpeted,1050,room-1698265
6068,,,4495,no,16,390,room,Furnished,,room-1698252
6069,,,2019,yes,34,550,room,Furnished,550,room-1698264
6070,,,4496,no,90,1200,apartment,Furnished,500,apartment-1698259
6071,,,2776,no,20,599,room,Furnished,599,room-1698262
6072,,,4497,no,8,440,room,Unfurnished,440,room-1698253
6073,,,2045,no,10,500,room,Unfurnished,,room-1698254
6074,,,4498,no,10,350,room,Uncarpeted,,room-1698248
6075,,,1535,no,12,750,room,Furnished,,room-1698246
6076,,,2812,no,78,1350,apartment,Furnished,1300,apartment-1698240
6077,,,2258,no,55,1300,apartment,Furnished,,apartment-1698235
6078,,,2258,no,55,1300,apartment,Furnished,,apartment-1698234
6079,,,3460,yes,26,700,studio,Furnished,700,studio-1698230
6080,,,4499,yes,35,600,studio,Furnished,200,studio-1522629
6081,,,4500,no,9,395,room,Furnished,0,room-1698193
6082,,,4501,no,25,450,room,Uncarpeted,,room-1698217
6083,,,4502,no,40,1000,studio,Furnished,1000,studio-1698212
6084,,,4503,no,16,450,room,Unfurnished,450,room-1698213
6085,,,4504,no,18,650,room,Unfurnished,500,room-1696216
6086,,,4505,no,7,400,room,Uncarpeted,0,room-1698198
6087,,,2775,yes,60,720,apartment,Uncarpeted,,apartment-1698192
6088,,,4506,no,18,440,room,Furnished,400,room-1698190
6089,,,4507,no,45,1030,apartment,Unfurnished,1030,apartment-1698153
6090,,,4508,no,25,870,studio,Furnished,1740,studio-1698823
6091,,,4336,no,12,420,room,Furnished,420,room-1698819
6092,,,2437,no,21,510,room,Unfurnished,510,room-1698816
6093,,,1285,no,30,450,room,Furnished,,room-1698813
6094,,,4509,no,80,1600,apartment,Furnished,2500,apartment-1698814
6095,,,4510,no,81,1850,apartment,Furnished,2000,apartment-1698807
6096,,,1958,no,180,2100,apartment,Unfurnished,,apartment-1698799
6097,,,4511,no,16,425,room,Furnished,425,room-1648400
6098,,,1048,no,184,3000,apartment,Unfurnished,5000,apartment-1698760
6099,,,4512,no,8,610,room,Furnished,1000,room-1698761
6100,,,4513,yes,60,650,apartment,Uncarpeted,650,apartment-1698759
6101,,,4205,no,11,520,room,Furnished,520,room-1698756
6102,,,1634,no,16,495,room,Furnished,980,room-1698744
6103,,,2492,no,11,379,room,Unfurnished,,room-1698741
6104,,,4514,no,21,510,room,Uncarpeted,420,room-1698740
6105,,,4515,yes,26,599,studio,Furnished,,studio-1698711
6106,,,1753,no,22,425,room,Unfurnished,500,room-1698715
6107,,,4516,no,13,500,room,Furnished,500,room-1698706
6108,,,4517,no,13,335,room,Unfurnished,0,room-1698716
6109,,,4518,no,32,675,apartment,Unfurnished,,apartment-1698639
6110,,,4519,no,65,716,apartment,Unfurnished,,apartment-1698638
6111,,,1769,no,57,720,apartment,Unfurnished,,apartment-1698630
6112,,,4520,no,61,650,apartment,Unfurnished,,apartment-1698629
6113,,,3205,no,65,1650,apartment,Furnished,,apartment-1698677
6114,,,1015,yes,15,495,studio,Furnished,1000,studio-1692039
6115,,,1341,no,45,825,apartment,Unfurnished,,apartment-1698676
6116,,,4521,no,80,1695,apartment,Unfurnished,,apartment-1698675
6117,,,4522,no,98,1475,apartment,Furnished,,apartment-1698674
6118,,,4523,yes,29,715,studio,Unfurnished,,studio-1698666
6119,,,4524,no,11,780,room,Unfurnished,,room-1698672
6120,,,4525,no,16,770,studio,Furnished,770,studio-1698664
6121,,,1114,no,110,1550,apartment,Furnished,,apartment-1698663
6122,,,4095,no,18,350,room,Furnished,350,room-1698658
6123,,,1546,no,24,800,room,Unfurnished,,room-1698662
6124,,,4526,yes,38,690,studio,Unfurnished,690,studio-1698655
6125,,,4527,no,20,500,room,Furnished,0,room-1698657
6126,,,4528,yes,16,700,studio,Unfurnished,700,studio-1698380
6127,,,4529,yes,23,700,studio,Unfurnished,,studio-1698650
6128,,,1624,no,16,600,room,Furnished,600,room-1698649
6129,,,1662,no,63,695,apartment,Unfurnished,,apartment-1698627
6130,,,4530,no,17,385,room,Unfurnished,385,room-1698626
6131,,,1994,no,22,425,room,Unfurnished,500,room-1698623
6132,,,4531,no,8,350,room,Unfurnished,,room-1698620
6133,,,1715,no,9,450,room,Unfurnished,425,room-1698696
6134,,,2422,no,12,275,room,Uncarpeted,,room-1698693
6135,,,2083,no,10,495,room,Furnished,565,room-1698686
6136,,,1383,no,10,750,room,Furnished,1000,room-1698668
6137,,,4532,no,22,575,room,Furnished,575,room-1698665
6138,,,4533,no,17,600,room,Furnished,600,room-1698659
6139,,,4534,no,120,1195,apartment,Unfurnished,,apartment-1698653
6140,,,4535,no,85,600,apartment,Furnished,1000,apartment-1698297
6141,,,4212,no,70,1190,apartment,Furnished,750,apartment-1698648
6142,,,1374,no,26,550,room,,,room-1698640
6143,,,4536,no,90,2295,apartment,Unfurnished,,apartment-1698636
6144,,,1156,no,19,510,apartment,Uncarpeted,,apartment-1698634
6145,,,1064,no,22,550,apartment,Uncarpeted,,apartment-1698633
6146,,,4353,no,33,690,apartment,Uncarpeted,,apartment-1698632
6147,,,1064,no,22,525,apartment,Uncarpeted,,apartment-1698631
6148,,,4537,no,52,800,apartment,Furnished,400,apartment-1698625
6149,,,1883,no,45,1050,apartment,Unfurnished,2100,apartment-1698622
6150,,,3825,no,65,1200,apartment,Unfurnished,2400,apartment-1698621
6151,,,1673,no,8,650,room,Furnished,830,room-1698619
6152,,,3359,no,43,895,studio,Uncarpeted,,studio-1698599
6153,,,1540,no,16,590,room,Furnished,,room-1698618
6154,,,4538,no,10,530,room,Furnished,1000,room-1698601
6155,,,4539,no,54,930,apartment,Uncarpeted,630,apartment-1698597
6156,,,4540,no,22,650,room,Furnished,30,room-1698593
6157,,,4541,no,8,1200,room,Furnished,1200,room-1698590
6158,,,2389,yes,20,380,room,Furnished,,room-1698589
6159,,,2388,yes,19,385,room,Furnished,,room-1698581
6160,,,4542,no,25,825,studio,Uncarpeted,,studio-1698580
6161,,,4543,no,46,1575,apartment,Furnished,1575,apartment-1698616
6162,,,4544,no,15,550,room,Furnished,255,room-1698600
6163,,,2638,no,12,560,room,Unfurnished,560,room-1663099
6164,,,1006,no,17,871,room,Furnished,871,room-1698736
6165,,,4545,no,25,900,room,Furnished,900,room-1699051
6166,,,4546,no,15,580,room,Furnished,,room-1699063
6167,,,1196,no,9,600,room,Furnished,300,room-1699067
6168,,,4547,no,14,700,room,Furnished,700,room-1699055
6169,,,4524,no,50,1325,apartment,Furnished,,apartment-1699039
6170,,,4548,no,28,800,room,Furnished,200,room-1699020
6171,,,4549,yes,30,720,studio,Unfurnished,720,studio-1699012
6172,,,1777,no,20,650,room,Furnished,2,room-1699018
6173,,,3767,no,21,385,room,Unfurnished,,room-1699010
6174,,,4550,no,10,240,room,Uncarpeted,240,room-1699008
6175,,,3767,no,21,375,room,Unfurnished,,room-1699009
6176,,,3767,no,12,315,room,Unfurnished,,room-1699007
6177,,,3629,no,11,280,room,Unfurnished,300,room-1699056
6178,,,4551,no,50,1200,room,Furnished,600,room-1699003
6179,,,4552,no,40,675,studio,Uncarpeted,675,studio-1699000
6180,,,4553,no,15,700,room,Furnished,700,room-1698998
6181,,,4554,no,11,350,room,Furnished,,room-1698996
6182,,,3415,no,10,500,room,Furnished,,room-1698994
6183,,,4555,no,18,360,room,Uncarpeted,,room-1698992
6184,,,4556,no,6,447,room,Furnished,447,room-1698991
6185,,,4557,no,12,230,room,Furnished,230,room-1698903
6186,,,4558,no,50,800,apartment,Unfurnished,890,apartment-1698979
6187,,,1976,no,30,733,room,Furnished,735,room-1698974
6188,,,4559,no,12,450,room,Unfurnished,,room-1698975
6189,,,4560,no,16,300,room,Uncarpeted,,room-1698976
6190,,,2117,no,10,340,room,Furnished,500,room-1698969
6191,,,1092,no,120,1795,apartment,Furnished,,apartment-1698962
6192,,,4561,no,9,390,room,Unfurnished,,room-1698955
6193,,,4562,no,28,575,room,Furnished,575,room-1698953
6194,,,2112,no,15,425,room,Unfurnished,,room-1698952
6195,,,4563,no,8,815,room,Furnished,815,room-1698951
6196,,,1636,no,65,1100,apartment,Unfurnished,1000,apartment-1698934
6197,,,4564,no,6,650,room,Furnished,300,room-1698926
6198,,,4492,yes,18,650,studio,Uncarpeted,650,studio-1698909
6199,,,3827,no,135,1800,apartment,Furnished,3600,apartment-1699050
6200,,,4565,no,60,1200,apartment,Unfurnished,,apartment-1698910
6201,,,4566,no,48,825,apartment,Unfurnished,,apartment-1698907
6202,,,1804,no,55,710,apartment,Unfurnished,,apartment-1698906
6203,,,1548,yes,42,550,apartment,Unfurnished,850,apartment-1698901
6204,,,4567,no,15,350,room,Unfurnished,350,room-1698893
6205,,,4568,no,50,1600,apartment,Unfurnished,3000,apartment-1698882
6206,,,1032,no,60,1100,apartment,Furnished,,apartment-1698890
6207,,,4569,no,18,380,room,Furnished,0,room-1698886
6208,,,4570,no,70,1350,apartment,Unfurnished,2500,apartment-1699036
6209,,,1853,no,20,390,room,Furnished,0,room-1699028
6210,,,4571,no,12,550,room,Furnished,1100,room-1699021
6211,,,4572,no,50,800,apartment,Furnished,500,apartment-1699017
6212,,,4573,no,66,595,apartment,Furnished,595,apartment-1699004
6213,,,4574,yes,18,650,studio,Furnished,600,studio-1698999
6214,,,4575,no,25,690,studio,Unfurnished,690,studio-1698997
6215,,,4576,no,32,1000,room,Furnished,1000,room-1698993
6216,,,4577,no,70,1700,apartment,Unfurnished,2450,apartment-1698990
6217,,,4578,no,12,310,room,Unfurnished,,room-1698987
6218,,,4542,no,78,1200,apartment,Uncarpeted,2400,apartment-1698986
6219,,,4542,no,12,600,room,Uncarpeted,1200,room-1698971
6220,,,4579,no,40,1400,studio,Furnished,,studio-1698980
6221,,,2554,no,10,372,room,Unfurnished,,room-1698965
6222,,,4347,no,35,485,apartment,Unfurnished,,apartment-1698960
6223,,,4580,no,17,450,room,Furnished,400,room-1698954
6224,,,1696,no,25,1000,studio,Furnished,1000,studio-1698932
6225,,,1696,no,25,1000,studio,Furnished,1000,studio-1698930
6226,,,4581,no,14,420,room,Uncarpeted,420,room-1698908
6227,,,1383,no,10,750,room,Furnished,1000,room-1698899
6228,,,4582,no,45,850,apartment,Furnished,850,apartment-1698894
6229,,,4583,no,62,850,apartment,Unfurnished,,apartment-1698858
6230,,,4584,no,77,720,apartment,Unfurnished,,apartment-1698859
6231,,,4585,no,65,110,apartment,Uncarpeted,,apartment-1698862
6232,,,4586,no,68,110,apartment,Uncarpeted,,apartment-1698864
6233,,,4587,no,23,430,studio,Unfurnished,,studio-1698870
6234,,,4392,no,75,975,apartment,Unfurnished,,apartment-1698875
6235,,,4588,no,54,895,apartment,Furnished,,apartment-1698878
6236,,,4589,no,51,1195,apartment,Furnished,,apartment-1698879
6237,,,4590,yes,28,600,studio,Furnished,,studio-1698855
6238,,,4591,no,40,1050,apartment,,,apartment-1698872
6239,,,3441,no,12,400,room,,,room-1698871
6240,,,4592,no,58,1600,apartment,Unfurnished,,apartment-1698866
6241,,,4593,no,75,1000,apartment,Unfurnished,,apartment-1698865
6242,,,2397,no,16,313,room,Uncarpeted,,room-1698861
6243,,,4594,no,12,268,room,Uncarpeted,,room-1698860
6244,,,4595,no,16,475,room,Furnished,475,room-1698857
6245,,,4596,no,9,665,room,Unfurnished,800,room-1698854
6246,,,4597,no,20,445,room,Furnished,505,room-1698747
6247,,,4598,no,15,800,room,Unfurnished,800,room-1698838
6248,,,4599,no,19,400,room,Furnished,,room-1698846
6249,,,2897,no,17,360,room,Uncarpeted,,room-1698833
6250,,,1040,no,51,975,apartment,Unfurnished,,apartment-1698835
6251,,,4600,no,14,450,room,Furnished,450,room-1353087
6252,,,1417,no,7,500,room,Furnished,300,room-1698834
6253,,,4600,no,14,450,room,Furnished,450,room-1698830
6254,,,2046,no,8,270,room,Uncarpeted,280,room-1698832
6255,,,4601,no,20,595,room,Furnished,950,room-1698827
6256,,,2592,no,20,480,room,Furnished,960,room-1698828
6257,,,2978,no,10,800,room,Furnished,,room-1698826
6258,,,4602,no,7,350,room,Unfurnished,,room-1698748
6259,,,3993,no,15,900,room,Furnished,0,room-1698798
6260,,,2071,no,20,580,room,Furnished,500,room-1698797
6261,,,4603,no,8,550,room,Furnished,550,room-1698794
6262,,,4604,no,23,332,room,Furnished,,room-1698782
6263,,,4590,yes,28,600,studio,Furnished,0,studio-1698787
6264,,,1768,no,15,365,room,Unfurnished,,room-1698780
6265,,,2590,no,25,487,room,Furnished,,room-1698779
6266,,,4605,no,28,800,studio,Unfurnished,,studio-1698778
6267,,,1768,no,15,365,room,Unfurnished,,room-1698776
6268,,,4606,no,46,1200,apartment,Furnished,1000,apartment-1698757
6269,,,1768,no,15,365,room,Unfurnished,,room-1698774
6270,,,4034,no,102,789,apartment,Furnished,,apartment-1698765
6271,,,4607,no,22,550,room,Uncarpeted,550,room-1698754
6272,,,4608,no,8,345,room,Unfurnished,,room-1698746
6273,,,2007,no,18,875,room,Furnished,875,room-1698735
6274,,,1006,no,22,889,room,Furnished,889,room-1698738
6275,,,4609,no,20,450,room,Furnished,,room-1698728
6276,,,3398,no,15,800,studio,Furnished,,studio-1698729
6277,,,4610,no,14,245,room,Uncarpeted,,room-1698725
6278,,,4611,no,22,490,room,Unfurnished,490,room-1698723
6279,,,4612,no,60,595,apartment,Unfurnished,,apartment-1698628
6280,,,1012,no,25,550,room,Unfurnished,1100,room-1698709
6281,,,1116,no,16,325,room,Unfurnished,325,room-1698689
6282,,,4613,no,50,850,apartment,Uncarpeted,850,apartment-1698690
6283,,,4614,no,11,350,room,Unfurnished,350,room-1698673
6284,,,1311,no,10,550,room,Furnished,,room-1698687
6285,,,4615,no,80,1270,apartment,Furnished,,apartment-1698681
6286,,,1671,no,40,1250,apartment,Furnished,,apartment-1698679
6287,,,4350,no,50,1450,apartment,Unfurnished,,apartment-1698678
6288,,,4616,no,20,310,room,Uncarpeted,,room-1699214
6289,,,2870,no,12,750,room,Furnished,,room-1699212
6290,,,4617,no,12,307,room,Unfurnished,,room-1699207
6291,,,4618,no,11,600,room,Furnished,,room-1699206
6292,,,4619,no,14,375,room,Uncarpeted,375,room-1699200
6293,,,4373,no,20,750,room,Furnished,750,room-1699202
6294,,,1674,no,16,500,room,Furnished,,room-1699201
6295,,,4620,no,7,800,room,Uncarpeted,1000,room-1699185
6296,,,4621,no,10,500,room,Furnished,500,room-1698902
6297,,,4622,no,19,700,room,Furnished,750,room-1699176
6298,,,4623,no,19,450,room,Unfurnished,450,room-1699184
6299,,,4624,no,15,700,room,Uncarpeted,,room-1699181
6300,,,4625,no,14,520,room,Furnished,100,room-1699175
6301,,,4603,no,16,680,room,Furnished,650,room-1699180
6302,,,4626,no,22,550,room,Furnished,,room-1699167
6303,,,4627,no,50,999,apartment,Furnished,999,apartment-1699169
6304,,,4628,no,35,830,studio,Furnished,830,studio-1699162
6305,,,4629,no,18,570,room,Furnished,500,room-1699165
6306,,,4630,no,110,1100,apartment,Furnished,1100,apartment-1699156
6307,,,4631,no,49,850,apartment,Furnished,850,apartment-1699146
6308,,,1460,no,93,1540,apartment,Unfurnished,1540,apartment-1699161
6309,,,4632,no,13,740,room,Unfurnished,,room-1699159
6310,,,4633,no,40,800,room,Furnished,500,room-1699153
6311,,,2817,no,12,600,room,Furnished,,room-1699154
6312,,,4634,no,28,650,room,Unfurnished,,room-1699150
6313,,,4635,no,12,450,room,Furnished,450,room-1698719
6314,,,4636,no,19,483,room,Furnished,483,room-1699133
6315,,,2895,no,60,1300,apartment,Furnished,500,apartment-1699132
6316,,,4637,no,92,1500,apartment,Furnished,1600,apartment-1699111
6317,,,4638,no,17,435,room,Uncarpeted,435,room-1699105
6318,,,1654,no,70,1800,apartment,Furnished,1800,apartment-1699106
6319,,,4639,no,60,995,apartment,Furnished,,apartment-1699102
6320,,,4640,no,77,1200,apartment,Unfurnished,1200,apartment-1699094
6321,,,4641,no,15,750,room,Furnished,500,room-1699088
6322,,,4037,no,44,550,apartment,Unfurnished,,apartment-1699092
6323,,,2454,no,16,600,room,Furnished,600,room-1699248
6324,,,1997,yes,24,600,room,Furnished,,room-1699087
6325,,,2006,no,15,750,room,Uncarpeted,,room-1699083
6326,,,4642,no,16,550,room,Uncarpeted,550,room-1699071
6327,,,4643,no,13,575,room,Furnished,575,room-1699069
6328,,,4644,no,52,950,studio,Unfurnished,950,studio-1699243
6329,,,4645,no,15,330,room,Uncarpeted,200,room-1699245
6330,,,4646,no,20,430,room,Unfurnished,430,room-1699234
6331,,,4647,no,12,295,room,Unfurnished,232,room-1699231
6332,,,4648,yes,40,705,apartment,Unfurnished,705,apartment-1699226
6333,,,4649,no,13,300,room,Unfurnished,200,room-1699227
6334,,,4650,no,51,1050,apartment,Uncarpeted,,apartment-1699203
6335,,,4651,no,21,535,room,Furnished,700,room-1699192
6336,,,2252,no,14,595,room,Furnished,250,room-1699191
6337,,,4652,no,18,750,apartment,Uncarpeted,,apartment-1699186
6338,,,1037,no,23,600,room,Unfurnished,600,room-1699183
6339,,,4653,no,75,600,apartment,Furnished,600,apartment-1699171
6340,,,1799,no,12,320,room,Uncarpeted,,room-1699147
6341,,,4654,no,16,300,room,Unfurnished,,room-1699109
6342,,,3872,no,15,360,room,Furnished,460,room-1699113
6343,,,1325,no,18,345,room,Furnished,,room-1699104
6344,,,2083,no,10,495,room,Furnished,565,room-1699095
6345,,,2464,no,17,333,room,Uncarpeted,,room-1699091
6346,,,2464,no,16,310,room,Uncarpeted,,room-1699090
6347,,,1677,no,34,591,room,Uncarpeted,,room-1699089
6348,,,4655,no,12,550,room,Furnished,1100,room-1699081
6349,,,4656,no,14,750,room,Furnished,,room-1699079
6350,,,1006,no,17,865,room,Furnished,865,room-1699409
6351,,,1939,no,90,950,apartment,Unfurnished,950,apartment-1699528
6352,,,3584,no,14,322,room,Furnished,,room-1699526
6353,,,1830,no,50,1400,apartment,Furnished,1400,apartment-1699508
6354,,,4354,no,11,700,room,Furnished,,room-1699491
6355,,,4657,no,22,330,room,Furnished,330,room-1699488
6356,,,3996,no,20,650,room,Furnished,,room-1699487
6357,,,4658,no,16,400,room,Furnished,200,room-1699484
6358,,,4659,no,8,600,room,Unfurnished,650,room-1699474
6359,,,4660,no,16,650,room,Furnished,650,room-1699471
6360,,,4026,no,14,300,room,Unfurnished,299,room-1699465
6361,,,4661,no,75,2400,apartment,Furnished,,apartment-1699452
6362,,,2909,no,80,1350,apartment,Uncarpeted,1000,apartment-1699446
6363,,,4662,no,26,505,room,Uncarpeted,1010,room-1699443
6364,,,4532,no,20,600,room,Furnished,600,room-1699476
6365,,,4663,no,17,650,room,Furnished,200,room-1699482
6366,,,4664,no,12,305,room,Unfurnished,305,room-1699480
6367,,,4665,no,40,900,apartment,Furnished,,apartment-1699478
6368,,,2922,no,34,750,studio,Unfurnished,750,studio-1699464
6369,,,4666,no,12,300,room,Furnished,300,room-1699459
6370,,,4667,no,9,325,room,Unfurnished,325,room-1699456
6371,,,4668,no,12,320,room,Unfurnished,320,room-1699455
6372,,,4669,no,13,385,room,Unfurnished,385,room-1699444
6373,,,4670,no,22,550,room,Uncarpeted,550,room-1699441
6374,,,3857,no,44,900,apartment,Furnished,1500,apartment-1699279
6375,,,1178,no,17,570,room,Furnished,570,room-1699439
6376,,,4671,no,35,1200,apartment,Furnished,,apartment-1699436
6377,,,4672,no,30,779,studio,Unfurnished,778,studio-1659868
6378,,,4673,no,12,750,room,Furnished,1500,room-1699391
6379,,,4674,no,9,600,room,Furnished,200,room-1699421
6380,,,4673,no,14,750,room,Furnished,1500,room-1698768
6381,,,4675,no,13,800,room,Furnished,1000,room-1699406
6382,,,1006,no,17,857,room,Furnished,857,room-1699405
6383,,,2828,no,16,775,room,Furnished,1500,room-1699395
6384,,,3702,no,45,1300,apartment,Furnished,2600,apartment-1699404
6385,,,4269,no,19,425,room,Furnished,425,room-1699401
6386,,,4676,no,15,355,room,Uncarpeted,355,room-1543238
6387,,,4677,no,48,790,apartment,Furnished,1500,apartment-1699393
6388,,,1500,no,14,900,room,Furnished,850,room-1699389
6389,,,4678,no,90,1195,apartment,Unfurnished,2390,apartment-1699387
6390,,,4679,no,17,358,room,Unfurnished,358,room-1699379
6391,,,3803,no,41,525,room,Uncarpeted,775,room-1699381
6392,,,4680,no,35,650,room,Furnished,,room-1699382
6393,,,4681,no,10,325,room,Unfurnished,,room-1699372
6394,,,4682,no,15,650,room,Unfurnished,,room-1699371
6395,,,4683,no,13,650,room,Furnished,650,room-1699349
6396,,,4684,no,9,890,room,Unfurnished,,room-1699361
6397,,,4685,yes,20,495,studio,Unfurnished,495,studio-1699351
6398,,,4616,no,20,310,room,Uncarpeted,,room-1699362
6399,,,4686,no,70,950,apartment,Unfurnished,950,apartment-1699359
6400,,,1454,yes,23,678,studio,Unfurnished,,studio-1699357
6401,,,2895,no,60,1300,apartment,Furnished,500,apartment-1699354
6402,,,1454,yes,23,673,studio,Unfurnished,,studio-1699355
6403,,,4687,no,29,759,studio,Unfurnished,,studio-1699352
6404,,,4688,no,18,374,room,Uncarpeted,750,room-1699347
6405,,,4689,no,15,600,room,Furnished,1000,room-1699274
6406,,,3819,no,20,300,room,Uncarpeted,0,room-1699434
6407,,,4690,no,34,1300,studio,Furnished,,studio-1699433
6408,,,4691,no,6,690,room,Furnished,690,room-1699427
6409,,,4086,no,15,400,room,Unfurnished,,room-1699346
6410,,,4692,no,12,305,room,Uncarpeted,610,room-1699418
6411,,,4693,no,22,400,room,Uncarpeted,400,room-1699413
6412,,,4694,no,15,330,room,Uncarpeted,660,room-1699334
6413,,,4695,no,18,360,room,Unfurnished,,room-1699327
6414,,,4696,no,7,275,room,Unfurnished,,room-1699322
6415,,,4697,no,9,275,room,Unfurnished,,room-1699320
6416,,,4698,no,14,700,room,Furnished,700,room-1699312
6417,,,4698,no,14,700,room,Furnished,750,room-1699310
6418,,,4699,no,10,100,room,Furnished,,room-1699307
6419,,,4700,no,15,300,room,Uncarpeted,250,room-1699301
6420,,,1274,no,14,430,room,Furnished,430,room-1699385
6421,,,4701,no,12,700,room,Furnished,650,room-1699380
6422,,,4260,no,12,750,room,Furnished,,room-1699375
6423,,,4702,yes,38,685,studio,Unfurnished,685,studio-1699285
6424,,,4012,no,21,380,room,Uncarpeted,150,room-1699370
6425,,,1211,no,9,449,room,Unfurnished,1000,room-1699369
6426,,,2874,no,15,500,room,Furnished,500,room-1699292
6427,,,4622,no,19,850,room,Furnished,850,room-1699287
6428,,,4703,no,55,1000,apartment,Furnished,1000,apartment-1699365
6429,,,4704,no,25,321,room,Unfurnished,321,room-1699350
6430,,,2578,no,24,490,room,Unfurnished,0,room-1699283
6431,,,3659,no,25,595,room,Unfurnished,595,room-1694915
6432,,,4705,no,45,860,apartment,Furnished,1000,apartment-1699300
6433,,,4706,no,20,425,room,Furnished,425,room-1698880
6434,,,4707,no,50,1200,apartment,Furnished,400,apartment-1699318
6435,,,3401,no,15,575,room,Furnished,1150,room-1699311
6436,,,4708,no,16,395,room,Unfurnished,,room-1699309
6437,,,2179,no,14,625,room,Furnished,625,room-1699304
6438,,,4709,no,37,915,apartment,Unfurnished,915,apartment-1699297
6439,,,4710,no,14,475,room,Furnished,,room-1699291
6440,,,1218,no,100,1700,apartment,Furnished,3400,apartment-1699290
6441,,,4711,no,16,600,room,Unfurnished,,room-1699268
6442,,,4598,no,15,800,room,Unfurnished,800,room-1699270
6443,,,4712,no,18,575,room,Furnished,0,room-1699267
6444,,,3660,no,18,395,room,Uncarpeted,,room-1699266
6445,,,4713,no,35,485,apartment,Uncarpeted,,apartment-1699265
6446,,,4107,no,30,650,room,Furnished,,room-1698688
6447,,,4107,no,30,675,room,Furnished,650,room-1699144
6448,,,4107,no,25,625,room,Furnished,625,room-1699149
6449,,,4107,no,20,575,room,Furnished,550,room-1699152
6450,,,4714,no,30,620,studio,Furnished,620,studio-1699262
6451,,,1211,no,9,449,room,Unfurnished,1000,room-1699261
6452,,,1239,no,15,351,room,Uncarpeted,351,room-1699256
6453,,,3182,no,11,560,room,Unfurnished,560,room-1699259
6454,,,4715,yes,32,450,studio,Furnished,0,studio-1699255
6455,,,4716,no,12,395,room,Unfurnished,790,room-1699257
6456,,,2179,no,14,625,room,Furnished,625,room-1699258
6457,,,4717,no,17,350,room,Unfurnished,350,room-1699250
6458,,,2123,no,17,400,room,Unfurnished,,room-1699244
6459,,,1225,no,93,850,apartment,Furnished,,apartment-1699241
6460,,,1674,no,16,500,room,Furnished,,room-1699240
6461,,,4718,no,15,650,room,Furnished,,room-1699236
6462,,,4719,no,55,1150,apartment,Uncarpeted,1121,apartment-1699224
6463,,,4604,no,20,346,room,Unfurnished,,room-1697907
6464,,,4624,no,15,700,apartment,Uncarpeted,,apartment-1699181
6465,,,4652,no,18,750,room,Uncarpeted,,room-1699186
6466,,,4653,no,10,600,room,Furnished,600,room-1699171
6467,,,2705,no,70,1750,apartment,Furnished,150,apartment-1699544
6468,,,4720,no,7,345,room,Unfurnished,350,room-1561125
6469,,,4721,no,50,1000,apartment,Furnished,350,apartment-1699777
6470,,,4722,no,25,517,room,Furnished,800,room-1699774
6471,,,4723,no,12,450,room,Furnished,450,room-1699762
6472,,,4724,no,14,425,room,Unfurnished,,room-1699761
6473,,,4724,no,18,420,room,Unfurnished,,room-1699752
6474,,,4509,no,10,575,room,Furnished,575,room-1699751
6475,,,4725,no,35,500,apartment,Unfurnished,,apartment-1699750
6476,,,2812,no,75,1250,apartment,Furnished,1250,apartment-1699747
6477,,,3073,no,24,750,room,Unfurnished,750,room-1699738
6478,,,4726,no,12,410,room,Furnished,400,room-1699737
6479,,,4727,yes,29,700,studio,Unfurnished,,studio-1699741
6480,,,4728,no,90,850,apartment,Unfurnished,,apartment-1699736
6481,,,4729,no,20,475,room,Uncarpeted,475,room-1699748
6482,,,4371,no,10,450,room,Furnished,0,room-1699746
6483,,,1862,no,18,390,room,Furnished,390,room-1699740
6484,,,4730,no,20,600,room,Uncarpeted,600,room-1699735
6485,,,4731,no,17,300,room,Unfurnished,375,room-1699739
6486,,,4732,no,17,795,room,Furnished,,room-1699734
6487,,,4732,no,17,790,room,Furnished,,room-1699731
6488,,,2878,no,56,800,apartment,Furnished,,apartment-1699732
6489,,,4732,no,14,730,room,Furnished,,room-1699619
6490,,,4733,no,25,850,room,Furnished,850,room-1699719
6491,,,4734,no,18,600,room,Unfurnished,,room-1699718
6492,,,2406,no,16,350,room,Furnished,350,room-1699710
6493,,,4735,no,26,572,room,Uncarpeted,572,room-1699708
6494,,,4736,no,12,580,room,Furnished,300,room-1699706
6495,,,4735,no,17,545,room,Uncarpeted,545,room-1699707
6496,,,3182,no,10,500,room,Unfurnished,560,room-1699700
6497,,,4737,no,10,600,room,Unfurnished,600,room-1699697
6498,,,4738,no,10,460,room,Furnished,460,room-1699724
6499,,,4739,no,20,330,room,Unfurnished,330,room-1699720
6500,,,3165,no,60,1350,apartment,Furnished,,apartment-1699705
6501,,,4740,no,12,310,room,Uncarpeted,1850,room-1699687
6502,,,4741,no,16,550,room,Furnished,,room-1699678
6503,,,4174,no,12,425,room,Furnished,,room-1699675
6504,,,4742,no,30,500,room,Furnished,0,room-1699667
6505,,,4743,no,16,550,room,Furnished,,room-1699673
6506,,,4744,no,30,550,room,Unfurnished,,room-1699663
6507,,,4745,no,20,450,room,Furnished,450,room-1699689
6508,,,4746,no,7,225,room,Furnished,200,room-1699664
6509,,,2151,no,18,650,room,Furnished,,room-1699657
6510,,,4747,no,25,445,studio,Unfurnished,,studio-1699649
6511,,,4410,no,12,620,room,Furnished,620,room-1699647
6512,,,4748,no,115,1250,apartment,Unfurnished,2500,apartment-1699680
6513,,,3860,no,77,400,room,Unfurnished,0,room-1699684
6514,,,2513,no,18,625,room,Furnished,625,room-1699676
6515,,,4749,no,10,425,room,Furnished,,room-1699670
6516,,,4750,no,20,495,room,Furnished,495,room-1699661
6517,,,4751,no,60,1599,apartment,Furnished,3198,apartment-1699642
6518,,,3501,no,12,360,room,Unfurnished,360,room-1699636
6519,,,4752,no,10,425,room,Furnished,,room-1699640
6520,,,4753,no,16,364,room,Uncarpeted,,room-1699643
6521,,,4754,no,29,419,room,Unfurnished,,room-1699628
6522,,,4221,no,20,500,room,Furnished,500,room-1699626
6523,,,4755,no,35,1200,apartment,Unfurnished,1200,apartment-1699620
6524,,,4756,no,15,650,room,Furnished,,room-1699593
6525,,,2400,no,7,450,room,Furnished,0,room-1699641
6526,,,4757,yes,35,720,studio,Uncarpeted,1480,studio-1699615
6527,,,2592,no,20,480,room,Furnished,960,room-1699612
6528,,,4758,no,22,375,room,Unfurnished,,room-1699613
6529,,,4759,no,7,300,room,Furnished,450,room-1699609
6530,,,2066,no,71,1350,apartment,Furnished,,apartment-1699602
6531,,,4760,no,24,590,studio,Unfurnished,,studio-1699600
6532,,,3601,no,16,900,room,Furnished,,room-1699599
6533,,,4761,no,9,400,room,Uncarpeted,400,room-1699629
6534,,,4762,no,40,625,room,Furnished,100,room-1699590
6535,,,4763,no,20,500,room,Uncarpeted,750,room-1699587
6536,,,4764,no,11,645,room,Furnished,600,room-1699622
6537,,,4765,no,11,635,room,Furnished,1000,room-1699621
6538,,,4766,no,10,467,room,Furnished,50,room-1699618
6539,,,4767,no,13,670,room,Furnished,750,room-1699585
6540,,,4768,no,12,420,room,Furnished,380,room-1699586
6541,,,2554,no,12,367,room,Unfurnished,,room-1699583
6542,,,3403,no,8,375,room,Unfurnished,500,room-1699584
6543,,,4769,no,114,995,apartment,Unfurnished,,apartment-1699560
6544,,,4689,no,27,700,room,Furnished,1000,room-1699546
6545,,,4770,no,105,1100,apartment,Unfurnished,1100,apartment-1699533
6546,,,4771,no,17,875,room,Unfurnished,,room-1699523
6547,,,4772,no,16,475,room,Furnished,500,room-1699520
6548,,,4773,no,12,500,room,Furnished,500,room-1699518
6549,,,4774,no,22,825,room,Unfurnished,825,room-1699492
6550,,,1588,no,8,550,room,Furnished,,room-1699510
6551,,,4150,no,42,750,studio,Unfurnished,,studio-1699511
6552,,,4775,no,15,485,room,Furnished,,room-1699493
6553,,,4776,no,9,500,room,Furnished,,room-1699505
6554,,,4776,no,9,500,room,Furnished,,room-1699504
6555,,,4776,no,9,500,room,Furnished,,room-1699502
6556,,,4776,no,9,500,room,Furnished,,room-1699500
6557,,,2905,no,20,450,studio,Unfurnished,450,studio-1699498
6558,,,3740,no,80,1275,apartment,Furnished,1500,apartment-1699573
6559,,,4777,no,16,555,room,,,room-1699566
6560,,,4778,no,44,995,apartment,,,apartment-1699565
6561,,,4778,no,20,585,room,,,room-1699564
6562,,,4779,no,22,585,room,,,room-1699563
6563,,,4780,no,150,2250,apartment,Furnished,,apartment-1699557
6564,,,4781,no,40,690,apartment,Uncarpeted,,apartment-1699556
6565,,,1999,no,10,450,room,Furnished,500,room-1699555
6566,,,4782,no,25,610,studio,Unfurnished,,studio-1699543
6567,,,2942,no,17,1150,room,Furnished,1500,room-1700061
6568,,,4783,no,18,500,room,Unfurnished,500,room-1700026
6569,,,4784,no,120,1200,apartment,Unfurnished,1800,apartment-1700025
6570,,,4785,no,25,800,studio,Furnished,1000,studio-1700024
6571,,,4786,no,20,800,room,Furnished,,room-1700019
6572,,,4787,no,24,785,room,Uncarpeted,1266,room-1700014
6573,,,1806,no,27,1585,studio,Furnished,,studio-1700012
6574,,,1041,no,12,525,room,Unfurnished,,room-1700010
6575,,,4788,no,22,410,room,Unfurnished,410,room-1700006
6576,,,4789,no,24,1200,room,Furnished,,room-1700000
6577,,,2881,no,85,1375,apartment,Furnished,2750,apartment-1699992
6578,,,1831,no,50,895,apartment,Unfurnished,,apartment-1699999
6579,,,4492,yes,18,650,studio,Uncarpeted,650,studio-1699994
6580,,,4790,no,8,390,room,Uncarpeted,390,room-1699984
6581,,,4791,no,14,386,room,Unfurnished,325,room-1699985
6582,,,4792,no,17,630,room,Unfurnished,,room-1699975
6583,,,3743,no,24,310,room,Furnished,310,room-1699971
6584,,,4793,no,25,495,room,Unfurnished,595,room-1699969
6585,,,4794,no,10,925,room,Furnished,1850,room-1699967
6586,,,4795,no,17,395,room,Uncarpeted,395,room-1699958
6587,,,4796,no,25,500,room,Unfurnished,,room-1699959
6588,,,4797,no,25,475,room,Unfurnished,,room-1699957
6589,,,4798,no,70,1150,apartment,Furnished,750,apartment-1700015
6590,,,4799,no,15,340,room,Furnished,300,room-1700038
6591,,,4203,no,21,550,room,Unfurnished,550,room-1700030
6592,,,4800,no,35,583,room,Uncarpeted,600,room-1700029
6593,,,4801,no,33,420,room,Uncarpeted,400,room-1700028
6594,,,4452,no,11,650,room,Furnished,650,room-1700023
6595,,,4802,no,13,470,room,Uncarpeted,,room-1700017
6596,,,4803,no,10,300,room,Unfurnished,300,room-1700008
6597,,,4804,no,18,340,room,Furnished,,room-1700009
6598,,,4047,no,64,1150,apartment,Furnished,2300,apartment-1700004
6599,,,4805,no,23,435,room,Unfurnished,435,room-1699995
6600,,,1876,no,18,360,room,Unfurnished,,room-1699993
6601,,,4806,no,18,375,room,Uncarpeted,750,room-1699976
6602,,,4807,no,9,650,room,Furnished,500,room-1699974
6603,,,1696,no,16,800,room,Unfurnished,900,room-1699972
6604,,,1456,no,16,800,apartment,Furnished,323,apartment-1699970
6605,,,4808,no,81,1350,apartment,Uncarpeted,1400,apartment-1699960
6606,,,2773,no,12,625,room,Furnished,0,room-1699964
6607,,,4809,no,12,560,room,Uncarpeted,560,room-1699926
6608,,,4810,no,7,375,room,Furnished,375,room-1699956
6609,,,3419,no,62,950,apartment,Furnished,0,apartment-1699912
6610,,,4811,no,52,850,apartment,Furnished,0,apartment-1671205
6611,,,4812,no,20,400,room,Unfurnished,,room-1699955
6612,,,4813,no,12,550,room,Furnished,865,room-1699947
6613,,,4000,no,14,600,room,Furnished,,room-1699945
6614,,,2851,no,7,425,room,Uncarpeted,900,room-1699941
6615,,,2851,no,10,450,room,Uncarpeted,900,room-1699931
6616,,,2019,yes,34,550,room,Furnished,550,room-1699935
6617,,,4814,no,11,550,room,Furnished,250,room-1699930
6618,,,3635,no,12,638,room,Furnished,,room-1699929
6619,,,4815,no,38,950,studio,Unfurnished,950,studio-1699920
6620,,,4622,no,19,700,room,Furnished,700,room-1699921
6621,,,4816,no,22,650,room,Uncarpeted,650,room-1699919
6622,,,4817,no,25,799,room,Furnished,900,room-1699915
6623,,,4816,no,11,550,room,Uncarpeted,500,room-1699914
6624,,,3663,no,20,1000,room,Unfurnished,1000,room-1699901
6625,,,1239,no,15,351,room,Uncarpeted,351,room-1699897
6626,,,4541,no,7,1200,room,Furnished,1200,room-1699952
6627,,,4818,yes,28,440,studio,Unfurnished,,studio-1699890
6628,,,1114,no,110,1600,apartment,Furnished,,apartment-1699889
6629,,,4819,no,150,2500,apartment,Unfurnished,7500,apartment-1699858
6630,,,1147,no,70,1830,apartment,Furnished,1830,apartment-1699884
6631,,,4820,no,67,1350,apartment,Furnished,,apartment-1699878
6632,,,2592,no,15,455,room,Furnished,910,room-1699882
6633,,,2224,no,20,585,room,Uncarpeted,585,room-1699870
6634,,,2592,no,19,465,room,Furnished,930,room-1699880
6635,,,2592,no,20,480,room,Furnished,960,room-1699879
6636,,,2592,no,25,535,room,Furnished,1070,room-1699871
6637,,,4333,no,75,1900,apartment,Furnished,,apartment-1699875
6638,,,1811,no,16,375,room,Unfurnished,,room-1699873
6639,,,2592,no,19,465,room,Furnished,930,room-1699868
6640,,,2592,no,19,465,room,Furnished,930,room-1699860
6641,,,4821,no,18,410,room,Unfurnished,0,room-1699863
6642,,,4822,no,16,395,room,Uncarpeted,400,room-1699866
6643,,,4823,no,32,610,room,Furnished,610,room-1699944
6644,,,1104,no,50,1300,apartment,Furnished,5000,apartment-1699766
6645,,,1484,no,85,1500,apartment,Furnished,500,apartment-1699916
6646,,,3903,no,19,550,room,Uncarpeted,550,room-1699907
6647,,,4824,no,14,360,room,Unfurnished,,room-1699888
6648,,,4825,no,15,400,room,Unfurnished,300,room-1699886
6649,,,4826,no,11,400,room,Unfurnished,50,room-1699807
6650,,,4827,no,106,1350,apartment,Furnished,1350,apartment-1699881
6651,,,4828,no,16,495,room,Furnished,495,room-1699859
6652,,,3654,no,18,675,room,Furnished,675,room-1699829
6653,,,1206,no,16,700,room,Furnished,700,room-1699857
6654,,,1650,no,15,537,room,Uncarpeted,537,room-1699855
6655,,,4829,no,40,385,apartment,Furnished,770,apartment-1699854
6656,,,4830,no,24,440,room,Furnished,390,room-1699852
6657,,,4831,no,14,395,room,Unfurnished,,room-1699850
6658,,,4832,no,110,1400,apartment,Uncarpeted,1400,apartment-1699845
6659,,,4833,no,14,350,room,Uncarpeted,,room-1699837
6660,,,1178,no,18,570,room,Uncarpeted,570,room-1699840
6661,,,1177,no,17,585,room,Uncarpeted,585,room-1699832
6662,,,1150,yes,32,695,studio,Furnished,100,studio-1699851
6663,,,4834,no,13,375,room,Furnished,,room-1699838
6664,,,2741,no,13,290,room,Uncarpeted,350,room-1699830
6665,,,4835,no,65,1450,apartment,Unfurnished,1450,apartment-1699815
6666,,,4836,no,60,850,apartment,Unfurnished,,apartment-1699822
6667,,,3281,no,135,985,apartment,Unfurnished,,apartment-1699818
6668,,,4837,no,35,599,studio,Unfurnished,,studio-1699817
6669,,,4838,no,74,1550,apartment,Unfurnished,,apartment-1699811
6670,,,4838,no,74,1450,apartment,Furnished,,apartment-1699810
6671,,,4839,no,55,1450,apartment,Unfurnished,1450,apartment-1699809
6672,,,4840,no,18,1500,studio,Furnished,1500,studio-1699804
6673,,,3707,no,9,450,room,Furnished,,room-1699797
6674,,,4841,no,12,275,room,Furnished,275,room-1699787
6675,,,2985,no,18,565,room,Furnished,285,room-1699786
6676,,,1631,no,12,750,room,Unfurnished,,room-1699784
6677,,,4842,no,12,450,room,Furnished,900,room-1699782
6678,,,4843,no,12,580,room,Furnished,1000,room-1699783
6679,,,1551,no,20,410,room,Unfurnished,,room-1699772
6680,,,2943,no,60,1000,apartment,Furnished,,apartment-1699820
6681,,,4844,no,98,1695,apartment,Furnished,,apartment-1699819
6682,,,4845,no,80,950,apartment,Uncarpeted,,apartment-1699812
6683,,,4826,no,11,400,room,Unfurnished,50,room-1699805
6684,,,1690,no,10,400,room,Furnished,800,room-1699794
6685,,,4766,no,10,467,apartment,Furnished,50,apartment-1699618
6686,,,1456,no,18,800,room,Furnished,,room-1699978
6687,,,4846,no,75,1795,apartment,Unfurnished,3500,apartment-1700269
6688,,,1830,no,50,1400,apartment,Furnished,1400,apartment-1700274
6689,,,4847,no,15,405,room,Furnished,405,room-1700260
6690,,,1395,no,13,800,room,Furnished,500,room-1700257
6691,,,4848,no,29,850,room,Furnished,975,room-1700256
6692,,,4849,no,16,360,room,Uncarpeted,360,room-1700252
6693,,,4850,no,15,450,room,Unfurnished,,room-1700247
6694,,,4851,yes,32,720,studio,Furnished,720,studio-1700245
6695,,,4852,no,15,750,room,Furnished,0,room-1700239
6696,,,2854,no,17,725,room,Unfurnished,,room-1700241
6697,,,2786,no,13,875,room,Furnished,1000,room-1700226
6698,,,4853,no,65,1450,apartment,Furnished,500,apartment-1700217
6699,,,4334,no,66,1600,apartment,Furnished,,apartment-1700214
6700,,,4854,no,17,245,room,Uncarpeted,245,room-1700199
6701,,,4855,no,16,595,room,Furnished,,room-1700192
6702,,,4597,no,16,537,room,Uncarpeted,537,room-1700195
6703,,,2267,no,32,850,studio,Furnished,1700,studio-1700189
6704,,,4597,no,8,310,room,Uncarpeted,90,room-1700187
6705,,,4856,no,17,585,room,Uncarpeted,585,room-1700183
6706,,,4857,no,15,445,room,Uncarpeted,445,room-1700160
6707,,,4858,no,8,390,room,Furnished,390,room-1700178
6708,,,4859,no,13,689,room,Furnished,200,room-1700179
6709,,,2415,no,15,517,room,Uncarpeted,517,room-1700177
6710,,,3921,no,16,543,room,Uncarpeted,543,room-1700173
6711,,,2221,no,30,825,studio,Furnished,825,studio-1700169
6712,,,2236,no,12,335,room,Furnished,670,room-1700164
6713,,,1324,no,14,325,room,Unfurnished,325,room-1700203
6714,,,1635,no,15,325,room,Uncarpeted,,room-1700201
6715,,,4410,no,12,580,room,Furnished,580,room-1700196
6716,,,3431,no,45,1350,apartment,Furnished,2000,apartment-1700188
6717,,,4860,no,100,1500,apartment,Unfurnished,1500,apartment-1700175
6718,,,4861,no,102,2000,apartment,Furnished,2000,apartment-1700184
6719,,,4803,no,9,300,room,Uncarpeted,300,room-1700180
6720,,,4862,no,12,295,room,Uncarpeted,295,room-1700182
6721,,,4863,no,12,700,room,Furnished,,room-1700174
6722,,,3828,no,9,280,room,Furnished,280,room-1700171
6723,,,3986,no,9,385,room,Furnished,385,room-1639061
6724,,,4864,no,24,800,studio,Furnished,700,studio-1700166
6725,,,1229,no,16,800,room,Furnished,,room-1700154
6726,,,2592,no,18,430,room,Furnished,860,room-1700150
6727,,,4865,no,78,1495,apartment,Furnished,,apartment-1700126
6728,,,4866,no,28,470,apartment,Unfurnished,,apartment-1700124
6729,,,2167,no,30,995,studio,Furnished,,studio-1700123
6730,,,4867,no,16,790,room,Furnished,400,room-1700122
6731,,,4868,no,25,1500,studio,Furnished,1500,studio-1700145
6732,,,4867,no,16,790,room,Furnished,400,room-1700119
6733,,,4869,no,15,490,room,Furnished,490,room-1700114
6734,,,2851,no,12,450,room,Furnished,0,room-1700108
6735,,,1055,no,28,985,studio,Furnished,1000,studio-1700142
6736,,,4870,no,12,375,room,Unfurnished,,room-1700105
6737,,,3986,no,13,485,room,Furnished,485,room-1700134
6738,,,1794,no,24,340,room,Uncarpeted,,room-1700137
6739,,,2895,no,60,1200,apartment,Furnished,500,apartment-1700097
6740,,,4108,no,75,650,apartment,Furnished,550,apartment-1700120
6741,,,1054,no,30,650,room,Unfurnished,650,room-1700113
6742,,,4871,no,15,360,room,Furnished,350,room-1700100
6743,,,4872,no,67,1445,apartment,Furnished,2800,apartment-1700093
6744,,,4873,no,90,999,apartment,Unfurnished,,apartment-1700084
6745,,,4874,no,62,716,apartment,Unfurnished,,apartment-1700083
6746,,,2123,no,17,400,room,Unfurnished,,room-1700070
6747,,,4875,no,49,750,apartment,Unfurnished,750,apartment-1700064
6748,,,1969,no,15,398,room,Furnished,450,room-1700060
6749,,,4876,no,36,1115,apartment,Furnished,1115,apartment-1700043
6750,,,4537,no,52,800,apartment,Furnished,400,apartment-1700088
6751,,,4877,no,19,375,room,Furnished,0,room-1700048
6752,,,4878,no,58,1500,apartment,Furnished,,apartment-1700086
6753,,,4879,no,80,1750,apartment,Furnished,,apartment-1700085
6754,,,4880,no,156,2450,apartment,Furnished,,apartment-1700080
6755,,,2167,no,16,995,room,Furnished,1000,room-1700072
6756,,,1456,no,16,800,room,Furnished,323,room-1699970
6757,,,4881,no,12,400,room,Furnished,,room-1699785
6758,,,4882,no,10,650,room,Furnished,650,room-1700232
6759,,,4883,no,65,1295,apartment,Furnished,1300,apartment-1700574
6760,,,4884,no,11,589,room,Unfurnished,1178,room-1700556
6761,,,4885,no,20,750,room,Furnished,0,room-1700548
6762,,,1226,no,12,300,room,Furnished,250,room-1700546
6763,,,4886,no,50,1100,apartment,Furnished,,apartment-1700543
6764,,,4887,no,45,2000,room,Furnished,,room-1700544
6765,,,2016,no,13,600,room,Furnished,600,room-1700538
6766,,,4888,no,10,370,room,Unfurnished,500,room-1700531
6767,,,4889,no,14,425,room,Furnished,400,room-1700530
6768,,,4890,no,15,330,room,Unfurnished,,room-1700526
6769,,,1560,no,67,775,apartment,Furnished,,apartment-1700525
6770,,,3817,no,17,400,room,Uncarpeted,0,room-1700516
6771,,,4891,no,32,985,room,Furnished,1970,room-1700542
6772,,,4892,no,30,765,studio,Furnished,200,studio-1700513
6773,,,1886,no,12,200,room,Unfurnished,0,room-1700515
6774,,,4893,no,90,950,apartment,Unfurnished,950,apartment-1700512
6775,,,2214,no,15,350,room,Uncarpeted,350,room-1700508
6776,,,4894,no,20,440,room,Unfurnished,440,room-1700541
6777,,,4895,no,21,490,room,Unfurnished,490,room-1700537
6778,,,4896,no,20,510,room,Unfurnished,510,room-1700527
6779,,,1830,no,50,1400,apartment,Furnished,1400,apartment-1700507
6780,,,1635,no,12,330,room,Furnished,,room-1700506
6781,,,4897,no,15,750,room,Furnished,,room-1700499
6782,,,4898,no,80,1275,apartment,Furnished,1275,apartment-1700496
6783,,,1423,no,18,820,room,Furnished,776,room-1700491
6784,,,1704,no,8,220,room,Unfurnished,,room-1700490
6785,,,2592,no,18,450,room,Furnished,900,room-1700488
6786,,,4899,no,31,660,studio,Furnished,990,studio-1700485
6787,,,3069,no,21,950,apartment,Furnished,,apartment-1700469
6788,,,1333,no,22,350,room,Furnished,50,room-1700498
6789,,,1554,no,15,545,room,Furnished,545,room-1700455
6790,,,2579,no,16,320,room,Uncarpeted,320,room-1700443
6791,,,4900,no,14,316,room,Furnished,316,room-1700439
6792,,,3515,no,12,800,room,Furnished,1600,room-1700436
6793,,,4567,no,11,495,room,Unfurnished,,room-1700434
6794,,,4901,no,100,700,studio,Furnished,300,studio-1700435
6795,,,4901,no,100,700,studio,Furnished,300,studio-1700432
6796,,,2448,no,12,400,room,Unfurnished,,room-1700470
6797,,,3222,no,13,350,room,Uncarpeted,350,room-1700420
6798,,,4902,no,16,850,room,Furnished,,room-1700466
6799,,,4901,no,100,700,studio,Furnished,300,studio-1700422
6800,,,4903,no,13,530,room,Furnished,530,room-1700406
6801,,,4904,no,22,690,apartment,Unfurnished,750,apartment-1700463
6802,,,4905,no,18,350,room,Uncarpeted,,room-1700413
6803,,,4906,no,68,950,apartment,Unfurnished,,apartment-1700412
6804,,,4907,no,24,680,apartment,Unfurnished,,apartment-1700409
6805,,,4908,no,26,585,apartment,Unfurnished,,apartment-1700408
6806,,,4909,no,9,210,room,Unfurnished,,room-1700407
6807,,,4910,no,11,690,room,Furnished,690,room-1700401
6808,,,4911,no,60,850,apartment,Unfurnished,,apartment-1700402
6809,,,1746,no,17,425,room,Furnished,500,room-1700454
6810,,,4912,no,12,480,room,Unfurnished,460,room-1700450
6811,,,4913,no,65,1550,apartment,Unfurnished,1550,apartment-1700449
6812,,,4662,no,36,570,room,Uncarpeted,,room-1700437
6813,,,4662,no,26,505,room,Uncarpeted,1010,room-1700426
6814,,,4914,no,9,800,room,Unfurnished,,room-1700424
6815,,,4915,no,14,500,studio,Furnished,500,studio-1700416
6816,,,4916,no,17,548,room,Unfurnished,548,room-1700399
6817,,,4291,no,14,650,room,Furnished,650,room-1700329
6818,,,2096,no,45,635,room,Unfurnished,635,room-1700395
6819,,,1715,no,11,450,room,Unfurnished,450,room-1700392
6820,,,4764,no,11,645,room,Furnished,600,room-1700390
6821,,,2808,no,22,560,room,Unfurnished,560,room-1700386
6822,,,2802,no,30,1375,apartment,Furnished,,apartment-1700387
6823,,,2808,no,19,560,room,Unfurnished,,room-1700384
6824,,,4917,no,70,1000,studio,Furnished,1000,studio-1700380
6825,,,1635,yes,12,310,room,Uncarpeted,0,room-1700381
6826,,,1695,yes,70,700,apartment,Furnished,,apartment-1700366
6827,,,4918,no,90,1050,apartment,Unfurnished,,apartment-1700364
6828,,,2224,no,20,585,room,Unfurnished,,room-1700362
6829,,,2415,no,13,517,room,Unfurnished,,room-1700358
6830,,,4919,no,35,925,apartment,Unfurnished,,apartment-1700352
6831,,,1806,no,27,1500,studio,Furnished,1500,studio-1700351
6832,,,4920,no,71,1370,apartment,Unfurnished,,apartment-1700348
6833,,,2189,no,25,665,apartment,Unfurnished,,apartment-1700347
6834,,,4921,no,74,995,apartment,Unfurnished,,apartment-1700346
6835,,,4588,no,54,895,apartment,Furnished,,apartment-1700344
6836,,,1084,no,34,830,apartment,Unfurnished,,apartment-1700340
6837,,,4838,no,74,1750,apartment,Furnished,,apartment-1700337
6838,,,4673,no,11,650,room,Furnished,1300,room-1700332
6839,,,4922,no,17,425,studio,Unfurnished,,studio-1700331
6840,,,4923,no,16,510,room,Unfurnished,,room-1700321
6841,,,2776,no,20,599,room,Furnished,599,room-1700319
6842,,,4601,no,12,485,room,Furnished,950,room-1700317
6843,,,4924,no,25,495,room,Unfurnished,495,room-1700311
6844,,,4925,no,15,525,room,Furnished,,room-1700313
6845,,,4926,no,92,1400,apartment,Furnished,2000,apartment-1700306
6846,,,4927,no,15,610,room,Furnished,,room-1700300
6847,,,4928,no,14,340,room,Furnished,300,room-1700369
6848,,,2788,no,40,650,apartment,Furnished,300,apartment-1700370
6849,,,4929,no,55,800,studio,Furnished,50,studio-1700361
6850,,,4930,no,11,473,room,Unfurnished,375,room-1699891
6851,,,4931,no,25,795,room,Furnished,795,room-1700272
6852,,,2307,no,67,947,apartment,,,apartment-1700342
6853,,,2000,no,55,795,apartment,,,apartment-1700341
6854,,,4105,no,90,2100,apartment,Unfurnished,,apartment-1700339
6855,,,4932,no,120,2350,apartment,Furnished,,apartment-1700338
6856,,,1416,no,40,900,room,Furnished,900,room-1700326
6857,,,1054,no,30,650,room,Unfurnished,650,room-1700324
6858,,,4933,no,13,420,room,Uncarpeted,,room-1700270
6859,,,3716,no,50,750,apartment,Unfurnished,1500,apartment-1700263
6860,,,2900,no,9,375,room,Furnished,50,room-1700258
6861,,,2540,no,18,550,room,Furnished,,room-1700255
6862,,,4221,no,24,500,room,Furnished,500,room-1700248
6863,,,2935,no,22,800,room,Furnished,750,room-1700237
6864,,,4934,no,13,690,room,Furnished,250,room-1700219
6865,,,4935,no,12,590,room,Furnished,,room-1700216
6866,,,4693,no,70,900,apartment,Uncarpeted,900,apartment-1700318
6867,,,4936,no,50,875,apartment,Uncarpeted,875,apartment-1700210
6868,,,1006,no,17,985,room,Furnished,985,room-1701686
6869,,,1006,no,17,857,room,Furnished,857,room-1701685
6870,,,1417,no,14,560,room,Unfurnished,560,room-1701717
6871,,,4937,no,25,665,studio,Furnished,600,studio-1701719
6872,,,4938,no,16,580,room,Furnished,580,room-1701718
6873,,,4939,no,75,950,apartment,Unfurnished,600,apartment-1701715
6874,,,4940,no,10,310,room,Furnished,310,room-1701710
6875,,,4941,no,10,265,room,Furnished,,room-1701699
6876,,,4942,no,30,780,room,Furnished,,room-1701706
6877,,,2263,no,14,750,room,Furnished,,room-1701697
6878,,,3894,no,60,750,apartment,Furnished,,apartment-1701689
6879,,,1354,no,16,400,room,Unfurnished,400,room-1701684
6880,,,4943,no,8,450,room,Furnished,500,room-1701683
6881,,,4944,no,9,435,room,Furnished,435,room-1701713
6882,,,4945,no,20,550,room,Furnished,,room-1701711
6883,,,4452,no,11,650,room,Furnished,650,room-1701707
6884,,,4946,no,10,325,room,Unfurnished,650,room-1701705
6885,,,4947,no,20,450,room,Uncarpeted,0,room-1701700
6886,,,1637,no,16,695,room,Furnished,500,room-1701695
6887,,,4948,no,52,1750,apartment,Furnished,500,apartment-1701663
6888,,,4949,no,60,950,anti-kraak,Furnished,,anti-squat-1701676
6889,,,4950,no,12,400,room,Furnished,100,room-1701671
6890,,,4951,no,65,1850,apartment,Furnished,1500,apartment-1701646
6891,,,2136,no,12,800,room,Furnished,800,room-1701664
6892,,,3336,no,20,250,room,Furnished,,room-1701659
6893,,,1735,no,55,1650,apartment,Unfurnished,1650,apartment-1701656
6894,,,4093,no,16,600,room,Uncarpeted,1000,room-1701669
6895,,,1166,no,17,365,room,Furnished,,room-1701657
6896,,,2522,no,31,750,studio,Furnished,750,studio-1701651
6897,,,4952,no,22,790,room,Furnished,1580,room-1701653
6898,,,4953,no,11,780,room,Uncarpeted,800,room-1701635
6899,,,4954,no,23,580,room,Furnished,580,room-1701639
6900,,,4955,no,15,550,room,Furnished,550,room-1701636
6901,,,4956,no,17,550,room,Unfurnished,,room-1701637
6902,,,1327,no,8,600,room,Uncarpeted,500,room-1701630
6903,,,4957,no,10,800,room,Furnished,800,room-1701623
6904,,,4958,no,18,385,room,Unfurnished,385,room-1701668
6905,,,2354,no,16,450,room,Furnished,,room-1701632
6906,,,4959,no,14,340,room,Furnished,340,room-1701620
6907,,,4960,no,100,1050,apartment,Uncarpeted,,apartment-1701602
6908,,,4158,no,60,1450,apartment,Furnished,,apartment-1701615
6909,,,4961,no,70,1800,apartment,Furnished,,apartment-1701614
6910,,,4962,no,85,1795,apartment,Furnished,,apartment-1701613
6911,,,4963,no,35,599,room,Unfurnished,575,room-1701587
6912,,,2608,no,85,1850,apartment,Furnished,,apartment-1701610
6913,,,2918,no,90,1200,apartment,Furnished,,apartment-1701609
6914,,,2995,no,102,1250,apartment,Unfurnished,,apartment-1701608
6915,,,2066,no,71,1250,apartment,Furnished,,apartment-1701607
6916,,,4964,no,22,585,apartment,Unfurnished,,apartment-1701605
6917,,,4965,no,25,595,studio,Unfurnished,,studio-1701597
6918,,,1830,no,50,1300,apartment,Furnished,1300,apartment-1701665
6919,,,2924,no,20,750,room,Furnished,,room-1701591
6920,,,4966,no,40,725,studio,Unfurnished,,studio-1701592
6921,,,1741,no,30,1150,studio,Furnished,,studio-1701590
6922,,,2895,yes,60,300,apartment,Furnished,200,apartment-1701580
6923,,,4967,no,75,1500,apartment,Furnished,,apartment-1701579
6924,,,1239,no,15,351,room,Uncarpeted,351,room-1701578
6925,,,4968,no,12,320,room,Unfurnished,320,room-1701575
6926,,,1189,no,14,397,room,Unfurnished,500,room-1700575
6927,,,4969,no,110,1500,apartment,Furnished,150,apartment-1701644
6928,,,2947,no,103,2250,apartment,Furnished,3000,apartment-1701652
6929,,,4970,no,13,700,room,Furnished,,room-1701643
6930,,,1544,no,15,332,room,Uncarpeted,,room-1701624
6931,,,2924,no,12,850,room,Unfurnished,,room-1700568
6932,,,4971,no,44,400,room,Uncarpeted,,room-1700562
6933,,,1976,no,30,733,room,Furnished,735,room-1700560
6934,,,1908,no,11,310,room,Unfurnished,,room-1700558
6935,,,1559,no,14,600,room,Furnished,1200,room-1700555
6936,,,4822,no,14,350,room,Unfurnished,350,room-1700553
6937,,,4221,no,10,390,room,Unfurnished,390,room-1700550
6938,,,4972,no,14,635,room,Furnished,,room-1701622
6939,,,4973,no,12,335,room,Unfurnished,,room-1700547
6940,,,4532,no,22,550,studio,Furnished,,studio-1701600
6941,,,4371,no,10,450,room,Furnished,,room-1701627
6942,,,4974,no,52,1500,apartment,Furnished,1600,apartment-1701621
6943,,,4975,no,22,600,room,Furnished,600,room-1701619
6944,,,2280,no,97,1480,apartment,Unfurnished,1480,apartment-1701599
6945,,,4249,no,36,1100,room,Uncarpeted,0,room-1701617
6946,,,4976,no,61,1395,apartment,Furnished,,apartment-1701611
6947,,,4977,yes,30,700,studio,Furnished,700,studio-1701598
6948,,,4978,no,14,675,room,Furnished,675,room-1701594
6949,,,4979,no,28,750,studio,Furnished,1500,studio-1701932
6950,,,3506,no,28,690,room,Furnished,1180,room-1701927
6951,,,4654,no,16,300,room,Unfurnished,300,room-1701922
6952,,,1461,no,14,395,room,Unfurnished,600,room-1701917
6953,,,1270,no,14,310,room,Furnished,,room-1701912
6954,,,1981,no,60,895,apartment,Unfurnished,1000,apartment-1701901
6955,,,4980,no,24,600,room,Furnished,1200,room-1701904
6956,,,4380,no,70,1650,apartment,Furnished,1500,apartment-1701903
6957,,,4981,no,15,400,room,Unfurnished,740,room-1701896
6958,,,4982,no,120,1685,apartment,Uncarpeted,0,apartment-1701890
6959,,,4983,no,62,2000,studio,Furnished,4000,studio-1701886
6960,,,4984,no,18,900,room,Furnished,900,room-1701878
6961,,,4985,no,16,525,room,Furnished,1050,room-1701874
6962,,,4986,no,10,475,room,Furnished,100,room-1701865
6963,,,4985,no,27,745,studio,Furnished,1490,studio-1701857
6964,,,4987,no,11,389,room,Unfurnished,400,room-1701852
6965,,,1297,no,12,385,room,Uncarpeted,385,room-1701854
6966,,,4988,no,11,225,room,Unfurnished,0,room-1701851
6967,,,4252,no,74,775,room,Furnished,775,room-1701846
6968,,,4919,yes,25,650,studio,Furnished,650,studio-1701838
6969,,,1985,no,110,1350,apartment,Uncarpeted,1350,apartment-1701825
6970,,,3403,no,8,375,room,Unfurnished,550,room-1701811
6971,,,2895,no,60,1200,apartment,Furnished,,apartment-1701798
6972,,,1802,no,79,1500,apartment,Furnished,,apartment-1701797
6973,,,1081,no,10,425,room,Unfurnished,,room-1701796
6974,,,3587,no,40,550,room,Unfurnished,,room-1701795
6975,,,2545,no,22,700,room,Furnished,500,room-1701792
6976,,,4989,no,20,450,room,Furnished,450,room-1701750
6977,,,4990,no,25,410,studio,Unfurnished,570,studio-1701777
6978,,,4991,no,60,1675,apartment,Unfurnished,,apartment-1701775
6979,,,1463,no,26,635,apartment,Unfurnished,,apartment-1701766
6980,,,1802,no,79,1500,apartment,Furnished,,apartment-1701810
6981,,,4992,no,45,719,apartment,Unfurnished,,apartment-1701763
6982,,,4993,no,16,400,room,Furnished,,room-1701808
6983,,,4994,no,65,719,apartment,Unfurnished,,apartment-1701762
6984,,,3441,no,74,719,apartment,Unfurnished,,apartment-1701761
6985,,,4995,no,30,995,studio,Furnished,,studio-1701751
6986,,,1614,no,17,600,room,Furnished,,room-1701748
6987,,,1614,no,17,600,room,Furnished,,room-1701747
6988,,,4996,yes,24,350,room,Uncarpeted,50,room-1701746
6989,,,1810,no,14,400,room,Furnished,,room-1701745
6990,,,4997,no,9,475,room,Unfurnished,,room-1701736
6991,,,3171,no,19,1300,room,Furnished,,room-1701801
6992,,,4998,no,15,750,room,Furnished,2000,room-1701730
6993,,,4999,no,14,460,room,Furnished,,room-1701737
6994,,,5000,no,12,500,room,Furnished,350,room-1701735
6995,,,2821,no,70,1200,apartment,Unfurnished,,apartment-1701726
6996,,,3443,no,16,550,room,Furnished,250,room-1701802
6997,,,5001,no,40,725,apartment,Unfurnished,800,apartment-1701788
6998,,,5002,no,35,1400,apartment,Furnished,1400,apartment-1701799
6999,,,4552,no,7,250,room,Unfurnished,,room-1701789
7000,,,5003,yes,75,550,apartment,Furnished,250,apartment-1701787
7001,,,4088,no,22,450,room,Unfurnished,,room-1701786
7002,,,5004,no,84,990,room,Furnished,990,room-1701783
7003,,,5005,no,9,450,room,Furnished,450,room-1701781
7004,,,1416,no,40,900,room,Furnished,900,room-1701778
7005,,,3168,no,87,2250,apartment,Furnished,,apartment-1701774
7006,,,1372,no,128,2750,apartment,Furnished,,apartment-1701773
7007,,,1789,no,85,2950,apartment,Furnished,,apartment-1701772
7008,,,3722,no,101,1950,apartment,Furnished,,apartment-1701771
7009,,,3720,no,117,2750,apartment,Furnished,,apartment-1701770
7010,,,4051,no,120,2300,apartment,Furnished,,apartment-1701769
7011,,,4170,no,80,2100,apartment,Furnished,,apartment-1701767
7012,,,5006,no,15,323,room,Uncarpeted,,room-1701756
7013,,,3484,no,21,443,room,Uncarpeted,,room-1701755
7014,,,5007,no,22,415,room,Uncarpeted,,room-1701754
7015,,,3660,no,30,495,room,Uncarpeted,,room-1701753
7016,,,3564,no,20,407,room,Uncarpeted,,room-1701752
7017,,,5008,no,30,750,studio,Furnished,750,studio-1701744
7018,,,5009,no,9,600,room,Furnished,600,room-1701743
7019,,,5010,no,14,735,room,Furnished,1470,room-1702125
7020,,,5011,no,12,550,room,Furnished,275,room-1702122
7021,,,3034,no,20,404,room,Unfurnished,,room-1702117
7022,,,5012,no,18,700,room,Unfurnished,200,room-1702116
7023,,,4540,no,10,400,room,Furnished,,room-1702106
7024,,,5013,no,40,1050,apartment,Furnished,,apartment-1701956
7025,,,4902,no,16,650,room,Unfurnished,,room-1702089
7026,,,5014,no,35,1495,apartment,Furnished,1500,apartment-1702088
7027,,,2833,no,16,810,apartment,Furnished,730,apartment-1702080
7028,,,5015,no,35,600,room,Unfurnished,600,room-1702070
7029,,,2706,no,44,995,studio,Unfurnished,995,studio-1702063
7030,,,5016,no,15,697,room,Furnished,750,room-1702050
7031,,,1624,no,16,600,room,Furnished,600,room-1702055
7032,,,3230,no,65,1150,apartment,Furnished,1150,apartment-1701962
7033,,,5017,no,17,410,room,Unfurnished,820,room-1702045
7034,,,5018,no,15,470,room,Unfurnished,,room-1702047
7035,,,4579,no,19,1050,room,Furnished,,room-1702073
7036,,,5019,no,65,1100,apartment,Furnished,500,apartment-1702041
7037,,,5020,no,21,421,room,Furnished,,room-1701925
7038,,,5021,no,11,350,room,Unfurnished,350,room-1702074
7039,,,2467,no,8,550,room,Furnished,1300,room-1702067
7040,,,5022,no,100,1250,room,Furnished,2500,room-1702064
7041,,,5023,yes,32,695,studio,Unfurnished,695,studio-1702061
7042,,,1122,no,23,950,room,Furnished,500,room-1702060
7043,,,5024,no,110,1095,apartment,Furnished,1095,apartment-1702049
7044,,,5025,no,14,390,room,Unfurnished,0,room-1702048
7045,,,5026,no,14,418,room,Unfurnished,418,room-1702043
7046,,,4621,no,10,650,room,Furnished,500,room-1702039
7047,,,5027,no,7,600,room,Unfurnished,1200,room-1702038
7048,,,1208,no,17,350,room,Uncarpeted,350,room-1702026
7049,,,5028,no,20,650,room,Furnished,,room-1702025
7050,,,5029,no,60,1000,apartment,Unfurnished,2000,apartment-1702023
7051,,,3054,no,51,900,apartment,Unfurnished,1000,apartment-1701980
7052,,,4074,no,16,350,room,Unfurnished,350,room-1702014
7053,,,3539,no,6,185,room,Furnished,,room-1702009
7054,,,5030,no,50,590,room,Furnished,,room-1702005
7055,,,1349,no,15,800,room,Unfurnished,800,room-1702007
7056,,,5031,no,22,395,room,Uncarpeted,,room-1702006
7057,,,5032,no,14,340,room,Uncarpeted,,room-1702004
7058,,,3741,no,40,1050,apartment,Unfurnished,,apartment-1701999
7059,,,4942,no,30,780,room,Furnished,,room-1701998
7060,,,5033,no,53,845,apartment,Unfurnished,,apartment-1701992
7061,,,2808,no,44,845,apartment,Unfurnished,,apartment-1701991
7062,,,2327,no,10,280,room,Furnished,,room-1702024
7063,,,5034,no,20,800,apartment,Uncarpeted,30,apartment-1701589
7064,,,1327,no,13,800,room,Unfurnished,500,room-1702015
7065,,,1160,no,70,1200,apartment,Unfurnished,1200,apartment-1702022
7066,,,4667,no,12,425,room,Unfurnished,425,room-1702021
7067,,,4822,no,15,345,room,Unfurnished,,room-1701986
7068,,,5035,no,55,865,apartment,Unfurnished,,apartment-1701990
7069,,,5036,no,70,865,apartment,Unfurnished,,apartment-1701989
7070,,,1476,no,8,275,room,Unfurnished,,room-1701979
7071,,,3714,no,45,755,apartment,Unfurnished,755,apartment-1701977
7072,,,3210,no,60,839,apartment,Unfurnished,1700,apartment-1701976
7073,,,4176,yes,24,675,apartment,Unfurnished,750,apartment-1701974
7074,,,3411,no,16,375,room,Unfurnished,375,room-1701973
7075,,,4446,no,22,700,room,Furnished,,room-1701972
7076,,,5037,no,11,300,room,Unfurnished,300,room-1701963
7077,,,4225,no,23,595,room,Furnished,595,room-1702001
7078,,,3479,no,16,450,room,Furnished,100,room-1701984
7079,,,4198,no,13,270,room,Uncarpeted,,room-1701968
7080,,,2585,no,15,850,apartment,Furnished,850,apartment-1701967
7081,,,2585,no,20,950,apartment,Furnished,950,apartment-1701965
7082,,,5038,yes,45,710,apartment,Unfurnished,835,apartment-1701959
7083,,,5039,no,24,499,room,Uncarpeted,350,room-1701961
7084,,,2497,no,22,500,room,Furnished,,room-1701595
7085,,,2019,yes,34,550,room,Furnished,550,room-1701955
7086,,,2104,no,38,575,studio,Unfurnished,,studio-1701937
7087,,,5040,no,18,390,room,Furnished,390,room-1701936
7088,,,1611,no,16,695,room,Furnished,,room-1701931
7089,,,1612,no,20,720,studio,Furnished,,studio-1701930
7090,,,1539,no,10,600,room,Furnished,,room-1701929
7091,,,5041,no,14,750,room,Furnished,750,room-1701920
7092,,,3420,no,43,935,apartment,Uncarpeted,,apartment-1701948
7093,,,3420,no,21,755,apartment,Uncarpeted,,apartment-1701947
7094,,,4963,no,35,599,room,Unfurnished,575,room-1701916
7095,,,1048,no,40,1250,studio,Furnished,1250,studio-1701910
7096,,,5042,no,10,375,room,Unfurnished,,room-1701908
7097,,,5043,no,21,480,room,Furnished,450,room-1698416
7098,,,4058,no,10,450,room,Unfurnished,450,room-1701909
7099,,,5044,no,16,550,room,Unfurnished,,room-1701906
7100,,,1728,no,18,395,room,Unfurnished,400,room-1701902
7101,,,3499,no,12,500,room,Unfurnished,,room-1701900
7102,,,5045,no,31,875,studio,Unfurnished,875,studio-1701895
7103,,,5045,no,33,850,studio,Unfurnished,875,studio-1701894
7104,,,5045,no,28,875,studio,Unfurnished,875,studio-1701891
7105,,,5046,no,9,330,room,Unfurnished,,room-1701892
7106,,,2989,no,11,400,room,Furnished,400,room-1701889
7107,,,5045,no,28,950,studio,Unfurnished,950,studio-1701888
7108,,,4930,no,11,473,room,Unfurnished,375,room-1701885
7109,,,2096,no,6,390,room,Furnished,,room-1701871
7110,,,3779,no,32,1150,studio,Unfurnished,1150,studio-1701853
7111,,,5047,no,25,1200,studio,Furnished,,studio-1701870
7112,,,5048,no,10,600,room,Furnished,,room-1701861
7113,,,5049,no,8,550,room,Furnished,,room-1701868
7114,,,1519,no,40,745,apartment,Unfurnished,,apartment-1701864
7115,,,4103,no,14,500,room,Furnished,,room-1701863
7116,,,5050,no,10,550,room,Furnished,500,room-1701848
7117,,,5051,yes,27,550,studio,Furnished,550,studio-1701844
7118,,,5052,no,16,650,room,Furnished,,room-1701782
7119,,,5053,no,12,200,room,Furnished,200,room-1701847
7120,,,5054,no,72,1250,apartment,Unfurnished,3000,apartment-1701836
7121,,,2114,no,12,400,room,Furnished,0,room-1701835
7122,,,3072,no,24,475,room,Uncarpeted,475,room-1701837
7123,,,5055,no,20,465,room,Uncarpeted,600,room-1701830
7124,,,5056,no,83,1495,apartment,Furnished,1495,apartment-1701827
7125,,,5057,no,12,800,room,Furnished,800,room-1701820
7126,,,5058,no,10,800,room,Furnished,750,room-1701826
7127,,,5040,no,14,360,room,Furnished,360,room-1701822
7128,,,5059,no,25,850,studio,Furnished,150,studio-1701819
7129,,,5060,no,19,420,room,Uncarpeted,,room-1701817
7130,,,3794,no,20,800,room,Furnished,,room-1701940
7131,,,4979,yes,28,650,studio,Furnished,1431,studio-1701934
7132,,,5061,no,12,450,room,Furnished,,room-1701687
7133,,,5062,no,17,500,room,Furnished,,room-1701674
7134,,,1535,no,14,500,room,Furnished,,room-1700410
7135,,,1443,no,8,300,room,Furnished,0,room-1702345
7136,,,2851,no,21,699,room,Furnished,699,room-1702186
7137,,,5010,no,9,550,room,Furnished,1100,room-1702126
7138,,,5063,no,64,1100,studio,Unfurnished,1200,studio-1702347
7139,,,5064,no,16,680,room,Unfurnished,,room-1702346
7140,,,5065,no,65,1200,apartment,Furnished,1200,apartment-1702343
7141,,,3949,no,98,1950,apartment,Furnished,1950,apartment-1702334
7142,,,2767,no,17,595,room,Unfurnished,595,room-1702330
7143,,,1111,no,15,280,room,Unfurnished,,room-1702319
7144,,,5066,no,25,890,room,Unfurnished,1600,room-1702309
7145,,,2537,no,22,600,room,Furnished,600,room-1702313
7146,,,3156,no,45,900,studio,Unfurnished,1800,studio-1702307
7147,,,5067,no,26,533,studio,Unfurnished,533,studio-1702297
7148,,,4846,no,75,1595,apartment,Unfurnished,3500,apartment-1702316
7149,,,5068,no,6,300,room,Uncarpeted,362,room-1702299
7150,,,5069,no,15,365,room,Unfurnished,730,room-1702289
7151,,,1811,no,14,360,room,Uncarpeted,360,room-1702285
7152,,,1206,no,16,700,room,Furnished,700,room-1702284
7153,,,1811,no,17,375,room,Uncarpeted,375,room-1702282
7154,,,2935,no,22,800,room,Furnished,750,room-1702283
7155,,,1383,no,12,850,room,Unfurnished,850,room-1702318
7156,,,1977,no,12,345,room,Uncarpeted,335,room-1702280
7157,,,4684,no,60,890,room,Furnished,890,room-1702277
7158,,,1803,no,75,1150,apartment,Furnished,1000,apartment-1702265
7159,,,5070,no,14,312,room,Uncarpeted,312,room-1702312
7160,,,5071,no,18,435,room,Unfurnished,,room-1702291
7161,,,5072,no,15,650,room,Furnished,,room-1702302
7162,,,5073,no,26,425,room,Furnished,425,room-1701858
7163,,,5074,no,11,900,room,Furnished,900,room-1702292
7164,,,5075,no,55,1250,apartment,Furnished,2500,apartment-1702270
7165,,,2288,no,85,1295,apartment,Unfurnished,2590,apartment-1702268
7166,,,5076,no,25,235,anti-kraak,Uncarpeted,300,anti-squat-1702251
7167,,,4469,no,69,1050,apartment,Unfurnished,,apartment-1702257
7168,,,5077,yes,50,650,apartment,Furnished,850,apartment-1702255
7169,,,5078,no,22,500,room,Furnished,500,room-1702243
7170,,,5079,no,65,990,apartment,Uncarpeted,990,apartment-1702228
7171,,,5080,no,10,650,room,Unfurnished,650,room-1702226
7172,,,3539,no,10,450,room,Unfurnished,,room-1702225
7173,,,5081,no,10,280,room,Unfurnished,,room-1702213
7174,,,5082,no,18,600,room,Furnished,250,room-1702138
7175,,,5083,yes,25,450,studio,Furnished,,studio-1701688
7176,,,5084,no,115,2450,apartment,Unfurnished,980,apartment-1702187
7177,,,5085,no,80,1400,apartment,Furnished,,apartment-1702204
7178,,,5086,no,65,950,apartment,Unfurnished,1500,apartment-1702180
7179,,,5087,no,54,845,apartment,Unfurnished,,apartment-1702199
7180,,,4193,no,72,1295,apartment,Unfurnished,,apartment-1702198
7181,,,2817,no,14,600,room,Furnished,,room-1702189
7182,,,1957,no,15,435,room,Furnished,0,room-1702223
7183,,,1807,no,12,410,room,Furnished,410,room-1702234
7184,,,4541,no,8,950,room,Furnished,950,room-1702222
7185,,,5088,no,65,1095,apartment,Furnished,1095,apartment-1702214
7186,,,5089,no,22,450,room,Furnished,450,room-1702194
7187,,,5090,no,55,950,apartment,Unfurnished,950,apartment-1702210
7188,,,4540,no,11,500,room,Furnished,70,room-1702192
7189,,,1807,no,11,550,room,Furnished,550,room-1702191
7190,,,1751,no,60,850,apartment,Furnished,,apartment-1702190
7191,,,5091,no,12,770,room,Unfurnished,,room-1702183
7192,,,5092,no,17,625,room,Unfurnished,625,room-1702179
7193,,,5093,no,12,338,room,Uncarpeted,338,room-1702171
7194,,,5094,no,43,975,apartment,Furnished,975,apartment-1689966
7195,,,5095,no,65,791,apartment,Furnished,800,apartment-1702185
7196,,,1173,no,22,650,room,Furnished,,room-1702170
7197,,,5096,no,10,445,room,Furnished,445,room-1702144
7198,,,3159,no,32,995,studio,Furnished,,studio-1702162
7199,,,3159,no,34,995,studio,Furnished,,studio-1702161
7200,,,1806,no,25,1750,studio,Furnished,1750,studio-1702145
7201,,,5097,no,8,295,room,Unfurnished,250,room-1702142
7202,,,5098,no,45,820,apartment,Uncarpeted,0,apartment-1702178
7203,,,5099,no,32,825,studio,Unfurnished,1650,studio-1700211
7204,,,1140,no,32,825,studio,Unfurnished,1650,studio-1702019
7205,,,1830,no,50,1300,apartment,Furnished,,apartment-1702114
7206,,,3456,no,13,367,room,Unfurnished,367,room-1702159
7207,,,3907,no,20,555,room,,,room-1702158
7208,,,5100,no,60,795,apartment,Furnished,,apartment-1702156
7209,,,5101,no,160,4200,apartment,Furnished,,apartment-1702154
7210,,,4961,no,90,1995,apartment,Furnished,,apartment-1702153
7211,,,3618,no,41,665,apartment,Unfurnished,,apartment-1702152
7212,,,5102,no,89,1200,apartment,Unfurnished,,apartment-1702150
7213,,,3729,no,17,302,room,Uncarpeted,,room-1702146
7214,,,5103,no,20,750,room,Furnished,750,room-1702139
7215,,,3858,no,50,1200,apartment,Furnished,,apartment-1702141
7216,,,5104,no,10,500,room,Unfurnished,500,room-1702119
7217,,,5105,no,12,750,room,Furnished,,room-1702118
7218,,,5106,no,15,450,room,Unfurnished,,room-1702103
7219,,,5107,no,20,425,room,Furnished,850,room-1702109
7220,,,5108,no,17,500,room,Uncarpeted,450,room-1702101
7221,,,3884,yes,32,473,studio,Furnished,0,studio-1702096
7222,,,5109,no,16,830,room,Uncarpeted,750,room-1702099
7223,,,5110,no,55,1200,apartment,Furnished,2400,apartment-1702098
7224,,,2781,no,12,260,room,Furnished,0,room-1702100
7225,,,5111,no,7,325,room,Uncarpeted,325,room-1702092
7226,,,5112,no,13,700,room,Furnished,,room-1702093
7227,,,1356,no,12,675,room,Unfurnished,675,room-1702090
7228,,,5113,no,131,2100,apartment,Unfurnished,2100,apartment-1702087
7229,,,5114,no,12,300,room,Furnished,300,room-1702082
7230,,,5010,no,8,600,room,Furnished,1200,room-1702127
7231,,,2833,no,16,810,room,Furnished,730,room-1702080
7232,,,4452,no,11,650,room,Furnished,650,room-1702596
7233,,,5115,no,22,650,room,Unfurnished,650,room-1702591
7234,,,1451,no,7,395,room,Furnished,395,room-1702588
7235,,,4809,no,12,560,room,Uncarpeted,560,room-1702589
7236,,,1495,no,30,520,room,Unfurnished,,room-1702582
7237,,,5116,no,18,350,room,Unfurnished,,room-1702585
7238,,,4176,yes,28,675,apartment,Unfurnished,675,apartment-1702542
7239,,,4841,no,10,295,room,Unfurnished,295,room-1702577
7240,,,5117,no,57,1295,apartment,Furnished,2000,apartment-1702574
7241,,,2324,yes,20,100,room,Unfurnished,0,room-1702573
7242,,,5118,no,12,485,room,Furnished,,room-1702570
7243,,,5119,no,17,600,room,Furnished,600,room-1702561
7244,,,5120,no,20,675,room,Furnished,675,room-1702581
7245,,,5092,no,14,575,room,Furnished,575,room-1702555
7246,,,5121,no,17,610,studio,Furnished,1350,studio-1702551
7247,,,5122,no,8,500,room,Furnished,,room-1702559
7248,,,3871,no,35,1100,studio,Unfurnished,1100,studio-1702547
7249,,,2325,no,110,950,room,Furnished,,room-1702579
7250,,,5123,no,59,900,apartment,Furnished,450,apartment-1702531
7251,,,3057,no,13,625,room,Furnished,625,room-1702580
7252,,,5124,no,11,250,room,Unfurnished,,room-1702528
7253,,,1897,no,20,900,room,Furnished,900,room-1702535
7254,,,4894,no,18,389,room,Unfurnished,0,room-1702536
7255,,,5125,no,60,1600,apartment,Furnished,,apartment-1702532
7256,,,2006,no,15,750,room,Uncarpeted,,room-1702530
7257,,,5126,no,65,850,apartment,Unfurnished,850,apartment-1702526
7258,,,5127,no,18,415,room,Unfurnished,,room-1702523
7259,,,1071,no,7,315,room,Unfurnished,,room-1702520
7260,,,1370,no,20,650,room,Furnished,,room-1702518
7261,,,5128,no,10,550,room,Unfurnished,1100,room-1702515
7262,,,4736,no,12,580,room,Furnished,,room-1702512
7263,,,4829,no,21,370,room,Unfurnished,370,room-1702506
7264,,,5129,no,21,790,room,Furnished,,room-1702499
7265,,,2343,no,20,900,studio,Furnished,900,studio-1702507
7266,,,3318,no,10,750,room,Furnished,,room-1702504
7267,,,1893,no,102,1500,apartment,Unfurnished,,apartment-1702490
7268,,,5130,no,12,340,room,Uncarpeted,,room-1702572
7269,,,3135,no,9,400,room,Furnished,800,room-1702571
7270,,,5131,no,18,393,room,Unfurnished,,room-1702567
7271,,,5132,no,8,525,room,Furnished,,room-1702564
7272,,,4666,no,14,300,room,Furnished,300,room-1702566
7273,,,5133,no,16,590,room,Furnished,,room-1702565
7274,,,5134,no,80,1100,apartment,Furnished,2200,apartment-1702527
7275,,,5135,no,16,450,room,Furnished,450,room-1702548
7276,,,5136,no,12,490,room,Uncarpeted,450,room-1702543
7277,,,4277,no,9,295,room,Unfurnished,295,room-1622809
7278,,,5003,no,75,750,apartment,Furnished,500,apartment-1702521
7279,,,5137,no,20,500,room,Furnished,,room-1702510
7280,,,5138,no,75,1100,apartment,Furnished,1100,apartment-1702500
7281,,,5139,no,22,419,room,Furnished,,room-1702492
7282,,,5140,no,21,315,room,Uncarpeted,315,room-1702488
7283,,,3545,no,14,600,room,Furnished,600,room-1702483
7284,,,3318,no,22,1100,room,Furnished,700,room-1702485
7285,,,1686,no,14,625,room,Unfurnished,610,room-1702481
7286,,,5141,no,60,975,apartment,Furnished,,apartment-1702501
7287,,,5142,no,11,510,room,Unfurnished,525,room-1702474
7288,,,2975,no,12,550,room,Unfurnished,,room-1702471
7289,,,5143,no,65,875,apartment,Furnished,400,apartment-1702498
7290,,,5143,no,55,850,apartment,Furnished,400,apartment-1702493
7291,,,3117,no,16,595,room,Furnished,150,room-1702489
7292,,,5144,no,20,450,room,Furnished,,room-1702476
7293,,,5145,no,30,525,apartment,Unfurnished,,apartment-1702469
7294,,,4734,no,18,600,room,Unfurnished,,room-1702461
7295,,,1595,no,75,1600,apartment,Furnished,1600,apartment-1702452
7296,,,5146,no,11,475,room,Unfurnished,475,room-1702448
7297,,,4697,no,17,475,room,Unfurnished,,room-1702449
7298,,,2167,no,30,995,studio,Furnished,,studio-1702445
7299,,,1032,no,60,1000,apartment,Furnished,,apartment-1702444
7300,,,5147,no,15,695,room,Furnished,,room-1702442
7301,,,5148,no,14,700,room,Furnished,700,room-1702467
7302,,,1648,no,50,1500,apartment,Furnished,,apartment-1702436
7303,,,1977,no,14,335,room,Unfurnished,,room-1702429
7304,,,1811,no,16,375,room,Unfurnished,,room-1702428
7305,,,1811,no,15,360,room,Unfurnished,,room-1702427
7306,,,5149,no,12,400,room,Furnished,,room-1702424
7307,,,5150,no,22,730,room,Furnished,750,room-1702420
7308,,,5151,no,40,1300,apartment,Furnished,750,apartment-1702458
7309,,,5150,no,28,900,room,Furnished,900,room-1702415
7310,,,2762,no,18,315,room,Unfurnished,,room-1702417
7311,,,1831,yes,25,450,studio,Furnished,450,studio-1702463
7312,,,5152,no,30,630,room,Uncarpeted,630,room-1702416
7313,,,1232,no,20,500,room,Furnished,,room-1702406
7314,,,5153,no,21,350,room,Unfurnished,,room-1702392
7315,,,5154,no,50,635,apartment,Unfurnished,915,apartment-1702391
7316,,,2655,no,31,390,room,Unfurnished,600,room-1702390
7317,,,2411,no,27,325,room,Unfurnished,525,room-1702389
7318,,,4202,no,90,1395,apartment,Furnished,,apartment-1702386
7319,,,5155,no,16,475,room,Unfurnished,,room-1702382
7320,,,5155,no,16,475,room,Unfurnished,,room-1702381
7321,,,5155,no,12,350,room,Unfurnished,,room-1702380
7322,,,4469,no,32,649,studio,Unfurnished,,studio-1702379
7323,,,2594,no,20,450,room,Furnished,400,room-1702459
7324,,,5156,no,14,550,room,Unfurnished,,room-1702367
7325,,,5157,no,16,450,room,Uncarpeted,,room-1702363
7326,,,5158,no,18,800,room,Furnished,,room-1702360
7327,,,5146,no,120,1415,apartment,Unfurnished,1415,apartment-1702357
7328,,,5159,no,50,1500,apartment,Furnished,1500,apartment-1702457
7329,,,5160,no,10,700,room,Furnished,350,room-1702342
7330,,,5161,no,16,635,room,Furnished,,room-1702340
7331,,,1082,no,15,850,room,Furnished,850,room-1702339
7332,,,4883,no,65,1250,apartment,Furnished,1295,apartment-1702451
7333,,,5068,no,14,365,room,Uncarpeted,362,room-1702440
7334,,,5162,no,69,1250,apartment,Unfurnished,,apartment-1702419
7335,,,5163,no,45,1000,apartment,Furnished,,apartment-1702412
7336,,,3611,no,20,400,room,Furnished,,room-1702409
7337,,,5164,no,10,750,room,Unfurnished,750,room-1702335
7338,,,5165,no,65,1250,apartment,Uncarpeted,,apartment-1702401
7339,,,5166,no,65,700,apartment,Furnished,,apartment-1702400
7340,,,3948,no,80,1200,apartment,Furnished,1200,apartment-1702399
7341,,,5167,no,22,465,room,Unfurnished,465,room-1702327
7342,,,5165,no,65,1250,apartment,Unfurnished,,apartment-1702328
7343,,,3178,no,35,875,apartment,Furnished,,apartment-1702325
7344,,,2879,no,9,750,room,Furnished,700,room-1702188
7345,,,2000,no,51,710,apartment,,,apartment-1702385
7346,,,5168,no,30,650,room,,,room-1702384
7347,,,5169,no,180,4500,apartment,Furnished,,apartment-1702377
7348,,,5170,no,50,950,apartment,Unfurnished,,apartment-1702376
7349,,,5171,no,39,950,apartment,Uncarpeted,,apartment-1702366
7350,,,5172,no,50,1200,apartment,Furnished,,apartment-1702627
7351,,,1012,no,18,425,room,Unfurnished,1100,room-1702718
7352,,,1011,no,22,500,room,Unfurnished,1000,room-1702716
7353,,,5173,no,40,650,room,Unfurnished,750,room-1702664
7354,,,5174,no,15,450,room,Unfurnished,900,room-1702607
7355,,,5175,no,12,540,room,Furnished,,room-1702791
7356,,,1370,no,20,650,room,Furnished,,room-1702737
7357,,,1373,no,17,450,room,Uncarpeted,450,room-1702782
7358,,,5176,no,10,350,room,Unfurnished,,room-1702779
7359,,,5177,no,10,350,room,Furnished,350,room-1702735
7360,,,3176,no,50,750,room,Furnished,,room-1702774
7361,,,5178,no,18,500,room,Furnished,,room-1702772
7362,,,2338,no,38,850,apartment,Furnished,,apartment-1702637
7363,,,5179,no,11,600,room,Uncarpeted,,room-1702763
7364,,,1856,no,57,1200,apartment,Furnished,,apartment-1702767
7365,,,5180,no,70,2250,apartment,Uncarpeted,4500,apartment-1702764
7366,,,2314,no,11,300,room,Uncarpeted,,room-1702783
7367,,,1333,no,55,1125,apartment,Unfurnished,,apartment-1702748
7368,,,5181,no,24,615,room,Uncarpeted,615,room-1702744
7369,,,5182,no,15,525,room,Furnished,525,room-1702741
7370,,,1681,no,9,405,room,Furnished,200,room-1702778
7371,,,5183,no,12,490,room,Uncarpeted,,room-1702777
7372,,,5103,no,10,700,room,Furnished,750,room-1702775
7373,,,2854,no,18,460,studio,Uncarpeted,460,studio-1702773
7374,,,2597,no,9,340,room,Unfurnished,600,room-1702771
7375,,,5184,no,12,560,room,Unfurnished,250,room-1702728
7376,,,5185,no,10,295,room,Furnished,295,room-1702761
7377,,,5186,no,20,590,room,Unfurnished,525,room-1702757
7378,,,5187,no,12,495,room,Furnished,495,room-1702755
7379,,,5188,no,20,335,room,Unfurnished,,room-1702754
7380,,,2948,yes,20,525,studio,Furnished,525,studio-1702745
7381,,,3303,no,7,600,room,Furnished,1200,room-1702747
7382,,,5189,no,16,650,room,Unfurnished,,room-1702740
7383,,,5190,no,50,1000,apartment,Furnished,,apartment-1702729
7384,,,5191,no,11,530,room,Unfurnished,,room-1702725
7385,,,5190,no,50,1000,apartment,Furnished,,apartment-1702727
7386,,,5192,no,39,600,apartment,Furnished,600,apartment-1702719
7387,,,2773,no,16,550,room,Furnished,,room-1702717
7388,,,5193,no,12,425,room,Unfurnished,425,room-1702713
7389,,,3528,no,26,445,room,Uncarpeted,,room-1702710
7390,,,1052,no,40,1350,apartment,Furnished,,apartment-1702709
7391,,,5194,no,20,575,room,Unfurnished,575,room-1702702
7392,,,5194,no,20,500,room,Unfurnished,500,room-1702701
7393,,,5195,yes,20,600,room,Furnished,2000,room-1702692
7394,,,5154,no,50,635,apartment,Unfurnished,915,apartment-1702686
7395,,,5196,yes,25,650,apartment,Furnished,650,apartment-1702684
7396,,,1012,no,25,550,room,Unfurnished,1100,room-1702712
7397,,,5197,no,16,500,room,Furnished,,room-1702682
7398,,,2949,no,22,443,room,Unfurnished,443,room-1702657
7399,,,5198,no,20,600,room,Furnished,600,room-1702663
7400,,,4350,no,50,1450,apartment,Unfurnished,,apartment-1702680
7401,,,5058,no,14,870,room,Furnished,0,room-1702662
7402,,,4521,no,80,1695,apartment,Unfurnished,,apartment-1702675
7403,,,4521,no,85,1695,apartment,Unfurnished,,apartment-1702674
7404,,,5199,no,16,422,room,Unfurnished,,room-1702672
7405,,,5199,no,20,470,room,Unfurnished,,room-1702671
7406,,,5200,no,130,1500,apartment,Furnished,,apartment-1702670
7407,,,2019,yes,34,550,room,Furnished,550,room-1702660
7408,,,4103,no,14,500,room,Furnished,,room-1702658
7409,,,5201,no,15,570,room,Furnished,550,room-1702651
7410,,,5194,no,21,500,room,Unfurnished,500,room-1702693
7411,,,5202,no,41,1071,studio,Furnished,800,studio-1702652
7412,,,1006,no,22,1021,room,Furnished,,room-1702650
7413,,,5202,no,41,1055,studio,Furnished,800,studio-1702646
7414,,,5203,no,16,400,room,Furnished,250,room-1702644
7415,,,5204,no,52,1450,apartment,Furnished,1450,apartment-1702560
7416,,,4209,no,18,550,room,Furnished,800,room-1702689
7417,,,1327,no,12,200,room,Furnished,200,room-1702697
7418,,,5205,no,70,975,apartment,Furnished,1085,apartment-1702695
7419,,,5206,no,36,810,studio,Furnished,810,studio-1702690
7420,,,5207,no,12,300,room,Furnished,300,room-1702643
7421,,,1092,no,44,1200,apartment,Unfurnished,2000,apartment-1701709
7422,,,4750,no,20,495,room,Furnished,495,room-1702642
7423,,,2895,no,60,1400,apartment,Furnished,600,apartment-1702630
7424,,,5208,no,65,1150,apartment,Furnished,1150,apartment-1700521
7425,,,2650,no,26,495,room,Unfurnished,595,room-1702628
7426,,,5209,no,10,435,room,Furnished,435,room-1702629
7427,,,5210,no,50,1300,apartment,Unfurnished,1300,apartment-1702625
7428,,,5211,no,78,1095,apartment,Unfurnished,,apartment-1702613
7429,,,2592,no,28,500,room,Furnished,1000,room-1702606
7430,,,5212,no,120,1600,apartment,Furnished,,apartment-1702621
7431,,,5213,no,50,1550,apartment,Furnished,,apartment-1702620
7432,,,3723,no,57,1650,apartment,Furnished,,apartment-1702619
7433,,,5214,no,50,1350,apartment,Furnished,,apartment-1702618
7434,,,5215,no,140,2900,apartment,Unfurnished,,apartment-1702612
7435,,,5216,no,45,1480,apartment,Unfurnished,,apartment-1702611
7436,,,5217,no,16,350,room,Uncarpeted,,room-1702598
7437,,,3231,no,8,595,room,Furnished,595,room-1702604
7438,,,5218,no,22,465,room,Uncarpeted,,room-1702594
7439,,,2558,no,10,800,room,Uncarpeted,1400,room-1702597
7440,,,5219,no,18,550,room,Furnished,0,room-1702592
7441,,,5220,yes,30,600,room,Furnished,1100,room-1702593
7442,,,2776,no,20,599,room,Furnished,599,room-1702586
7443,,,5221,no,50,990,apartment,Furnished,400,apartment-1702563
7444,,,5077,yes,50,650,studio,Furnished,850,studio-1702255
7445,,,5222,no,16,580,room,Unfurnished,600,room-1703001
7446,,,4646,no,20,430,room,Unfurnished,430,room-1702988
7447,,,5223,no,19,425,room,Unfurnished,425,room-1702550
7448,,,1981,no,55,825,apartment,Furnished,400,apartment-1702953
7449,,,5224,no,17,390,room,Unfurnished,390,room-1702955
7450,,,3194,no,28,775,studio,Furnished,1600,studio-1702954
7451,,,3849,no,12,450,room,Unfurnished,350,room-1702943
7452,,,1127,no,20,600,room,Unfurnished,,room-1702950
7453,,,5225,no,18,380,room,Unfurnished,,room-1702944
7454,,,5226,no,7,475,room,Unfurnished,525,room-1702860
7455,,,5227,no,18,330,room,Unfurnished,330,room-1702926
7456,,,5228,no,79,1500,apartment,Unfurnished,3000,apartment-1702936
7457,,,5229,no,17,450,room,Uncarpeted,450,room-1702937
7458,,,5230,no,10,400,room,Unfurnished,20,room-1702934
7459,,,5231,no,25,900,studio,Furnished,900,studio-1702933
7460,,,3222,no,10,350,room,Uncarpeted,350,room-1702931
7461,,,2592,no,20,480,room,Furnished,960,room-1702928
7462,,,2592,no,36,480,room,Furnished,960,room-1702927
7463,,,2214,no,25,485,room,Unfurnished,485,room-1702925
7464,,,2543,no,15,310,room,Furnished,0,room-1702924
7465,,,5232,no,15,650,room,Furnished,975,room-1702923
7466,,,2585,no,20,900,room,Furnished,900,room-1702947
7467,,,5233,no,90,1200,apartment,Uncarpeted,1200,apartment-1702945
7468,,,5234,yes,22,650,studio,Furnished,650,studio-1702939
7469,,,3804,no,70,2000,apartment,Furnished,,apartment-1702935
7470,,,5235,no,13,310,room,Uncarpeted,310,room-1702932
7471,,,5236,no,16,395,room,Unfurnished,400,room-1702059
7472,,,5237,no,8,265,room,Furnished,0,room-1702921
7473,,,5238,no,20,184,room,Uncarpeted,400,room-1702912
7474,,,5239,no,11,500,room,Unfurnished,1000,room-1702903
7475,,,5240,no,15,350,room,Furnished,,room-1702914
7476,,,5232,no,10,525,room,Furnished,787,room-1702920
7477,,,5232,no,20,695,room,Furnished,,room-1702919
7478,,,5241,yes,40,700,apartment,Furnished,300,apartment-1702911
7479,,,5242,no,18,695,room,Furnished,695,room-1702910
7480,,,4499,yes,40,575,apartment,Furnished,575,apartment-1702917
7481,,,5243,no,17,650,room,Unfurnished,,room-1702904
7482,,,4332,no,85,1600,apartment,Furnished,,apartment-1702907
7483,,,3182,no,25,650,room,Unfurnished,650,room-1702899
7484,,,4221,no,24,500,room,Furnished,500,room-1702897
7485,,,1741,no,30,1100,studio,Furnished,1100,studio-1702884
7486,,,5244,no,120,1500,apartment,Furnished,1500,apartment-1702776
7487,,,3809,no,12,300,room,Unfurnished,,room-1702894
7488,,,5245,no,74,1300,apartment,Uncarpeted,,apartment-1702893
7489,,,2592,no,38,625,room,Furnished,1250,room-1702890
7490,,,5246,no,51,750,apartment,Furnished,850,apartment-1702861
7491,,,4364,no,14,850,room,Furnished,1500,room-1702888
7492,,,5247,no,13,375,room,Furnished,200,room-1702882
7493,,,5248,no,10,325,room,Uncarpeted,650,room-1702877
7494,,,5249,no,68,950,apartment,Unfurnished,,apartment-1702875
7495,,,5250,no,82,875,apartment,Unfurnished,,apartment-1702874
7496,,,3452,no,59,1675,apartment,Unfurnished,,apartment-1702873
7497,,,5251,no,10,500,room,Uncarpeted,,room-1702866
7498,,,4817,no,25,800,room,Furnished,900,room-1702863
7499,,,5252,no,13,750,room,Uncarpeted,,room-1702859
7500,,,5252,no,12,800,room,Uncarpeted,,room-1702857
7501,,,3059,no,11,300,room,Unfurnished,300,room-1702852
7502,,,3403,no,8,375,room,Unfurnished,500,room-1702895
7503,,,5253,no,15,550,room,Furnished,,room-1702853
7504,,,5254,no,9,275,room,Unfurnished,,room-1702891
7505,,,5255,no,15,440,room,Uncarpeted,,room-1702850
7506,,,5254,no,12,500,room,Furnished,,room-1702885
7507,,,4315,no,16,500,room,Furnished,450,room-1702881
7508,,,5097,no,16,350,room,Furnished,200,room-1702730
7509,,,5256,no,50,750,apartment,Furnished,,apartment-1702849
7510,,,5257,no,15,500,room,Furnished,300,room-1702847
7511,,,5258,no,10,319,room,Uncarpeted,150,room-1702846
7512,,,1463,no,26,619,apartment,Unfurnished,,apartment-1702836
7513,,,5259,no,75,1050,apartment,Unfurnished,,apartment-1702845
7514,,,2307,no,51,892,apartment,,,apartment-1702838
7515,,,5260,no,75,1850,apartment,Furnished,,apartment-1702833
7516,,,5261,no,70,1750,apartment,Furnished,,apartment-1702832
7517,,,5262,no,150,3000,apartment,Unfurnished,,apartment-1702831
7518,,,4489,no,50,1200,apartment,Furnished,,apartment-1702830
7519,,,2699,no,85,1060,apartment,Uncarpeted,,apartment-1702829
7520,,,5263,no,25,455,apartment,Uncarpeted,,apartment-1702828
7521,,,1333,no,55,1095,apartment,Unfurnished,,apartment-1702824
7522,,,5264,no,16,400,room,Furnished,,room-1702814
7523,,,5265,no,55,785,studio,Furnished,785,studio-1702806
7524,,,3971,no,99,1800,apartment,Unfurnished,1800,apartment-1702805
7525,,,5266,no,18,417,room,Uncarpeted,400,room-1702800
7526,,,5267,no,64,998,apartment,Furnished,600,apartment-1702787
7527,,,3359,no,44,895,apartment,Uncarpeted,,apartment-1702790
7528,,,2812,no,75,1200,apartment,Furnished,1200,apartment-1702815
7529,,,5268,no,15,370,room,Furnished,300,room-1702813
7530,,,5269,no,18,416,room,Uncarpeted,417,room-1702809
7531,,,4656,no,12,699,room,Furnished,699,room-1702792
7532,,,2596,no,40,1250,studio,Furnished,1300,studio-1702802
7533,,,2074,no,15,340,room,Unfurnished,300,room-1703158
7534,,,4532,no,20,575,room,Furnished,575,room-1703156
7535,,,2902,no,23,360,room,Unfurnished,,room-1703125
7536,,,5270,no,12,1100,room,Uncarpeted,1100,room-1703145
7537,,,5271,yes,20,610,room,Uncarpeted,610,room-1703141
7538,,,2848,no,16,900,room,Furnished,,room-1703139
7539,,,4498,no,10,350,room,Unfurnished,,room-1703134
7540,,,2849,no,16,290,room,Unfurnished,,room-1703135
7541,,,5272,no,18,460,room,Uncarpeted,,room-1703130
7542,,,3117,no,25,650,room,Furnished,1000,room-1703146
7543,,,1134,no,12,315,room,Unfurnished,315,room-1703147
7544,,,4432,no,46,950,apartment,Unfurnished,1990,apartment-1703144
7545,,,5273,no,8,500,room,Unfurnished,0,room-1703126
7546,,,1417,no,14,560,room,Furnished,560,room-1703124
7547,,,1417,no,7,530,room,Furnished,530,room-1703127
7548,,,5274,no,15,600,room,Furnished,750,room-1703112
7549,,,5275,no,25,465,room,Unfurnished,650,room-1703103
7550,,,5276,no,30,400,room,Unfurnished,0,room-1703113
7551,,,5277,no,16,330,room,Uncarpeted,330,room-1703111
7552,,,5230,no,16,450,room,Furnished,100,room-1703105
7553,,,5278,no,16,490,room,Unfurnished,490,room-1703096
7554,,,2228,no,14,320,room,Uncarpeted,,room-1703100
7555,,,5279,no,11,265,room,Uncarpeted,,room-1703092
7556,,,4728,no,90,850,apartment,Unfurnished,,apartment-1703091
7557,,,3030,no,40,1490,studio,Furnished,2400,studio-1703054
7558,,,5280,no,160,1200,apartment,Furnished,1500,apartment-1703114
7559,,,5281,no,40,1300,room,Furnished,800,room-1702808
7560,,,5282,no,30,490,studio,Unfurnished,490,studio-1703102
7561,,,3225,no,16,380,room,Uncarpeted,380,room-1703097
7562,,,3431,no,45,850,apartment,Furnished,1700,apartment-1703095
7563,,,5283,no,9,750,room,Unfurnished,1500,room-1703088
7564,,,4911,no,60,900,apartment,Unfurnished,,apartment-1703079
7565,,,5284,no,142,3950,apartment,Furnished,,apartment-1703070
7566,,,5285,no,71,1435,apartment,Furnished,,apartment-1703068
7567,,,2851,no,31,595,apartment,Unfurnished,,apartment-1703066
7568,,,5286,no,84,1195,apartment,Unfurnished,,apartment-1703063
7569,,,5287,no,10,350,room,Furnished,,room-1703062
7570,,,2324,yes,20,250,room,Unfurnished,,room-1703057
7571,,,2817,no,14,650,room,Furnished,,room-1703055
7572,,,3539,no,24,570,room,Unfurnished,,room-1703048
7573,,,5288,no,7,675,room,Furnished,500,room-1703046
7574,,,1640,no,24,642,room,Unfurnished,680,room-1703043
7575,,,5289,no,46,750,apartment,Furnished,,apartment-1703041
7576,,,1173,no,22,650,room,Furnished,,room-1703037
7577,,,5290,no,30,600,room,Unfurnished,,room-1703038
7578,,,1742,no,12,420,room,Furnished,800,room-1703035
7579,,,5291,no,80,2500,apartment,Unfurnished,,apartment-1703032
7580,,,5292,no,55,1350,apartment,Unfurnished,,apartment-1703031
7581,,,3629,no,55,1100,apartment,Unfurnished,,apartment-1703029
7582,,,5293,no,22,520,studio,Unfurnished,,studio-1703028
7583,,,3629,no,40,718,apartment,Unfurnished,,apartment-1703027
7584,,,5294,no,35,775,apartment,Unfurnished,,apartment-1703026
7585,,,5294,no,45,795,apartment,Unfurnished,,apartment-1703025
7586,,,4037,no,44,500,apartment,Unfurnished,,apartment-1703024
7587,,,2919,no,35,714,apartment,Unfurnished,,apartment-1703023
7588,,,1083,no,10,260,room,Unfurnished,210,room-1703010
7589,,,1731,yes,30,675,room,Furnished,,room-1703008
7590,,,5295,no,11,260,room,Unfurnished,,room-1703000
7591,,,5296,no,22,1250,room,Furnished,1250,room-1703007
7592,,,3654,no,16,625,room,Furnished,625,room-1703006
7593,,,5297,no,12,425,room,Unfurnished,,room-1703004
7594,,,5298,no,12,296,room,Furnished,,room-1702995
7595,,,3831,yes,22,640,studio,Unfurnished,,studio-1702998
7596,,,5299,no,7,480,room,Furnished,480,room-1703061
7597,,,1239,no,15,351,room,Uncarpeted,,room-1702996
7598,,,5300,no,70,1150,apartment,Furnished,750,apartment-1702994
7599,,,5301,no,60,1250,apartment,Furnished,,apartment-1702990
7600,,,1775,no,18,495,room,Unfurnished,,room-1702982
7601,,,5302,no,20,800,apartment,Uncarpeted,30,apartment-1702981
7602,,,5303,no,21,780,studio,Furnished,850,studio-1703060
7603,,,5304,no,22,650,room,Uncarpeted,,room-1702980
7604,,,5305,no,9,350,room,Unfurnished,350,room-1702974
7605,,,4058,no,10,450,room,Unfurnished,450,room-1702978
7606,,,4959,no,15,365,room,Uncarpeted,0,room-1702977
7607,,,2214,no,15,350,room,Uncarpeted,350,room-1702976
7608,,,5306,no,6,340,room,Furnished,680,room-1702972
7609,,,5307,no,14,375,room,Unfurnished,400,room-1703058
7610,,,5308,no,14,345,room,Unfurnished,,room-1702971
7611,,,5273,no,8,500,room,Unfurnished,0,room-1702967
7612,,,5309,no,13,500,room,Furnished,500,room-1702964
7613,,,1994,no,10,475,room,Uncarpeted,390,room-1702959
7614,,,5310,no,14,350,room,Uncarpeted,350,room-1702957
7615,,,5311,no,11,580,room,Furnished,,room-1703052
7616,,,2473,yes,25,680,studio,Unfurnished,500,studio-1703040
7617,,,5312,no,20,750,room,Furnished,0,room-1703045
7618,,,5313,no,185,2750,apartment,Unfurnished,,apartment-1703030
7619,,,5125,no,51,1700,apartment,Furnished,,apartment-1703020
7620,,,5314,no,23,540,room,Unfurnished,,room-1703019
7621,,,5290,no,25,600,room,Furnished,600,room-1703014
7622,,,5315,no,57,1200,apartment,Furnished,1200,apartment-1700330
7623,,,1006,no,17,857,room,Furnished,857,room-1703290
7624,,,2986,no,70,1450,apartment,Unfurnished,2900,apartment-1703232
7625,,,5316,no,16,700,room,Furnished,700,room-1703192
7626,,,4888,no,12,440,room,Unfurnished,,room-1703309
7627,,,1563,no,25,750,room,Furnished,300,room-1703303
7628,,,5317,yes,31,580,studio,Unfurnished,580,studio-1703304
7629,,,3892,no,8,280,room,Unfurnished,,room-1703300
7630,,,5318,yes,55,700,apartment,Uncarpeted,1400,apartment-1703298
7631,,,5319,no,75,1800,apartment,Furnished,1800,apartment-1703295
7632,,,5320,yes,24,660,studio,Furnished,,studio-1703264
7633,,,2849,no,16,290,room,Unfurnished,,room-1703294
7634,,,3202,no,75,750,apartment,Unfurnished,,apartment-1703211
7635,,,5321,no,20,985,room,Furnished,985,room-1703280
7636,,,4712,no,12,375,room,Unfurnished,,room-1703279
7637,,,2341,no,45,850,apartment,Furnished,1500,apartment-1703283
7638,,,3331,no,15,680,room,Unfurnished,,room-1703281
7639,,,4094,no,57,1600,apartment,Furnished,,apartment-1703274
7640,,,1402,no,17,550,room,Unfurnished,550,room-1703276
7641,,,4678,no,90,1195,apartment,Unfurnished,2390,apartment-1703273
7642,,,4305,no,14,385,room,Uncarpeted,,room-1703271
7643,,,5322,no,32,1000,apartment,Unfurnished,1200,apartment-1703268
7644,,,4942,no,30,780,room,Furnished,,room-1703269
7645,,,5323,no,90,1500,apartment,Unfurnished,1500,apartment-1703261
7646,,,3171,no,19,1300,room,Furnished,,room-1703256
7647,,,5324,no,14,350,room,Unfurnished,,room-1703252
7648,,,5325,no,95,1260,room,Uncarpeted,1260,room-1703239
7649,,,4683,no,13,650,room,Furnished,650,room-1703248
7650,,,4034,no,102,789,apartment,Furnished,,apartment-1703247
7651,,,4058,no,10,450,room,Unfurnished,450,room-1703241
7652,,,5232,no,10,525,room,Furnished,,room-1703245
7653,,,5232,no,20,695,room,Furnished,,room-1703244
7654,,,5232,no,15,650,room,Furnished,,room-1703242
7655,,,3536,yes,35,700,studio,Furnished,300,studio-1703234
7656,,,5326,no,16,1000,room,Furnished,0,room-1703230
7657,,,5146,no,120,1415,apartment,Unfurnished,,apartment-1703229
7658,,,5327,no,35,950,apartment,Furnished,950,apartment-1703220
7659,,,5328,no,15,970,room,Furnished,1800,room-1703223
7660,,,5139,no,10,500,room,Uncarpeted,2000,room-1703215
7661,,,3616,no,7,400,room,Furnished,,room-1703217
7662,,,5329,no,10,265,room,Uncarpeted,265,room-1460990
7663,,,3669,no,15,500,room,Unfurnished,,room-1703213
7664,,,5330,no,10,550,room,Uncarpeted,1000,room-1703208
7665,,,3171,no,19,1113,room,Furnished,1113,room-1703196
7666,,,4197,no,22,435,room,Furnished,,room-1703278
7667,,,5331,no,22,475,room,Furnished,475,room-1703284
7668,,,5332,no,27,460,room,Unfurnished,,room-1703282
7669,,,4452,no,11,650,room,Furnished,650,room-1703266
7670,,,1026,no,55,1350,apartment,Furnished,2000,apartment-1703262
7671,,,4004,no,9,745,room,Furnished,1490,room-1703254
7672,,,5333,no,8,350,room,Uncarpeted,500,room-1703246
7673,,,5334,no,10,350,room,Unfurnished,350,room-1703236
7674,,,5335,no,11,350,room,Unfurnished,0,room-1703233
7675,,,5336,no,8,200,room,Unfurnished,400,room-1703231
7676,,,4096,no,30,650,room,Furnished,750,room-1703224
7677,,,5337,no,12,450,room,Unfurnished,,room-1703225
7678,,,4096,no,25,625,room,Furnished,725,room-1703199
7679,,,5338,no,12,680,room,Furnished,680,room-1703219
7680,,,5339,no,16,270,room,Uncarpeted,,room-1703214
7681,,,3948,no,80,1200,apartment,Furnished,1200,apartment-1703201
7682,,,5340,no,20,650,room,Furnished,650,room-1703194
7683,,,5341,no,10,320,room,Unfurnished,,room-1703142
7684,,,3519,yes,32,555,apartment,Uncarpeted,555,apartment-1703190
7685,,,5342,no,12,650,room,Furnished,650,room-1703181
7686,,,3555,no,14,400,room,Uncarpeted,,room-1703189
7687,,,4985,no,27,745,studio,Furnished,1490,studio-1703193
7688,,,4221,no,20,500,room,Furnished,500,room-1703186
7689,,,5343,no,6,450,room,Furnished,500,room-1687130
7690,,,5344,no,40,1525,apartment,Furnished,1400,apartment-1703180
7691,,,1281,no,20,650,room,Furnished,,room-1703182
7692,,,4867,no,16,790,room,Furnished,400,room-1703177
7693,,,5345,no,24,320,room,Furnished,50,room-1703170
7694,,,5346,no,19,700,room,Furnished,700,room-1703174
7695,,,3527,no,9,345,room,Furnished,,room-1703175
7696,,,5347,no,42,600,room,Furnished,600,room-1703172
7697,,,5348,no,18,490,room,Furnished,500,room-1703187
7698,,,4661,no,75,800,room,Furnished,,room-1703179
7699,,,2802,no,50,1500,apartment,Furnished,3000,apartment-1703178
7700,,,5349,no,23,350,room,Furnished,0,room-1703176
7701,,,5350,no,12,700,room,Furnished,650,room-1703164
7702,,,3540,no,70,1500,apartment,Furnished,,apartment-1703157
7703,,,5351,no,25,440,room,Furnished,500,room-1703153
7704,,,2881,no,85,1375,apartment,Furnished,,apartment-1703154
7705,,,5352,no,13,450,room,Furnished,450,room-1703152
7706,,,5353,no,8,450,room,Uncarpeted,0,room-1703151
7707,,,5353,no,20,500,room,Furnished,,room-1703143
7708,,,5354,no,10,350,room,Furnished,350,room-1703168
7709,,,5355,no,33,600,apartment,Uncarpeted,,apartment-1703166
7710,,,5356,no,16,700,room,Unfurnished,750,room-1703538
7711,,,5357,no,18,650,room,Unfurnished,650,room-1702557
7712,,,3803,no,19,350,room,Uncarpeted,525,room-1703556
7713,,,5358,no,12,300,room,Uncarpeted,,room-1703344
7714,,,5359,no,18,400,room,Unfurnished,,room-1703548
7715,,,5360,no,30,630,apartment,Unfurnished,1260,apartment-1703543
7716,,,5361,no,13,400,room,Unfurnished,350,room-1703534
7717,,,1869,no,8,195,room,Uncarpeted,195,room-1703541
7718,,,5362,no,18,550,room,Unfurnished,750,room-1703513
7719,,,5363,no,14,445,room,Unfurnished,400,room-1703531
7720,,,5364,no,10,480,room,Unfurnished,,room-1703533
7721,,,5365,no,18,650,room,Unfurnished,1300,room-1703524
7722,,,5366,no,16,426,room,Unfurnished,500,room-1703518
7723,,,5367,no,20,600,room,Furnished,600,room-1703525
7724,,,5368,yes,34,625,apartment,Unfurnished,625,apartment-1703520
7725,,,1728,no,18,320,room,Unfurnished,320,room-1703519
7726,,,4618,no,9,600,room,Furnished,,room-1703521
7727,,,5369,no,14,504,room,Furnished,504,room-1703507
7728,,,1038,no,9,475,room,Furnished,475,room-1703509
7729,,,5370,no,12,750,room,Unfurnished,,room-1703432
7730,,,5371,no,24,525,room,Furnished,525,room-1703508
7731,,,5372,no,20,550,room,Unfurnished,550,room-1703475
7732,,,4012,no,50,800,room,Furnished,500,room-1703502
7733,,,4221,no,10,390,room,Unfurnished,390,room-1703503
7734,,,5373,no,14,825,room,Furnished,1200,room-1703315
7735,,,5374,no,25,380,room,Unfurnished,,room-1703499
7736,,,2851,no,7,425,room,Uncarpeted,850,room-1703495
7737,,,2851,no,12,450,room,Furnished,0,room-1703491
7738,,,2851,no,10,450,room,Uncarpeted,900,room-1703489
7739,,,5375,no,16,800,studio,Uncarpeted,,studio-1703486
7740,,,5376,no,38,1000,apartment,Unfurnished,1000,apartment-1703481
7741,,,3066,yes,25,600,studio,Unfurnished,600,studio-1703482
7742,,,5377,no,16,950,room,Furnished,800,room-1703477
7743,,,3631,no,90,1595,apartment,Furnished,,apartment-1703473
7744,,,5378,no,25,850,room,Furnished,850,room-1703456
7745,,,2728,no,22,499,room,Furnished,,room-1703467
7746,,,1173,no,22,650,room,Furnished,,room-1703466
7747,,,5379,no,13,850,room,Unfurnished,850,room-1703462
7748,,,5380,no,100,2800,apartment,Furnished,5360,apartment-1703461
7749,,,4911,no,25,395,room,Uncarpeted,395,room-1703544
7750,,,1531,yes,28,550,room,Furnished,750,room-1703453
7751,,,5381,no,43,945,studio,Unfurnished,1890,studio-1703450
7752,,,5382,no,34,545,room,Furnished,545,room-1703447
7753,,,5383,no,14,400,room,Unfurnished,0,room-1703452
7754,,,5384,no,21,750,studio,Furnished,0,studio-1703441
7755,,,5385,no,12,350,room,Furnished,,room-1703443
7756,,,5386,no,12,600,room,Furnished,,room-1703438
7757,,,1560,no,14,730,room,Furnished,730,room-1703437
7758,,,5387,no,10,600,room,Unfurnished,,room-1703539
7759,,,5146,no,120,1315,apartment,Unfurnished,1315,apartment-1703430
7760,,,5388,no,20,460,room,Unfurnished,460,room-1703536
7761,,,5389,no,29,850,apartment,Unfurnished,1700,apartment-1703517
7762,,,5390,no,18,375,room,Unfurnished,,room-1703426
7763,,,5391,no,9,375,room,Furnished,308,room-1703514
7764,,,5392,no,15,475,room,Furnished,475,room-1703516
7765,,,4800,no,35,583,room,Uncarpeted,600,room-1703515
7766,,,1556,yes,22,625,studio,Unfurnished,625,studio-1703427
7767,,,5393,no,50,850,apartment,Unfurnished,850,apartment-1703425
7768,,,5394,no,76,1195,apartment,Furnished,1195,apartment-1703410
7769,,,5184,no,12,560,room,Unfurnished,250,room-1703411
7770,,,5395,no,16,360,room,Unfurnished,,room-1703408
7771,,,3535,no,14,450,room,Furnished,100,room-1703402
7772,,,2874,no,15,500,room,Furnished,500,room-1703400
7773,,,2070,no,16,650,room,Furnished,,room-1703401
7774,,,1092,no,120,1695,apartment,Furnished,,apartment-1698963
7775,,,5396,no,8,850,room,Furnished,800,room-1703506
7776,,,4086,no,22,420,room,Unfurnished,800,room-1703496
7777,,,1317,no,15,750,room,Furnished,1500,room-1703394
7778,,,5397,no,13,325,room,Unfurnished,,room-1703390
7779,,,2058,no,95,1950,apartment,Unfurnished,3900,apartment-1703476
7780,,,5398,no,40,840,apartment,Unfurnished,840,apartment-1703463
7781,,,5399,no,30,800,room,Unfurnished,800,room-1703459
7782,,,2659,no,20,502,room,Unfurnished,1006,room-1703449
7783,,,5400,no,15,390,room,Unfurnished,700,room-1703444
7784,,,3667,no,12,250,room,Unfurnished,250,room-1703440
7785,,,5401,no,100,1080,apartment,Uncarpeted,1080,apartment-1703436
7786,,,5402,no,9,500,room,Furnished,200,room-1703429
7787,,,5403,no,12,410,room,Furnished,410,room-1703416
7788,,,1955,no,15,374,room,Unfurnished,374,room-1703421
7789,,,4708,no,38,625,studio,Furnished,1250,studio-1703419
7790,,,2214,no,15,450,room,Furnished,450,room-1703422
7791,,,1395,no,14,800,room,Furnished,500,room-1703417
7792,,,5404,no,11,600,room,Furnished,600,room-1703409
7793,,,5268,no,15,370,room,Furnished,300,room-1703407
7794,,,5405,no,6,750,room,Furnished,1000,room-1703404
7795,,,5406,no,15,350,room,Unfurnished,450,room-1703398
7796,,,4114,no,9,260,room,Uncarpeted,0,room-1703385
7797,,,5299,no,16,295,room,Unfurnished,450,room-1703389
7798,,,4376,no,19,290,room,Unfurnished,290,room-1703391
7799,,,1806,no,27,1500,studio,Furnished,1500,studio-1703347
7800,,,4376,no,18,290,room,Unfurnished,290,room-1703382
7801,,,2185,no,15,450,room,Furnished,600,room-1703387
7802,,,2185,no,11,435,room,Furnished,600,room-1703386
7803,,,1802,no,79,1500,apartment,Furnished,,apartment-1703380
7804,,,3437,no,15,675,apartment,Furnished,450,apartment-1703378
7805,,,5407,no,35,600,studio,Furnished,,studio-1703358
7806,,,1802,no,79,1500,apartment,Furnished,,apartment-1703381
7807,,,5408,no,20,600,room,Furnished,600,room-1703370
7808,,,5409,no,28,395,room,Unfurnished,455,room-1703343
7809,,,4073,no,21,550,room,Unfurnished,,room-1703356
7810,,,4073,no,21,550,room,Unfurnished,,room-1703352
7811,,,4027,no,119,950,apartment,Unfurnished,,apartment-1703350
7812,,,1806,no,25,1645,studio,Furnished,1500,studio-1703345
7813,,,5410,no,13,825,room,Furnished,1000,room-1703334
7814,,,3766,no,12,290,room,Unfurnished,,room-1703336
7815,,,1630,no,14,780,room,Unfurnished,,room-1703332
7816,,,2325,no,15,950,room,Unfurnished,,room-1703335
7817,,,2593,no,10,200,room,Unfurnished,200,room-1703373
7818,,,5411,no,85,1000,apartment,Unfurnished,2200,apartment-1703369
7819,,,4255,no,15,550,room,Furnished,700,room-1703360
7820,,,5412,no,10,600,room,Furnished,,room-1692683
7821,,,1114,no,110,1500,apartment,Furnished,,apartment-1703107
7822,,,5150,no,28,1300,studio,Furnished,1300,studio-1703330
7823,,,5150,no,30,1380,studio,Furnished,1300,studio-1703324
7824,,,4786,no,20,700,room,Furnished,,room-1703326
7825,,,4533,no,17,600,room,Furnished,600,room-1703328
7826,,,5413,no,8,700,room,Furnished,700,room-1703138
7827,,,3730,no,13,310,room,Uncarpeted,,room-1703329
7828,,,1214,no,25,475,room,Unfurnished,,room-1703323
7829,,,5327,no,35,950,studio,Furnished,2375,studio-1703220
7830,,,5414,no,10,600,room,Furnished,,room-1703169
7831,,,5247,no,13,375,apartment,Furnished,200,apartment-1702882
7832,,,5415,no,20,750,studio,Unfurnished,1500,studio-1703639
7833,,,1006,no,17,871,room,Furnished,871,room-1703605
7834,,,5416,no,20,875,room,Furnished,1750,room-1703800
7835,,,5417,no,30,775,room,Furnished,1550,room-1703795
7836,,,5418,no,40,1100,apartment,Furnished,1000,apartment-1583729
7837,,,5154,no,14,600,room,Furnished,,room-1703787
7838,,,3910,no,10,400,room,Furnished,0,room-1703783
7839,,,5419,no,14,440,room,Furnished,440,room-1703781
7840,,,2818,no,15,330,room,Uncarpeted,,room-1703776
7841,,,1708,no,31,474,room,Unfurnished,900,room-1703770
7842,,,4479,no,55,800,apartment,Furnished,400,apartment-1703761
7843,,,4942,no,30,780,room,Furnished,,room-1703771
7844,,,3568,no,8,490,room,Furnished,500,room-1703765
7845,,,2578,no,13,340,room,Uncarpeted,,room-1703753
7846,,,5420,no,15,400,room,Furnished,,room-1703746
7847,,,5421,no,14,580,room,Furnished,350,room-1703745
7848,,,5422,no,25,1250,studio,Furnished,2500,studio-1703511
7849,,,1239,no,17,368,room,Uncarpeted,368,room-1703738
7850,,,2870,no,12,750,room,Furnished,,room-1703742
7851,,,4073,no,21,550,room,Unfurnished,,room-1703740
7852,,,1759,no,14,290,room,Uncarpeted,,room-1703733
7853,,,5423,no,10,550,room,Unfurnished,550,room-1703728
7854,,,5424,no,20,765,studio,Unfurnished,,studio-1703727
7855,,,4341,no,30,1000,room,Unfurnished,,room-1703722
7856,,,5425,no,65,975,apartment,Furnished,975,apartment-1703716
7857,,,5426,no,89,1595,apartment,Furnished,3390,apartment-1703715
7858,,,5427,no,48,1195,apartment,Unfurnished,,apartment-1703712
7859,,,2817,no,14,600,room,Furnished,,room-1703713
7860,,,3150,yes,27,508,studio,Furnished,750,studio-1665250
7861,,,5428,no,14,410,room,Furnished,410,room-1703706
7862,,,5429,no,13,338,room,Furnished,,room-1673445
7863,,,2380,no,65,1750,apartment,Unfurnished,4500,apartment-1703705
7864,,,5430,no,50,1450,apartment,Furnished,1450,apartment-1703696
7865,,,5431,no,20,550,room,Unfurnished,550,room-1703699
7866,,,5016,no,14,725,room,Unfurnished,1000,room-1703700
7867,,,5432,no,12,300,room,Uncarpeted,300,room-1703697
7868,,,3372,yes,15,475,studio,Furnished,475,studio-1703750
7869,,,5433,no,50,1125,apartment,Furnished,1125,apartment-1703748
7870,,,1993,no,14,800,room,Furnished,800,room-1703680
7871,,,3181,no,17,530,room,Unfurnished,,room-1703676
7872,,,1811,no,17,375,room,Uncarpeted,375,room-1703672
7873,,,5434,no,18,500,room,Unfurnished,,room-1703673
7874,,,3653,no,11,280,room,Uncarpeted,280,room-1703671
7875,,,2702,no,20,450,room,Uncarpeted,450,room-1703670
7876,,,2074,no,15,340,room,Unfurnished,300,room-1703743
7877,,,5435,no,22,490,room,Furnished,490,room-1703729
7878,,,5436,no,18,475,room,Unfurnished,475,room-1703732
7879,,,5437,no,10,450,room,Furnished,450,room-1703717
7880,,,2782,no,12,475,room,Furnished,475,room-1703726
7881,,,5438,no,24,425,room,Unfurnished,425,room-1703723
7882,,,3667,no,11,174,room,Unfurnished,174,room-1703714
7883,,,2781,no,11,320,room,Furnished,,room-1703702
7884,,,1520,no,45,815,apartment,Unfurnished,,apartment-1703703
7885,,,5439,no,106,1200,apartment,Unfurnished,2400,apartment-1703694
7886,,,5440,no,23,508,room,Unfurnished,1016,room-1703687
7887,,,5441,no,16,225,room,Uncarpeted,,room-1703688
7888,,,5442,no,15,400,room,Uncarpeted,400,room-1703674
7889,,,5434,no,25,485,room,Uncarpeted,485,room-1342991
7890,,,5443,no,16,575,room,Furnished,1150,room-1703660
7891,,,5444,no,30,720,room,Furnished,,room-1703661
7892,,,5445,no,73,895,apartment,Furnished,985,apartment-1703647
7893,,,5446,no,65,1000,apartment,Furnished,1000,apartment-1703658
7894,,,5447,no,12,335,room,Unfurnished,335,room-1703653
7895,,,5447,no,9,250,room,Unfurnished,250,room-1702633
7896,,,2614,no,124,2150,apartment,Furnished,,apartment-1703642
7897,,,5448,no,65,1000,apartment,Unfurnished,,apartment-1703641
7898,,,4391,no,70,1195,apartment,Unfurnished,,apartment-1703636
7899,,,5449,no,60,995,apartment,Furnished,1500,apartment-1703631
7900,,,5450,no,140,2250,apartment,Furnished,2500,apartment-1703632
7901,,,5217,no,75,925,apartment,Unfurnished,,apartment-1703629
7902,,,5450,yes,40,710,studio,Unfurnished,,studio-1703628
7903,,,5451,yes,35,700,studio,Unfurnished,,studio-1703627
7904,,,5452,no,20,600,room,Uncarpeted,100,room-1703624
7905,,,2538,no,12,650,room,Unfurnished,600,room-1703650
7906,,,5453,no,20,700,room,Furnished,0,room-1703561
7907,,,5454,no,68,1295,apartment,Furnished,,apartment-1703638
7908,,,5455,no,50,975,apartment,Furnished,,apartment-1703637
7909,,,5181,no,24,610,room,Uncarpeted,615,room-1703630
7910,,,3750,no,25,555,room,Uncarpeted,480,room-1703622
7911,,,5456,no,60,1500,apartment,Unfurnished,1500,apartment-1703617
7912,,,1240,no,17,950,room,Furnished,300,room-1703568
7913,,,3894,no,60,750,apartment,Furnished,,apartment-1703612
7914,,,5457,no,25,750,room,Uncarpeted,,room-1703611
7915,,,1865,no,24,435,room,Unfurnished,,room-1703606
7916,,,5457,no,25,750,room,Uncarpeted,,room-1703607
7917,,,5458,no,11,325,room,Unfurnished,325,room-1703600
7918,,,5459,no,13,410,room,Unfurnished,566,room-1703602
7919,,,5460,no,35,400,room,Furnished,400,room-1703601
7920,,,3894,no,60,750,apartment,Furnished,,apartment-1703597
7921,,,5459,no,13,407,room,Unfurnished,566,room-1703592
7922,,,5461,no,18,400,room,Furnished,0,room-1703596
7923,,,5462,no,40,495,studio,Unfurnished,,studio-1703584
7924,,,5463,no,90,1100,apartment,Unfurnished,,apartment-1703582
7925,,,4753,no,8,345,room,Uncarpeted,,room-1703567
7926,,,5464,no,75,990,apartment,Furnished,990,apartment-1703603
7927,,,1006,no,22,896,studio,Furnished,869,studio-1703565
7928,,,4753,no,11,375,room,Uncarpeted,,room-1703564
7929,,,3195,no,24,475,room,Unfurnished,475,room-1703562
7930,,,5465,no,32,900,apartment,Furnished,,apartment-1703557
7931,,,5466,no,79,1060,apartment,Furnished,2120,apartment-1703497
7932,,,1502,no,30,450,room,Uncarpeted,900,room-1703591
7933,,,5467,no,85,710,apartment,,,apartment-1703581
7934,,,1374,no,28,525,room,,,room-1703580
7935,,,5216,no,45,1480,apartment,Furnished,,apartment-1703577
7936,,,4312,no,200,2000,apartment,Furnished,,apartment-1703576
7937,,,1158,no,41,530,room,Uncarpeted,,room-1703575
7938,,,5468,no,25,465,apartment,Uncarpeted,,apartment-1703574
7939,,,1847,no,108,1095,apartment,Uncarpeted,,apartment-1703573
7940,,,5469,no,42,875,apartment,Uncarpeted,,apartment-1703572
7941,,,5470,no,10,500,room,Furnished,450,room-1703563
7942,,,5471,no,12,725,room,Furnished,595,room-1703498
7943,,,5472,no,12,770,room,Furnished,1440,room-1703794
7944,,,5473,no,10,300,room,Uncarpeted,0,room-1704049
7945,,,5474,no,32,1100,studio,Furnished,2000,studio-1704038
7946,,,5475,no,9,330,room,Furnished,,room-1704036
7947,,,5476,no,12,550,room,Unfurnished,1100,room-1704041
7948,,,5477,no,12,290,room,Unfurnished,220,room-1704033
7949,,,5478,no,10,600,room,Unfurnished,1200,room-1704025
7950,,,5479,no,13,360,room,Uncarpeted,,room-1704018
7951,,,5480,no,18,319,room,Furnished,,room-1704017
7952,,,4058,no,10,450,room,Unfurnished,450,room-1704023
7953,,,5193,no,12,425,room,Unfurnished,425,room-1704021
7954,,,5481,no,11,260,room,Uncarpeted,190,room-1704010
7955,,,5482,no,11,500,room,Furnished,,room-1704014
7956,,,5483,no,15,600,room,Furnished,1200,room-1704008
7957,,,5484,no,19,385,room,Furnished,,room-1703996
7958,,,5485,no,12,580,room,Furnished,1160,room-1703993
7959,,,5486,no,16,200,room,Furnished,,room-1703998
7960,,,5336,no,19,350,room,Unfurnished,700,room-1703994
7961,,,5487,no,16,550,room,Unfurnished,,room-1703991
7962,,,5488,no,45,1250,apartment,Uncarpeted,1250,apartment-1703987
7963,,,5489,no,7,175,room,Furnished,,room-1703985
7964,,,5121,no,17,610,studio,Furnished,1350,studio-1703986
7965,,,5121,no,17,610,studio,Furnished,,studio-1703982
7966,,,5490,no,85,995,apartment,Uncarpeted,850,apartment-1703970
7967,,,4984,no,18,900,room,Furnished,900,room-1703973
7968,,,1173,no,22,650,room,Furnished,,room-1703967
7969,,,1535,no,14,550,room,Furnished,,room-1703959
7970,,,5491,no,16,750,room,Furnished,500,room-1703964
7971,,,2896,no,16,365,room,Uncarpeted,,room-1703377
7972,,,1803,no,16,375,room,Uncarpeted,,room-1703961
7973,,,4119,no,8,200,room,Furnished,700,room-1703951
7974,,,2578,no,13,340,room,Uncarpeted,,room-1703947
7975,,,5492,no,18,475,room,Furnished,225,room-1703955
7976,,,5493,no,73,1561,apartment,Unfurnished,1561,apartment-1703938
7977,,,5195,no,20,600,room,Unfurnished,1800,room-1703932
7978,,,3683,no,30,750,studio,Furnished,1500,studio-1703954
7979,,,5494,no,28,525,room,Unfurnished,1050,room-1703930
7980,,,5495,no,20,1300,room,Furnished,1300,room-1703906
7981,,,4332,no,85,1600,apartment,Furnished,,apartment-1703923
7982,,,1704,no,8,215,room,Unfurnished,0,room-1703953
7983,,,5496,no,70,1100,room,Furnished,1100,room-1638335
7984,,,3170,no,15,1500,room,Furnished,,room-1703921
7985,,,3170,no,15,1500,room,Furnished,,room-1703920
7986,,,5497,no,13,420,room,Furnished,,room-1703912
7987,,,5498,no,25,235,anti-kraak,Uncarpeted,300,anti-squat-1703950
7988,,,4829,no,40,400,apartment,Furnished,400,apartment-1703902
7989,,,5499,no,66,1750,apartment,Unfurnished,3800,apartment-1703904
7990,,,5500,no,12,330,room,Furnished,0,room-1703897
7991,,,5501,no,10,320,room,Unfurnished,320,room-1703899
7992,,,5502,no,25,775,room,Furnished,,room-1703900
7993,,,4279,no,16,409,room,Unfurnished,319,room-1703891
7994,,,5503,no,17,600,room,Unfurnished,600,room-1703888
7995,,,5504,no,16,675,room,Furnished,675,room-1703944
7996,,,5505,no,46,1600,apartment,Furnished,1600,apartment-1703871
7997,,,5506,no,14,350,room,Unfurnished,,room-1703886
7998,,,4121,no,70,1575,apartment,Furnished,,apartment-1703883
7999,,,2049,no,18,410,room,Uncarpeted,410,room-1703941
8000,,,4390,no,65,875,apartment,Unfurnished,,apartment-1703877
8001,,,4736,no,12,580,room,Furnished,0,room-1703933
8002,,,5507,no,50,1200,apartment,Unfurnished,,apartment-1703875
8003,,,5508,no,22,490,room,Uncarpeted,980,room-1703928
8004,,,2213,yes,29,500,studio,Unfurnished,,studio-1703931
8005,,,5509,no,15,345,room,Unfurnished,345,room-1703917
8006,,,5510,no,18,1000,room,Furnished,1000,room-1703919
8007,,,4576,no,35,1250,apartment,Furnished,1250,apartment-1703708
8008,,,5511,yes,102,575,apartment,Unfurnished,575,apartment-1703773
8009,,,5512,no,14,308,room,Unfurnished,308,room-1703913
8010,,,1373,no,10,350,room,Unfurnished,700,room-1703896
8011,,,5513,no,62,975,room,Furnished,500,room-1703898
8012,,,5514,no,22,800,room,Furnished,800,room-1703866
8013,,,1054,no,30,650,room,Unfurnished,650,room-1703865
8014,,,3816,no,13,725,room,Furnished,,room-1703860
8015,,,5515,no,70,1050,apartment,Furnished,1275,apartment-1703858
8016,,,2823,no,16,775,room,Furnished,,room-1703855
8017,,,4058,no,10,450,room,Unfurnished,450,room-1703852
8018,,,4399,no,52,1350,apartment,Unfurnished,,apartment-1703846
8019,,,5473,no,10,300,room,Uncarpeted,0,room-1703845
8020,,,5516,no,15,550,room,Furnished,550,room-1703842
8021,,,5166,no,16,495,room,Furnished,200,room-1703876
8022,,,3629,no,40,719,apartment,Unfurnished,,apartment-1703827
8023,,,5517,no,25,540,studio,Unfurnished,,studio-1703826
8024,,,1922,no,26,570,studio,Unfurnished,,studio-1703825
8025,,,1616,no,160,1295,apartment,Unfurnished,,apartment-1703862
8026,,,5518,no,54,695,apartment,Unfurnished,,apartment-1703822
8027,,,4442,no,49,1000,apartment,Furnished,250,apartment-1703821
8028,,,5519,no,40,730,studio,Unfurnished,730,studio-1703817
8029,,,1051,no,75,1375,apartment,Furnished,,apartment-1703816
8030,,,1327,no,15,865,room,Furnished,,room-1703815
8031,,,1916,no,36,895,apartment,Unfurnished,,apartment-1703814
8032,,,5520,no,9,500,room,Furnished,500,room-1703861
8033,,,3290,no,18,625,room,Furnished,,room-1703802
8034,,,3553,yes,33,705,studio,Uncarpeted,,studio-1703801
8035,,,4614,no,11,350,room,Unfurnished,350,room-1703796
8036,,,5521,no,15,615,room,Uncarpeted,,room-1703799
8037,,,3311,no,14,600,room,Furnished,,room-1703797
8038,,,5522,no,15,600,room,Unfurnished,,room-1703793
8039,,,5356,no,16,700,room,Unfurnished,,room-1703791
8040,,,5523,no,44,890,apartment,Unfurnished,,apartment-1703789
8041,,,5524,no,13,369,room,Unfurnished,738,room-1703784
8042,,,5525,no,13,455,room,Furnished,,room-1703785
8043,,,5526,no,70,869,apartment,Unfurnished,,apartment-1703775
8044,,,2195,no,11,800,room,Furnished,,room-1703779
8045,,,3150,no,42,895,studio,Furnished,895,studio-1703523
8046,,,5527,no,34,825,room,Furnished,825,room-1703848
8047,,,5309,no,12,500,room,Furnished,500,room-1703774
8048,,,5528,no,100,1500,apartment,Unfurnished,1500,apartment-1703322
8049,,,5529,no,45,1400,apartment,Unfurnished,,apartment-1703835
8050,,,5530,no,62,1490,apartment,Furnished,,apartment-1703834
8051,,,3119,no,35,675,room,,,room-1703830
8052,,,3687,no,11,400,room,Furnished,400,room-1703820
8053,,,3182,no,14,600,room,Unfurnished,600,room-1703663
8054,,,3099,no,12,440,room,Furnished,420,room-1703625
8055,,,5380,yes,17,450,room,Furnished,,room-1703461
8056,,,5531,no,11,275,room,Unfurnished,0,room-1705276
8057,,,1384,no,10,300,room,Furnished,200,room-1705274
8058,,,3781,no,9,425,room,Furnished,,room-1705270
8059,,,5532,no,9,400,room,Furnished,500,room-1705264
8060,,,5533,no,24,365,room,Unfurnished,,room-1705249
8061,,,3797,no,43,1375,apartment,Furnished,,apartment-1705251
8062,,,5534,no,80,1800,apartment,Furnished,,apartment-1705212
8063,,,5535,no,24,485,room,Unfurnished,,room-1705243
8064,,,5536,no,33,1500,studio,Furnished,4500,studio-1705241
8065,,,5537,no,12,795,room,Unfurnished,,room-1705242
8066,,,1522,no,16,293,room,Uncarpeted,250,room-1705237
8067,,,5537,no,12,795,room,Unfurnished,1400,room-1705235
8068,,,4372,no,14,500,room,Uncarpeted,500,room-1705229
8069,,,3802,no,10,750,room,Furnished,,room-1705232
8070,,,5538,no,10,290,room,Uncarpeted,290,room-1705222
8071,,,5538,no,6,185,room,Uncarpeted,185,room-1705221
8072,,,3072,no,8,315,room,Unfurnished,450,room-1705209
8073,,,5539,no,18,330,room,Uncarpeted,330,room-1705194
8074,,,5540,no,75,1500,apartment,Furnished,,apartment-1705204
8075,,,5541,no,20,500,room,Unfurnished,,room-1705203
8076,,,5542,no,29,650,room,Furnished,600,room-1705238
8077,,,2468,no,15,600,room,Furnished,650,room-1705227
8078,,,5543,no,11,700,room,Unfurnished,700,room-1705218
8079,,,3053,no,20,850,room,Furnished,1700,room-1705193
8080,,,4225,no,23,585,room,Furnished,568,room-1705200
8081,,,3796,no,8,350,room,Furnished,316,room-1705199
8082,,,5544,no,26,530,studio,Furnished,530,studio-1705178
8083,,,5545,no,35,1375,apartment,Furnished,,apartment-1705183
8084,,,1993,no,14,800,room,Furnished,,room-1705175
8085,,,1425,no,17,800,room,Furnished,1500,room-1705174
8086,,,5546,no,16,300,room,Furnished,,room-1705169
8087,,,2336,no,15,270,room,Uncarpeted,270,room-1705158
8088,,,3205,no,25,1000,room,Furnished,,room-1705164
8089,,,5547,no,30,585,room,Furnished,585,room-1705156
8090,,,4119,no,8,220,room,Furnished,700,room-1705155
8091,,,5548,no,16,530,room,Furnished,500,room-1705150
8092,,,1051,no,75,1375,apartment,Furnished,1275,apartment-1705148
8093,,,5233,no,90,1200,apartment,Uncarpeted,1200,apartment-1705189
8094,,,5549,no,10,295,room,Unfurnished,,room-1705186
8095,,,4692,no,65,870,apartment,Uncarpeted,1740,apartment-1705180
8096,,,2046,no,11,270,room,Unfurnished,,room-1705179
8097,,,5550,no,75,1100,apartment,Unfurnished,1500,apartment-1705171
8098,,,3004,yes,30,710,studio,Unfurnished,1420,studio-1705147
8099,,,1231,no,13,550,room,Unfurnished,550,room-1705172
8100,,,5551,no,45,950,room,Furnished,,room-1705167
8101,,,5552,no,15,500,room,Unfurnished,1000,room-1705165
8102,,,5553,no,12,290,room,Uncarpeted,290,room-1705159
8103,,,5554,no,50,1075,apartment,Unfurnished,2450,apartment-1705149
8104,,,4192,no,11,310,room,Uncarpeted,,room-1705146
8105,,,5555,no,28,900,studio,Uncarpeted,500,studio-1705141
8106,,,5556,no,23,435,room,Furnished,,room-1705143
8107,,,5557,no,64,975,apartment,Uncarpeted,975,apartment-1705145
8108,,,4717,no,20,299,room,Unfurnished,299,room-1705139
8109,,,5558,no,14,400,room,Uncarpeted,,room-1705118
8110,,,4391,no,70,1195,apartment,Unfurnished,,apartment-1705122
8111,,,3079,no,115,1295,apartment,Unfurnished,,apartment-1705121
8112,,,5559,no,60,1200,apartment,Furnished,,apartment-1705120
8113,,,5431,no,20,550,room,Unfurnished,550,room-1705115
8114,,,2014,no,20,600,room,Furnished,600,room-1705113
8115,,,4971,no,44,450,room,Uncarpeted,,room-1705126
8116,,,3344,no,20,415,room,Unfurnished,415,room-1705116
8117,,,3098,no,14,590,room,Unfurnished,1020,room-1705105
8118,,,4058,no,10,450,room,Unfurnished,450,room-1705106
8119,,,3568,no,10,510,room,Furnished,510,room-1705103
8120,,,5560,no,6,385,room,Uncarpeted,770,room-1705101
8121,,,5561,no,50,350,anti-kraak,Furnished,200,anti-squat-1705108
8122,,,5562,no,15,350,room,Unfurnished,390,room-1705107
8123,,,1771,no,35,690,apartment,Unfurnished,,apartment-1705075
8124,,,5563,no,38,744,apartment,Unfurnished,,apartment-1705074
8125,,,2586,no,35,525,apartment,Unfurnished,,apartment-1705073
8126,,,3015,no,35,750,apartment,Unfurnished,,apartment-1705072
8127,,,5564,no,15,498,room,Unfurnished,,room-1705068
8128,,,5565,no,120,2695,apartment,Furnished,2695,apartment-1705104
8129,,,1001,no,50,545,room,Unfurnished,645,room-1705066
8130,,,5390,no,13,325,room,Unfurnished,325,room-1705095
8131,,,1220,no,75,1250,apartment,Uncarpeted,1250,apartment-1705092
8132,,,4879,no,80,1750,apartment,Furnished,,apartment-1705090
8133,,,3906,no,55,1600,apartment,Furnished,,apartment-1705088
8134,,,1788,no,90,2150,apartment,Furnished,,apartment-1705087
8135,,,1789,no,85,2750,apartment,Furnished,,apartment-1705086
8136,,,1789,no,85,2950,apartment,Furnished,,apartment-1705085
8137,,,2249,no,159,3950,apartment,Unfurnished,,apartment-1705084
8138,,,2598,no,176,3450,apartment,Furnished,,apartment-1705083
8139,,,5566,no,30,695,room,,,room-1705077
8140,,,5566,no,28,650,room,,,room-1705076
8141,,,5170,no,50,950,apartment,Unfurnished,,apartment-1705069
8142,,,2167,no,30,995,studio,Furnished,,studio-1705061
8143,,,1897,no,20,900,room,Furnished,,room-1705062
8144,,,3083,no,9,253,room,Unfurnished,378,room-1705054
8145,,,2813,no,35,650,room,Furnished,,room-1705052
8146,,,5567,no,10,450,room,Uncarpeted,450,room-1704052
8147,,,5273,no,8,500,room,Unfurnished,,room-1704050
8148,,,5568,no,47,1100,apartment,Furnished,1300,apartment-1704048
8149,,,3764,no,20,1400,room,Unfurnished,2000,room-1704047
8150,,,5569,no,28,1100,studio,Furnished,2000,studio-1704051
8151,,,5484,no,21,495,room,Furnished,990,room-1703988
8152,,,5570,no,31,853,apartment,Furnished,853,apartment-1703981
8153,,,1863,no,12,373,room,Uncarpeted,,room-1703976
8154,,,1473,no,15,485,room,Uncarpeted,,room-1703979
8155,,,5571,no,20,600,room,Furnished,600,room-1703969
8156,,,5572,no,20,455,room,Unfurnished,455,room-1704013
8157,,,3582,no,15,400,room,Unfurnished,,room-1704015
8158,,,5573,no,14,350,room,Furnished,,room-1704005
8159,,,2147,no,16,950,room,Furnished,,room-1704002
8160,,,3814,no,12,250,room,Furnished,,room-1703990
8161,,,4576,no,35,1250,room,Furnished,1250,room-1703708
8162,,,3703,no,21,625,room,Furnished,,room-1705300
8163,,,5574,no,12,400,room,Furnished,400,room-1705525
8164,,,4847,no,15,405,room,Furnished,405,room-1705520
8165,,,2295,no,16,750,room,Furnished,500,room-1705515
8166,,,3506,no,28,690,room,Furnished,,room-1705513
8167,,,5575,no,50,895,apartment,Unfurnished,895,apartment-1705508
8168,,,5395,no,16,360,room,Unfurnished,,room-1705509
8169,,,4058,no,10,450,room,Unfurnished,450,room-1705097
8170,,,5576,no,32,550,room,Furnished,550,room-1705502
8171,,,5577,no,35,580,studio,Unfurnished,,studio-1705501
8172,,,5578,no,14,645,room,Furnished,1400,room-1705496
8173,,,5107,no,20,425,room,Furnished,850,room-1705492
8174,,,2588,no,15,700,room,Furnished,,room-1705480
8175,,,2588,no,15,700,room,Furnished,,room-1705479
8176,,,2998,no,41,792,apartment,Unfurnished,792,apartment-1705477
8177,,,5579,no,50,880,apartment,Unfurnished,880,apartment-1705476
8178,,,5579,no,59,1025,apartment,Unfurnished,1025,apartment-1705475
8179,,,2259,yes,24,637,studio,Unfurnished,637,studio-1705473
8180,,,5580,no,23,550,room,Unfurnished,,room-1705474
8181,,,1051,no,32,875,room,Furnished,875,room-1705468
8182,,,2312,no,15,730,room,Unfurnished,0,room-1705214
8183,,,5022,no,95,2200,apartment,Unfurnished,,apartment-1705519
8184,,,1126,no,17,650,room,Furnished,,room-1699802
8185,,,2461,no,10,300,room,Furnished,300,room-1705470
8186,,,5581,no,30,600,room,Unfurnished,600,room-1705466
8187,,,3334,no,70,1100,studio,Furnished,,studio-1705463
8188,,,1613,no,9,250,room,Furnished,250,room-1705464
8189,,,5582,no,16,600,room,Furnished,600,room-1705457
8190,,,5583,no,7,400,room,Unfurnished,400,room-1705458
8191,,,5584,no,22,850,studio,Uncarpeted,,studio-1705454
8192,,,5585,no,14,700,room,Furnished,700,room-1705425
8193,,,3683,no,30,2000,studio,Furnished,,studio-1705431
8194,,,5586,no,18,650,room,Furnished,650,room-1705507
8195,,,2585,no,20,950,room,Furnished,950,room-1701966
8196,,,2830,no,12,560,room,Uncarpeted,,room-1705503
8197,,,1883,no,80,1400,apartment,Unfurnished,2800,apartment-1705498
8198,,,5587,no,10,485,room,Unfurnished,,room-1705495
8199,,,1759,no,14,290,room,Uncarpeted,,room-1705491
8200,,,5588,no,65,1000,apartment,Unfurnished,1000,apartment-1705486
8201,,,5244,no,25,850,room,Furnished,850,room-1705428
8202,,,5589,no,30,680,room,Furnished,625,room-1705426
8203,,,4372,no,16,600,room,Uncarpeted,600,room-1705424
8204,,,5590,no,11,249,room,Uncarpeted,,room-1705421
8205,,,5591,no,20,410,room,Uncarpeted,,room-1705423
8206,,,5592,yes,40,500,apartment,Furnished,500,apartment-1705418
8207,,,2520,no,20,400,room,Unfurnished,,room-1705478
8208,,,5593,no,15,800,room,Furnished,,room-1705409
8209,,,5594,no,22,550,room,Furnished,,room-1705462
8210,,,1682,no,25,520,studio,Unfurnished,,studio-1705436
8211,,,1463,no,23,549,studio,Unfurnished,,studio-1705437
8212,,,5595,no,45,995,apartment,Unfurnished,,apartment-1705438
8213,,,4589,no,51,1195,apartment,Furnished,,apartment-1705439
8214,,,5596,no,62,1600,apartment,Unfurnished,,apartment-1705443
8215,,,5597,no,93,1500,apartment,Unfurnished,,apartment-1705444
8216,,,3713,no,75,1395,apartment,Unfurnished,,apartment-1705445
8217,,,5598,no,65,1250,apartment,Unfurnished,,apartment-1705447
8218,,,5599,no,35,1450,apartment,Unfurnished,,apartment-1705448
8219,,,5600,no,86,1250,apartment,Unfurnished,,apartment-1705449
8220,,,5601,no,21,822,studio,Unfurnished,,studio-1705450
8221,,,5602,no,33,775,studio,Unfurnished,,studio-1705451
8222,,,5603,no,70,1595,apartment,,,apartment-1705452
8223,,,5603,no,70,1695,apartment,,,apartment-1705453
8224,,,5604,no,14,395,room,Furnished,,room-1705433
8225,,,5605,no,30,775,studio,Unfurnished,775,studio-1705422
8226,,,5606,no,11,330,room,Unfurnished,,room-1705420
8227,,,5607,no,18,800,studio,Furnished,0,studio-1705419
8228,,,5608,no,30,850,apartment,Unfurnished,1700,apartment-1705412
8229,,,1047,no,18,370,room,Unfurnished,370,room-1705407
8230,,,3941,yes,55,585,apartment,Uncarpeted,700,apartment-1705404
8231,,,4990,no,25,421,studio,Unfurnished,842,studio-1705405
8232,,,5195,no,20,595,room,Unfurnished,1800,room-1705403
8233,,,5609,no,12,800,room,Furnished,1000,room-1705396
8234,,,1173,no,22,650,room,Furnished,,room-1705386
8235,,,5610,no,12,600,room,Unfurnished,600,room-1705385
8236,,,1006,no,22,1021,room,Furnished,,room-1705380
8237,,,5045,no,28,875,studio,Furnished,875,studio-1705379
8238,,,3989,no,21,450,room,Uncarpeted,,room-1705381
8239,,,5611,no,26,495,room,Furnished,990,room-1705402
8240,,,5612,no,133,2300,apartment,Unfurnished,,apartment-1705375
8241,,,1560,no,75,1500,apartment,Furnished,,apartment-1705374
8242,,,5613,no,60,1700,apartment,Furnished,,apartment-1705373
8243,,,5614,no,85,2350,apartment,Furnished,,apartment-1705372
8244,,,5615,no,73,845,apartment,Unfurnished,,apartment-1705370
8245,,,3506,no,32,845,studio,Furnished,,studio-1705399
8246,,,4743,no,16,600,room,Furnished,,room-1705360
8247,,,5616,no,15,650,room,Uncarpeted,650,room-1705357
8248,,,5617,no,45,1175,apartment,Uncarpeted,1175,apartment-1705354
8249,,,4684,no,9,890,room,Furnished,,room-1705356
8250,,,5618,no,53,1500,apartment,Furnished,1300,apartment-1705350
8251,,,1802,no,79,1500,apartment,Furnished,,apartment-1705353
8252,,,5619,no,27,740,apartment,Unfurnished,1480,apartment-1705343
8253,,,5620,no,10,290,room,Uncarpeted,100,room-1705347
8254,,,1802,no,79,1500,apartment,Furnished,,apartment-1705349
8255,,,1802,no,79,1500,apartment,Furnished,,apartment-1705348
8256,,,4684,no,60,890,room,Furnished,890,room-1705345
8257,,,4094,no,57,1490,apartment,Furnished,,apartment-1705341
8258,,,4728,no,90,850,apartment,Unfurnished,,apartment-1705339
8259,,,4911,no,60,900,apartment,Unfurnished,,apartment-1705334
8260,,,4525,no,16,840,studio,Furnished,840,studio-1705323
8261,,,5621,no,40,1300,studio,Furnished,,studio-1705303
8262,,,4429,no,35,1300,studio,Furnished,,studio-1705298
8263,,,5622,no,15,590,room,Unfurnished,900,room-1704016
8264,,,5623,no,14,450,room,Unfurnished,450,room-1705301
8265,,,5624,no,90,1200,apartment,Furnished,500,apartment-1705293
8266,,,5625,no,22,465,room,Furnished,930,room-1705327
8267,,,4394,no,40,900,apartment,Unfurnished,,apartment-1705284
8268,,,5626,no,47,1300,apartment,Furnished,500,apartment-1705281
8269,,,5627,no,9,275,room,Furnished,230,room-1705278
8270,,,5402,no,9,500,room,Furnished,,room-1705280
8271,,,3697,no,12,800,room,Furnished,,room-1705275
8272,,,5628,no,14,210,room,Uncarpeted,,room-1705272
8273,,,5629,no,80,1950,apartment,Furnished,3950,apartment-1705056
8274,,,5630,no,18,425,room,Furnished,425,room-1705262
8275,,,5631,no,8,196,room,Furnished,,room-1705263
8276,,,4421,no,25,750,studio,Furnished,1500,studio-1705265
8277,,,5632,no,16,700,room,Furnished,400,room-1705261
8278,,,5633,no,12,450,room,Unfurnished,,room-1705257
8279,,,5634,no,40,1150,studio,Unfurnished,1150,studio-1705258
8280,,,5635,no,18,400,room,Furnished,,room-1705256
8281,,,5636,no,17,650,room,Furnished,,room-1705255
8282,,,5637,no,14,550,room,Unfurnished,550,room-1705250
8283,,,2048,no,9,730,room,Furnished,,room-1705253
8284,,,5638,no,21,406,room,,,room-1705313
8285,,,5639,no,13,325,room,,,room-1705312
8286,,,1929,no,19,435,room,,,room-1705311
8287,,,5640,no,25,575,room,,,room-1705310
8288,,,4740,no,15,1900,room,,,room-1705309
8289,,,5641,no,40,909,apartment,Furnished,,apartment-1705308
8290,,,5641,no,37,896,apartment,Unfurnished,,apartment-1705307
8291,,,5642,no,76,1200,apartment,Unfurnished,,apartment-1705306
8292,,,4160,no,12,330,room,Uncarpeted,330,room-1705291
8293,,,2213,yes,29,500,anti-kraak,Unfurnished,,anti-squat-1703931
8294,,,3117,no,13,595,apartment,Furnished,450,apartment-1702489
8295,,,2585,no,15,850,room,Furnished,850,room-1701967
8296,,,2585,no,20,950,room,Furnished,950,room-1701965
8297,,,5643,no,17,420,room,Uncarpeted,,room-1705685
8298,,,5028,no,20,650,room,Furnished,,room-1705676
8299,,,5644,no,25,650,room,Unfurnished,650,room-1705669
8300,,,5645,no,29,456,room,Unfurnished,912,room-1705660
8301,,,5646,no,20,600,room,Furnished,600,room-1705657
8302,,,5647,no,54,1050,apartment,Unfurnished,850,apartment-1705653
8303,,,5648,no,42,1550,studio,Furnished,1550,studio-1705654
8304,,,5649,no,21,695,room,Unfurnished,725,room-1705646
